<?xml version='1.0' encoding='utf-8'?>
<questestinterop xmlns="http://www.imsglobal.org/xsd/ims_qtiasiv1p2" xmlns:xsi="http://www.w3.org/2001/XMLSchema-instance" xsi:schemaLocation="http://www.imsglobal.org/xsd/ims_qtiasiv1p2 http://www.imsglobal.org/xsd/ims_qtiasiv1p2p1.xsd">
  <assessment ident="qti" title="One Force at an Angle with Kinetic Friction">
    <qtimetadata>
      <qtimetadatafield>
        <fieldlabel>cc_maxattempts</fieldlabel>
        <fieldentry>1</fieldentry>
      </qtimetadatafield>
    </qtimetadata>
    <section ident="root_section">
      <item ident="q1" title="Worker Pushing a Wooden Crate">
        <itemmetadata>
          <qtimetadata>
            <qtimetadatafield>
              <fieldlabel>question_type</fieldlabel>
              <fieldentry>numerical_question</fieldentry>
            </qtimetadatafield>
          </qtimetadata>
        </itemmetadata>
        <presentation>
          <material>
            <mattext texttype="text/plain">&lt;p&gt;A worker is pushing a wooden crate across a concrete floor at a uniform speed. 
The coefficient of kinetic friction between the crate and the floor is &amp;#x24;0.36&amp;#x24;. 
The worker applies a force at an angle of &amp;#x24;12.74&amp;#x5E;\circ&amp;#x24; downward with respect to the horizontal. 
The required force exerted is &amp;#x24;465.64&amp;#x24; N. The acceleration due to gravity is &amp;#x24;9.81&amp;#x24; m/s&amp;#xB2;.  &lt;/p&gt;
&lt;p&gt;Find the mass of the crate in kilograms. Round your answers to two decimal places.&lt;/p&gt;</mattext>
          </material>
          <response_str ident="RESPONSE_q1" rcardinality="Single">
            <render_fib fibtype="Decimal" prompt="Box">
              <response_label ident="answer"/>
            </render_fib>
          </response_str>
        </presentation>
        <resprocessing>
          <outcomes>
            <decvar maxvalue="3" minvalue="0" varname="SCORE" vartype="Decimal"/>
          </outcomes>
          <respcondition continue="No">
            <conditionvar>
              <or>
                <varequal respident="RESPONSE_q1" margin="3" margintype="percent">117.67</varequal>
                <and>
                  <vargte respident="RESPONSE_q1">114.1399</vargte>
                  <varlte respident="RESPONSE_q1">121.2001</varlte>
                </and>
              </or>
            </conditionvar>
            <setvar varname="SCORE" action="Set">3</setvar>
            <displayfeedback feedbacktype="Response" linkrefid="correct"/>
          </respcondition>
        </resprocessing>
        <itemfeedback ident="general_fb">
          <flow_mat>
            <material>
              <mattext texttype="text/plain">&lt;p&gt;First&amp;#x2C; notice that since the crate is moving at a constant velocity across a flat surface&amp;#x2C; its acceleration is zero in both the horizontal and vertical directions. According to Newton&amp;#x2019;s second law&amp;#x2C; the sum of forces in both directions must be zero.&lt;/p&gt;
&lt;p&gt;Next&amp;#x2C; we can define the positive &amp;#x24;x&amp;#x24;-direction as the direction of motion and the positive &amp;#x24;y&amp;#x24;-direction as pointing upward.&lt;/p&gt;
&lt;p&gt;We can then write down the force balance in the vertical direction:&lt;br /&gt;
[
\sum \vec{F_y} = N - mg - F \sin(\theta) = 0
]
where &amp;#x24;N&amp;#x24; is the normal force&amp;#x2C; &amp;#x24;m&amp;#x24; is the mass&amp;#x2C; &amp;#x24;g&amp;#x24; is the gravitational acceleration&amp;#x2C; and &amp;#x24;F&amp;#x24; is the applied force at an angle &amp;#x24;\theta&amp;#x24;.&lt;/p&gt;
&lt;p&gt;Similarly&amp;#x2C; for the horizontal direction:&lt;br /&gt;
[
\sum \vec{F_x} = F \cos(\theta) - f = 0
]
where &amp;#x24;f&amp;#x24; is the kinetic friction force.&lt;/p&gt;
&lt;p&gt;The friction force is given by:&lt;br /&gt;
[
f = \mu_k N
]
Substituting the expression for &amp;#x24;N&amp;#x24; from the vertical force equation:&lt;br /&gt;
[
N = mg &amp;#x2B; F \sin(\theta)
]
we get:&lt;br /&gt;
[
f = \mu_k (mg &amp;#x2B; F \sin(\theta))
]
Now&amp;#x2C; substituting &amp;#x24;f&amp;#x24; into the horizontal force equation:&lt;br /&gt;
[
F \cos(\theta) = \mu_k (mg &amp;#x2B; F \sin(\theta))
]
Solving for &amp;#x24;m&amp;#x24;:&lt;br /&gt;
[
m = \frac{F \cos(\theta)}{\mu_k g &amp;#x2B; \mu_k F \sin(\theta)}
]
Since the force is pointing downward&amp;#x2C; we note that &amp;#x24;\theta&amp;#x24; should be considered negative in calculations.&lt;/p&gt;</mattext>
            </material>
          </flow_mat>
        </itemfeedback>
        <itemfeedback ident="correct_fb">
          <flow_mat>
            <material>
              <mattext texttype="text/plain">&lt;p&gt;Good job&amp;#x21;&lt;/p&gt;</mattext>
            </material>
          </flow_mat>
        </itemfeedback>
        <itemfeedback ident="general_incorrect_fb">
          <flow_mat>
            <material>
              <mattext texttype="text/plain">&lt;p&gt;Try again&amp;#x21;&lt;/p&gt;</mattext>
            </material>
          </flow_mat>
        </itemfeedback>
      </item>
      <item ident="q2" title="Dog Pulling a Small Sled">
        <itemmetadata>
          <qtimetadata>
            <qtimetadatafield>
              <fieldlabel>question_type</fieldlabel>
              <fieldentry>numerical_question</fieldentry>
            </qtimetadatafield>
          </qtimetadata>
        </itemmetadata>
        <presentation>
          <material>
            <mattext texttype="text/plain">&lt;p&gt;A dog is pulling a small sled across an icy path at a steady speed. 
The coefficient of kinetic friction between the sled and the ice is &amp;#x24;0.59&amp;#x24;. 
The sled has a mass of &amp;#x24;10.21&amp;#x24; kg. 
The dog pulls the sled using a rope&amp;#x2C; which forms an angle of &amp;#x24;31.21&amp;#x5E;\circ&amp;#x24; with respect to the horizon. 
The acceleration due to gravity is &amp;#x24;9.81&amp;#x24; m/s&amp;#xB2;.  &lt;/p&gt;
&lt;p&gt;Determine the force exerted by the dog in Newtons. Round your answers to two decimal places.&lt;/p&gt;</mattext>
          </material>
          <response_str ident="RESPONSE_q2" rcardinality="Single">
            <render_fib fibtype="Decimal" prompt="Box">
              <response_label ident="answer"/>
            </render_fib>
          </response_str>
        </presentation>
        <resprocessing>
          <outcomes>
            <decvar maxvalue="3" minvalue="0" varname="SCORE" vartype="Decimal"/>
          </outcomes>
          <respcondition continue="No">
            <conditionvar>
              <or>
                <varequal respident="RESPONSE_q2" margin="3" margintype="percent">50.94</varequal>
                <and>
                  <vargte respident="RESPONSE_q2">49.4118</vargte>
                  <varlte respident="RESPONSE_q2">52.468199999999996</varlte>
                </and>
              </or>
            </conditionvar>
            <setvar varname="SCORE" action="Set">3</setvar>
            <displayfeedback feedbacktype="Response" linkrefid="correct"/>
          </respcondition>
        </resprocessing>
        <itemfeedback ident="general_fb">
          <flow_mat>
            <material>
              <mattext texttype="text/plain">&lt;p&gt;Since the sled is moving at a constant velocity&amp;#x2C; its acceleration is zero. By Newton&amp;#x2019;s second law&amp;#x2C; the sum of forces in both directions must add up to zero.&lt;/p&gt;
&lt;p&gt;We define the positive &amp;#x24;x&amp;#x24;-direction as the direction of motion and the positive &amp;#x24;y&amp;#x24;-direction as pointing upward.&lt;/p&gt;
&lt;p&gt;For the vertical forces:&lt;br /&gt;
[
\sum \vec{F_y} = N - mg &amp;#x2B; F \sin(\theta) = 0
]&lt;/p&gt;
&lt;p&gt;For the horizontal forces:&lt;br /&gt;
[
\sum \vec{F_x} = F \cos(\theta) - f = 0
]&lt;/p&gt;
&lt;p&gt;The friction force is:&lt;br /&gt;
[
f = \mu_k N
]
Substituting &amp;#x24;N&amp;#x24;:&lt;br /&gt;
[
N = mg - F \sin(\theta)
]
[
f = \mu_k (mg - F \sin(\theta))
]
Substituting this into the horizontal force balance:&lt;br /&gt;
[
F \cos(\theta) = \mu_k (mg - F \sin(\theta))
]
Solving for &amp;#x24;F&amp;#x24;:&lt;br /&gt;
[
F = \frac{\mu_k mg}{\cos(\theta) &amp;#x2B; \mu_k \sin(\theta)}
]&lt;/p&gt;</mattext>
            </material>
          </flow_mat>
        </itemfeedback>
        <itemfeedback ident="correct_fb">
          <flow_mat>
            <material>
              <mattext texttype="text/plain">&lt;p&gt;Good job&amp;#x21;&lt;/p&gt;</mattext>
            </material>
          </flow_mat>
        </itemfeedback>
        <itemfeedback ident="general_incorrect_fb">
          <flow_mat>
            <material>
              <mattext texttype="text/plain">&lt;p&gt;Try again&amp;#x21;&lt;/p&gt;</mattext>
            </material>
          </flow_mat>
        </itemfeedback>
      </item>
      <item ident="q3" title="Person Dragging a Backpack">
        <itemmetadata>
          <qtimetadata>
            <qtimetadatafield>
              <fieldlabel>question_type</fieldlabel>
              <fieldentry>numerical_question</fieldentry>
            </qtimetadatafield>
          </qtimetadata>
        </itemmetadata>
        <presentation>
          <material>
            <mattext texttype="text/plain">&lt;p&gt;A traveler is dragging a heavy backpack across an asphalt road at a constant speed. 
The coefficient of kinetic friction between the backpack and the ground is &amp;#x24;0.73&amp;#x24;. 
The person pulls the backpack at an angle of &amp;#x24;37.92&amp;#x5E;\circ&amp;#x24; upward with respect to the horizontal. 
The force applied by the traveler is &amp;#x24;59.81&amp;#x24; N. 
The acceleration due to gravity is &amp;#x24;9.81&amp;#x24; m/s&amp;#xB2;.  &lt;/p&gt;
&lt;p&gt;Calculate the mass of the backpack in kilograms. Round your answers to two decimal places.&lt;/p&gt;</mattext>
          </material>
          <response_str ident="RESPONSE_q3" rcardinality="Single">
            <render_fib fibtype="Decimal" prompt="Box">
              <response_label ident="answer"/>
            </render_fib>
          </response_str>
        </presentation>
        <resprocessing>
          <outcomes>
            <decvar maxvalue="3" minvalue="0" varname="SCORE" vartype="Decimal"/>
          </outcomes>
          <respcondition continue="No">
            <conditionvar>
              <or>
                <varequal respident="RESPONSE_q3" margin="3" margintype="percent">10.36</varequal>
                <and>
                  <vargte respident="RESPONSE_q3">10.049199999999999</vargte>
                  <varlte respident="RESPONSE_q3">10.6708</varlte>
                </and>
              </or>
            </conditionvar>
            <setvar varname="SCORE" action="Set">3</setvar>
            <displayfeedback feedbacktype="Response" linkrefid="correct"/>
          </respcondition>
        </resprocessing>
        <itemfeedback ident="general_fb">
          <flow_mat>
            <material>
              <mattext texttype="text/plain">&lt;p&gt;Since the backpack is moving at a constant velocity&amp;#x2C; Newton&amp;#x2019;s second law tells us that the forces must sum to zero in both directions.&lt;/p&gt;
&lt;p&gt;We define positive &amp;#x24;x&amp;#x24; as the direction of motion and positive &amp;#x24;y&amp;#x24; as the upward vertical direction.&lt;/p&gt;
&lt;p&gt;For vertical forces:&lt;br /&gt;
[
\sum \vec{F_y} = N - mg &amp;#x2B; F \sin(\theta) = 0
]&lt;/p&gt;
&lt;p&gt;For horizontal forces:&lt;br /&gt;
[
\sum \vec{F_x} = F \cos(\theta) - f = 0
]&lt;/p&gt;
&lt;p&gt;The friction force is:&lt;br /&gt;
[
f = \mu_k N
]
Substituting &amp;#x24;N&amp;#x24;:&lt;br /&gt;
[
N = mg - F \sin(\theta)
]
[
f = \mu_k (mg - F \sin(\theta))
]
Using the horizontal equation:&lt;br /&gt;
[
F \cos(\theta) = \mu_k (mg - F \sin(\theta))
]
Solving for &amp;#x24;m&amp;#x24;:&lt;br /&gt;
[
m = \frac{F \cos(\theta)}{\mu_k g &amp;#x2B; \mu_k F \sin(\theta)}
]&lt;/p&gt;</mattext>
            </material>
          </flow_mat>
        </itemfeedback>
        <itemfeedback ident="correct_fb">
          <flow_mat>
            <material>
              <mattext texttype="text/plain">&lt;p&gt;Good job&amp;#x21;&lt;/p&gt;</mattext>
            </material>
          </flow_mat>
        </itemfeedback>
        <itemfeedback ident="general_incorrect_fb">
          <flow_mat>
            <material>
              <mattext texttype="text/plain">&lt;p&gt;Try again&amp;#x21;&lt;/p&gt;</mattext>
            </material>
          </flow_mat>
        </itemfeedback>
      </item>
      <item ident="q4" title="Child Pushing a Toy Box">
        <itemmetadata>
          <qtimetadata>
            <qtimetadatafield>
              <fieldlabel>question_type</fieldlabel>
              <fieldentry>numerical_question</fieldentry>
            </qtimetadatafield>
          </qtimetadata>
        </itemmetadata>
        <presentation>
          <material>
            <mattext texttype="text/plain">&lt;p&gt;A child is pushing a toy box across a sandy playground at a uniform speed. 
The coefficient of kinetic friction between the toy box and the sand is &amp;#x24;0.40&amp;#x24;. 
The child applies a force of &amp;#x24;41.93&amp;#x24; N at an angle of &amp;#x24;32.04&amp;#x5E;\circ&amp;#x24; downward with respect to the horizontal. 
The acceleration due to gravity is &amp;#x24;9.81&amp;#x24; m/s&amp;#xB2;.  &lt;/p&gt;
&lt;p&gt;Determine the mass of the toy box in kilograms. Round your answers to two decimal places.&lt;/p&gt;</mattext>
          </material>
          <response_str ident="RESPONSE_q4" rcardinality="Single">
            <render_fib fibtype="Decimal" prompt="Box">
              <response_label ident="answer"/>
            </render_fib>
          </response_str>
        </presentation>
        <resprocessing>
          <outcomes>
            <decvar maxvalue="3" minvalue="0" varname="SCORE" vartype="Decimal"/>
          </outcomes>
          <respcondition continue="No">
            <conditionvar>
              <or>
                <varequal respident="RESPONSE_q4" margin="3" margintype="percent">6.87</varequal>
                <and>
                  <vargte respident="RESPONSE_q4">6.6639</vargte>
                  <varlte respident="RESPONSE_q4">7.0761</varlte>
                </and>
              </or>
            </conditionvar>
            <setvar varname="SCORE" action="Set">3</setvar>
            <displayfeedback feedbacktype="Response" linkrefid="correct"/>
          </respcondition>
        </resprocessing>
        <itemfeedback ident="general_fb">
          <flow_mat>
            <material>
              <mattext texttype="text/plain">&lt;p&gt;Since the toy box moves at a constant velocity&amp;#x2C; its acceleration is zero&amp;#x2C; meaning forces must sum to zero in both directions.&lt;/p&gt;
&lt;p&gt;We set the positive &amp;#x24;x&amp;#x24;-direction along the motion and positive &amp;#x24;y&amp;#x24;-direction upward.&lt;/p&gt;
&lt;p&gt;For vertical forces:&lt;br /&gt;
[
\sum \vec{F_y} = N - mg - F \sin(\theta) = 0
]&lt;/p&gt;
&lt;p&gt;For horizontal forces:&lt;br /&gt;
[
\sum \vec{F_x} = F \cos(\theta) - f = 0
]&lt;/p&gt;
&lt;p&gt;The friction force is:&lt;br /&gt;
[
f = \mu_k N
]
Substituting &amp;#x24;N&amp;#x24;:&lt;br /&gt;
[
N = mg &amp;#x2B; F \sin(\theta)
]
[
f = \mu_k (mg &amp;#x2B; F \sin(\theta))
]
Using the horizontal equation:&lt;br /&gt;
[
F \cos(\theta) = \mu_k (mg &amp;#x2B; F \sin(\theta))
]
Solving for &amp;#x24;m&amp;#x24;:&lt;br /&gt;
[
m = \frac{F \cos(\theta)}{\mu_k g &amp;#x2B; \mu_k F \sin(\theta)}
]
Since the force is downward&amp;#x2C; the angle &amp;#x24;\theta&amp;#x24; should be considered negative in calculations.&lt;/p&gt;</mattext>
            </material>
          </flow_mat>
        </itemfeedback>
        <itemfeedback ident="correct_fb">
          <flow_mat>
            <material>
              <mattext texttype="text/plain">&lt;p&gt;Good job&amp;#x21;&lt;/p&gt;</mattext>
            </material>
          </flow_mat>
        </itemfeedback>
        <itemfeedback ident="general_incorrect_fb">
          <flow_mat>
            <material>
              <mattext texttype="text/plain">&lt;p&gt;Try again&amp;#x21;&lt;/p&gt;</mattext>
            </material>
          </flow_mat>
        </itemfeedback>
      </item>
      <item ident="q5" title="Farmer Pulling a Plow with an Ox">
        <itemmetadata>
          <qtimetadata>
            <qtimetadatafield>
              <fieldlabel>question_type</fieldlabel>
              <fieldentry>numerical_question</fieldentry>
            </qtimetadatafield>
          </qtimetadata>
        </itemmetadata>
        <presentation>
          <material>
            <mattext texttype="text/plain">&lt;p&gt;A farmer is using an ox to pull a plow across a muddy field at a constant speed. 
The coefficient of kinetic friction between the plow and the ground is &amp;#x24;0.61&amp;#x24;. 
The ox pulls the plow with a rope that forms an angle of &amp;#x24;37.26&amp;#x5E;\circ&amp;#x24; with respect to the horizon. 
The plow has a mass of &amp;#x24;103.42&amp;#x24; kg. 
The acceleration due to gravity is &amp;#x24;9.81&amp;#x24; m/s&amp;#xB2;.  &lt;/p&gt;
&lt;p&gt;Find the force exerted by the ox in Newtons. Round your answers to two decimal places.&lt;/p&gt;</mattext>
          </material>
          <response_str ident="RESPONSE_q5" rcardinality="Single">
            <render_fib fibtype="Decimal" prompt="Box">
              <response_label ident="answer"/>
            </render_fib>
          </response_str>
        </presentation>
        <resprocessing>
          <outcomes>
            <decvar maxvalue="3" minvalue="0" varname="SCORE" vartype="Decimal"/>
          </outcomes>
          <respcondition continue="No">
            <conditionvar>
              <or>
                <varequal respident="RESPONSE_q5" margin="3" margintype="percent">533.68</varequal>
                <and>
                  <vargte respident="RESPONSE_q5">517.6696</vargte>
                  <varlte respident="RESPONSE_q5">549.6904</varlte>
                </and>
              </or>
            </conditionvar>
            <setvar varname="SCORE" action="Set">3</setvar>
            <displayfeedback feedbacktype="Response" linkrefid="correct"/>
          </respcondition>
        </resprocessing>
        <itemfeedback ident="general_fb">
          <flow_mat>
            <material>
              <mattext texttype="text/plain">&lt;p&gt;Since the plow moves at a constant velocity&amp;#x2C; forces must sum to zero in both directions according to Newton&amp;#x2019;s second law.&lt;/p&gt;
&lt;p&gt;We define positive &amp;#x24;x&amp;#x24; as the direction of motion and positive &amp;#x24;y&amp;#x24; as upward.&lt;/p&gt;
&lt;p&gt;For vertical forces:&lt;br /&gt;
[
\sum \vec{F_y} = N - mg &amp;#x2B; F \sin(\theta) = 0
]&lt;/p&gt;
&lt;p&gt;For horizontal forces:&lt;br /&gt;
[
\sum \vec{F_x} = F \cos(\theta) - f = 0
]&lt;/p&gt;
&lt;p&gt;The friction force is:&lt;br /&gt;
[
f = \mu_k N
]
Substituting &amp;#x24;N&amp;#x24;:&lt;br /&gt;
[
N = mg - F \sin(\theta)
]
[
f = \mu_k (mg - F \sin(\theta))
]
Using the horizontal equation:&lt;br /&gt;
[
F \cos(\theta) = \mu_k (mg - F \sin(\theta))
]
Solving for &amp;#x24;F&amp;#x24;:&lt;br /&gt;
[
F = \frac{\mu_k mg}{\cos(\theta) &amp;#x2B; \mu_k \sin(\theta)}
]
Since the force is applied upward&amp;#x2C; the angle &amp;#x24;\theta&amp;#x24; remains positive.&lt;/p&gt;</mattext>
            </material>
          </flow_mat>
        </itemfeedback>
        <itemfeedback ident="correct_fb">
          <flow_mat>
            <material>
              <mattext texttype="text/plain">&lt;p&gt;Good job&amp;#x21;&lt;/p&gt;</mattext>
            </material>
          </flow_mat>
        </itemfeedback>
        <itemfeedback ident="general_incorrect_fb">
          <flow_mat>
            <material>
              <mattext texttype="text/plain">&lt;p&gt;Try again&amp;#x21;&lt;/p&gt;</mattext>
            </material>
          </flow_mat>
        </itemfeedback>
      </item>
      <item ident="q6" title="Robot Arm Pushing a Box">
        <itemmetadata>
          <qtimetadata>
            <qtimetadatafield>
              <fieldlabel>question_type</fieldlabel>
              <fieldentry>numerical_question</fieldentry>
            </qtimetadatafield>
          </qtimetadata>
        </itemmetadata>
        <presentation>
          <material>
            <mattext texttype="text/plain">&lt;p&gt;A robot arm is pushing a box across a smooth factory floor at a steady speed. 
The coefficient of kinetic friction between the box and the floor is &amp;#x24;0.42&amp;#x24;. 
The robot applies a force at an angle of &amp;#x24;24.53&amp;#x5E;\circ&amp;#x24; downward with respect to the horizontal. 
The force exerted is &amp;#x24;312.17&amp;#x24; N. 
The acceleration due to gravity is &amp;#x24;9.81&amp;#x24; m/s&amp;#xB2;.  &lt;/p&gt;
&lt;p&gt;Determine the mass of the box in kilograms. Round your answers to two decimal places.&lt;/p&gt;</mattext>
          </material>
          <response_str ident="RESPONSE_q6" rcardinality="Single">
            <render_fib fibtype="Decimal" prompt="Box">
              <response_label ident="answer"/>
            </render_fib>
          </response_str>
        </presentation>
        <resprocessing>
          <outcomes>
            <decvar maxvalue="3" minvalue="0" varname="SCORE" vartype="Decimal"/>
          </outcomes>
          <respcondition continue="No">
            <conditionvar>
              <or>
                <varequal respident="RESPONSE_q6" margin="3" margintype="percent">76.53</varequal>
                <and>
                  <vargte respident="RESPONSE_q6">74.2341</vargte>
                  <varlte respident="RESPONSE_q6">78.8259</varlte>
                </and>
              </or>
            </conditionvar>
            <setvar varname="SCORE" action="Set">3</setvar>
            <displayfeedback feedbacktype="Response" linkrefid="correct"/>
          </respcondition>
        </resprocessing>
        <itemfeedback ident="general_fb">
          <flow_mat>
            <material>
              <mattext texttype="text/plain">&lt;p&gt;Since the box moves at a constant velocity&amp;#x2C; Newton&amp;#x2019;s second law states that the forces must sum to zero in both directions.&lt;/p&gt;
&lt;p&gt;We define the positive &amp;#x24;x&amp;#x24;-direction as the direction of motion and the positive &amp;#x24;y&amp;#x24;-direction as upward.&lt;/p&gt;
&lt;p&gt;For the vertical forces:&lt;br /&gt;
[
\sum \vec{F_y} = N - mg - F \sin(\theta) = 0
]&lt;/p&gt;
&lt;p&gt;For the horizontal forces:&lt;br /&gt;
[
\sum \vec{F_x} = F \cos(\theta) - f = 0
]&lt;/p&gt;
&lt;p&gt;The kinetic friction force is given by:&lt;br /&gt;
[
f = \mu_k N
]
Substituting &amp;#x24;N&amp;#x24;:&lt;br /&gt;
[
N = mg &amp;#x2B; F \sin(\theta)
]
[
f = \mu_k (mg &amp;#x2B; F \sin(\theta))
]
Substituting this into the horizontal force balance:&lt;br /&gt;
[
F \cos(\theta) = \mu_k (mg &amp;#x2B; F \sin(\theta))
]
Solving for &amp;#x24;m&amp;#x24;:&lt;br /&gt;
[
m = \frac{F \cos(\theta)}{\mu_k g &amp;#x2B; \mu_k F \sin(\theta)}
]
Since the force is downward&amp;#x2C; the numerical value of &amp;#x24;\theta&amp;#x24; should be negative in calculations.&lt;/p&gt;</mattext>
            </material>
          </flow_mat>
        </itemfeedback>
        <itemfeedback ident="correct_fb">
          <flow_mat>
            <material>
              <mattext texttype="text/plain">&lt;p&gt;Good job&amp;#x21;&lt;/p&gt;</mattext>
            </material>
          </flow_mat>
        </itemfeedback>
        <itemfeedback ident="general_incorrect_fb">
          <flow_mat>
            <material>
              <mattext texttype="text/plain">&lt;p&gt;Try again&amp;#x21;&lt;/p&gt;</mattext>
            </material>
          </flow_mat>
        </itemfeedback>
      </item>
      <item ident="q7" title="Person Dragging a Kayak">
        <itemmetadata>
          <qtimetadata>
            <qtimetadatafield>
              <fieldlabel>question_type</fieldlabel>
              <fieldentry>numerical_question</fieldentry>
            </qtimetadatafield>
          </qtimetadata>
        </itemmetadata>
        <presentation>
          <material>
            <mattext texttype="text/plain">&lt;p&gt;A person is dragging a kayak across wet grass at a uniform speed. 
The coefficient of kinetic friction between the kayak and the grass is &amp;#x24;0.57&amp;#x24;. 
The person pulls the kayak using a rope that forms an angle of &amp;#x24;29.74&amp;#x5E;\circ&amp;#x24; with respect to the horizon. 
The mass of the kayak is &amp;#x24;47.83&amp;#x24; kg. 
The acceleration due to gravity is &amp;#x24;9.81&amp;#x24; m/s&amp;#xB2;.  &lt;/p&gt;
&lt;p&gt;Calculate the force exerted by the person in Newtons. Round your answers to two decimal places.&lt;/p&gt;</mattext>
          </material>
          <response_str ident="RESPONSE_q7" rcardinality="Single">
            <render_fib fibtype="Decimal" prompt="Box">
              <response_label ident="answer"/>
            </render_fib>
          </response_str>
        </presentation>
        <resprocessing>
          <outcomes>
            <decvar maxvalue="3" minvalue="0" varname="SCORE" vartype="Decimal"/>
          </outcomes>
          <respcondition continue="No">
            <conditionvar>
              <or>
                <varequal respident="RESPONSE_q7" margin="3" margintype="percent">253.41</varequal>
                <and>
                  <vargte respident="RESPONSE_q7">245.8077</vargte>
                  <varlte respident="RESPONSE_q7">261.0123</varlte>
                </and>
              </or>
            </conditionvar>
            <setvar varname="SCORE" action="Set">3</setvar>
            <displayfeedback feedbacktype="Response" linkrefid="correct"/>
          </respcondition>
        </resprocessing>
        <itemfeedback ident="general_fb">
          <flow_mat>
            <material>
              <mattext texttype="text/plain">&lt;p&gt;Since the kayak is moving at a steady speed&amp;#x2C; the forces must sum to zero in both the horizontal and vertical directions.&lt;/p&gt;
&lt;p&gt;We set positive &amp;#x24;x&amp;#x24; along the direction of motion and positive &amp;#x24;y&amp;#x24; upward.&lt;/p&gt;
&lt;p&gt;For vertical forces:&lt;br /&gt;
[
\sum \vec{F_y} = N - mg &amp;#x2B; F \sin(\theta) = 0
]&lt;/p&gt;
&lt;p&gt;For horizontal forces:&lt;br /&gt;
[
\sum \vec{F_x} = F \cos(\theta) - f = 0
]&lt;/p&gt;
&lt;p&gt;The friction force is:&lt;br /&gt;
[
f = \mu_k N
]
Substituting &amp;#x24;N&amp;#x24;:&lt;br /&gt;
[
N = mg - F \sin(\theta)
]
[
f = \mu_k (mg - F \sin(\theta))
]
Using the horizontal force equation:&lt;br /&gt;
[
F \cos(\theta) = \mu_k (mg - F \sin(\theta))
]
Solving for &amp;#x24;F&amp;#x24;:&lt;br /&gt;
[
F = \frac{\mu_k mg}{\cos(\theta) &amp;#x2B; \mu_k \sin(\theta)}
]&lt;/p&gt;</mattext>
            </material>
          </flow_mat>
        </itemfeedback>
        <itemfeedback ident="correct_fb">
          <flow_mat>
            <material>
              <mattext texttype="text/plain">&lt;p&gt;Good job&amp;#x21;&lt;/p&gt;</mattext>
            </material>
          </flow_mat>
        </itemfeedback>
        <itemfeedback ident="general_incorrect_fb">
          <flow_mat>
            <material>
              <mattext texttype="text/plain">&lt;p&gt;Try again&amp;#x21;&lt;/p&gt;</mattext>
            </material>
          </flow_mat>
        </itemfeedback>
      </item>
      <item ident="q8" title="Tow Truck Dragging a Car">
        <itemmetadata>
          <qtimetadata>
            <qtimetadatafield>
              <fieldlabel>question_type</fieldlabel>
              <fieldentry>numerical_question</fieldentry>
            </qtimetadatafield>
          </qtimetadata>
        </itemmetadata>
        <presentation>
          <material>
            <mattext texttype="text/plain">&lt;p&gt;A tow truck is dragging a damaged car with locked wheels along a rough gravel road at a steady speed. 
The coefficient of kinetic friction between the car's tires and the road is &amp;#x24;0.65&amp;#x24;. 
The towing cable makes an angle of &amp;#x24;42.31&amp;#x5E;\circ&amp;#x24; with respect to the horizon. 
The mass of the car is &amp;#x24;1274.53&amp;#x24; kg. 
The acceleration due to gravity is &amp;#x24;9.81&amp;#x24; m/s&amp;#xB2;.  &lt;/p&gt;
&lt;p&gt;Find the force exerted by the tow truck in Newtons. Round your answers to two decimal places.&lt;/p&gt;</mattext>
          </material>
          <response_str ident="RESPONSE_q8" rcardinality="Single">
            <render_fib fibtype="Decimal" prompt="Box">
              <response_label ident="answer"/>
            </render_fib>
          </response_str>
        </presentation>
        <resprocessing>
          <outcomes>
            <decvar maxvalue="3" minvalue="0" varname="SCORE" vartype="Decimal"/>
          </outcomes>
          <respcondition continue="No">
            <conditionvar>
              <or>
                <varequal respident="RESPONSE_q8" margin="3" margintype="percent">8731.42</varequal>
                <and>
                  <vargte respident="RESPONSE_q8">8469.4774</vargte>
                  <varlte respident="RESPONSE_q8">8993.3626</varlte>
                </and>
              </or>
            </conditionvar>
            <setvar varname="SCORE" action="Set">3</setvar>
            <displayfeedback feedbacktype="Response" linkrefid="correct"/>
          </respcondition>
        </resprocessing>
        <itemfeedback ident="general_fb">
          <flow_mat>
            <material>
              <mattext texttype="text/plain">&lt;p&gt;Since the car is moving at a constant speed&amp;#x2C; Newton&amp;#x2019;s second law states that the forces in both directions must sum to zero.&lt;/p&gt;
&lt;p&gt;We define the positive &amp;#x24;x&amp;#x24;-direction along the motion and the positive &amp;#x24;y&amp;#x24;-direction as upward.&lt;/p&gt;
&lt;p&gt;For the vertical forces:&lt;br /&gt;
[
\sum \vec{F_y} = N - mg &amp;#x2B; F \sin(\theta) = 0
]&lt;/p&gt;
&lt;p&gt;For the horizontal forces:&lt;br /&gt;
[
\sum \vec{F_x} = F \cos(\theta) - f = 0
]&lt;/p&gt;
&lt;p&gt;The friction force is:&lt;br /&gt;
[
f = \mu_k N
]
Substituting &amp;#x24;N&amp;#x24;:&lt;br /&gt;
[
N = mg - F \sin(\theta)
]
[
f = \mu_k (mg - F \sin(\theta))
]
Using the horizontal equation:&lt;br /&gt;
[
F \cos(\theta) = \mu_k (mg - F \sin(\theta))
]
Solving for &amp;#x24;F&amp;#x24;:&lt;br /&gt;
[
F = \frac{\mu_k mg}{\cos(\theta) &amp;#x2B; \mu_k \sin(\theta)}
]
Since the force is applied upward through a towing cable&amp;#x2C; the angle &amp;#x24;\theta&amp;#x24; remains positive.&lt;/p&gt;</mattext>
            </material>
          </flow_mat>
        </itemfeedback>
        <itemfeedback ident="correct_fb">
          <flow_mat>
            <material>
              <mattext texttype="text/plain">&lt;p&gt;Good job&amp;#x21;&lt;/p&gt;</mattext>
            </material>
          </flow_mat>
        </itemfeedback>
        <itemfeedback ident="general_incorrect_fb">
          <flow_mat>
            <material>
              <mattext texttype="text/plain">&lt;p&gt;Try again&amp;#x21;&lt;/p&gt;</mattext>
            </material>
          </flow_mat>
        </itemfeedback>
      </item>
      <item ident="q9" title="Construction Worker Pushing a Bin">
        <itemmetadata>
          <qtimetadata>
            <qtimetadatafield>
              <fieldlabel>question_type</fieldlabel>
              <fieldentry>numerical_question</fieldentry>
            </qtimetadatafield>
          </qtimetadata>
        </itemmetadata>
        <presentation>
          <material>
            <mattext texttype="text/plain">&lt;p&gt;A construction worker is pushing a loaded bin across a level surface at a uniform speed. 
The coefficient of kinetic friction between the bin and the surface is &amp;#x24;0.38&amp;#x24;. 
The worker applies a force at an angle of &amp;#x24;18.62&amp;#x5E;\circ&amp;#x24; downward with respect to the horizontal. 
The required force exerted is &amp;#x24;274.39&amp;#x24; N. 
The acceleration due to gravity is &amp;#x24;9.81&amp;#x24; m/s&amp;#xB2;.  &lt;/p&gt;
&lt;p&gt;Determine the mass of the loaded bin in kilograms. Round your answers to two decimal places.&lt;/p&gt;</mattext>
          </material>
          <response_str ident="RESPONSE_q9" rcardinality="Single">
            <render_fib fibtype="Decimal" prompt="Box">
              <response_label ident="answer"/>
            </render_fib>
          </response_str>
        </presentation>
        <resprocessing>
          <outcomes>
            <decvar maxvalue="3" minvalue="0" varname="SCORE" vartype="Decimal"/>
          </outcomes>
          <respcondition continue="No">
            <conditionvar>
              <or>
                <varequal respident="RESPONSE_q9" margin="3" margintype="percent">87.64</varequal>
                <and>
                  <vargte respident="RESPONSE_q9">85.0108</vargte>
                  <varlte respident="RESPONSE_q9">90.2692</varlte>
                </and>
              </or>
            </conditionvar>
            <setvar varname="SCORE" action="Set">3</setvar>
            <displayfeedback feedbacktype="Response" linkrefid="correct"/>
          </respcondition>
        </resprocessing>
        <itemfeedback ident="general_fb">
          <flow_mat>
            <material>
              <mattext texttype="text/plain">&lt;p&gt;Since the bin moves at a uniform speed&amp;#x2C; the total forces in both directions must add up to zero.&lt;/p&gt;
&lt;p&gt;We set positive &amp;#x24;x&amp;#x24; as the direction of motion and positive &amp;#x24;y&amp;#x24; as upward.&lt;/p&gt;
&lt;p&gt;For vertical forces:&lt;br /&gt;
[
\sum \vec{F_y} = N - mg - F \sin(\theta) = 0
]&lt;/p&gt;
&lt;p&gt;For horizontal forces:&lt;br /&gt;
[
\sum \vec{F_x} = F \cos(\theta) - f = 0
]&lt;/p&gt;
&lt;p&gt;The friction force is:&lt;br /&gt;
[
f = \mu_k N
]
Substituting &amp;#x24;N&amp;#x24;:&lt;br /&gt;
[
N = mg &amp;#x2B; F \sin(\theta)
]
[
f = \mu_k (mg &amp;#x2B; F \sin(\theta))
]
Using the horizontal equation:&lt;br /&gt;
[
F \cos(\theta) = \mu_k (mg &amp;#x2B; F \sin(\theta))
]
Solving for &amp;#x24;m&amp;#x24;:&lt;br /&gt;
[
m = \frac{F \cos(\theta)}{\mu_k g &amp;#x2B; \mu_k F \sin(\theta)}
]
Since the force is downward&amp;#x2C; the numerical value of &amp;#x24;\theta&amp;#x24; should be negative in calculations.&lt;/p&gt;</mattext>
            </material>
          </flow_mat>
        </itemfeedback>
        <itemfeedback ident="correct_fb">
          <flow_mat>
            <material>
              <mattext texttype="text/plain">&lt;p&gt;Good job&amp;#x21;&lt;/p&gt;</mattext>
            </material>
          </flow_mat>
        </itemfeedback>
        <itemfeedback ident="general_incorrect_fb">
          <flow_mat>
            <material>
              <mattext texttype="text/plain">&lt;p&gt;Try again&amp;#x21;&lt;/p&gt;</mattext>
            </material>
          </flow_mat>
        </itemfeedback>
      </item>
      <item ident="q10" title="Bulldozer Pushing a Pile of Dirt">
        <itemmetadata>
          <qtimetadata>
            <qtimetadatafield>
              <fieldlabel>question_type</fieldlabel>
              <fieldentry>numerical_question</fieldentry>
            </qtimetadatafield>
          </qtimetadata>
        </itemmetadata>
        <presentation>
          <material>
            <mattext texttype="text/plain">&lt;p&gt;A bulldozer is pushing a pile of dirt across rocky ground at a constant speed. 
The coefficient of kinetic friction between the dirt and the ground is &amp;#x24;0.72&amp;#x24;. 
The bulldozer applies a force at an angle of &amp;#x24;48.15&amp;#x5E;\circ&amp;#x24; downward with respect to the horizontal. 
The pile of dirt has a mass of &amp;#x24;2743.68&amp;#x24; kg. 
The acceleration due to gravity is &amp;#x24;9.81&amp;#x24; m/s&amp;#xB2;.  &lt;/p&gt;
&lt;p&gt;Find the force exerted by the bulldozer in Newtons. Round your answers to two decimal places.&lt;/p&gt;</mattext>
          </material>
          <response_str ident="RESPONSE_q10" rcardinality="Single">
            <render_fib fibtype="Decimal" prompt="Box">
              <response_label ident="answer"/>
            </render_fib>
          </response_str>
        </presentation>
        <resprocessing>
          <outcomes>
            <decvar maxvalue="3" minvalue="0" varname="SCORE" vartype="Decimal"/>
          </outcomes>
          <respcondition continue="No">
            <conditionvar>
              <or>
                <varequal respident="RESPONSE_q10" margin="3" margintype="percent">20832.57</varequal>
                <and>
                  <vargte respident="RESPONSE_q10">20207.5929</vargte>
                  <varlte respident="RESPONSE_q10">21457.5471</varlte>
                </and>
              </or>
            </conditionvar>
            <setvar varname="SCORE" action="Set">3</setvar>
            <displayfeedback feedbacktype="Response" linkrefid="correct"/>
          </respcondition>
        </resprocessing>
        <itemfeedback ident="general_fb">
          <flow_mat>
            <material>
              <mattext texttype="text/plain">&lt;p&gt;Since the pile of dirt moves at a constant velocity&amp;#x2C; Newton&amp;#x2019;s second law states that the forces must sum to zero in both directions.&lt;/p&gt;
&lt;p&gt;We define positive &amp;#x24;x&amp;#x24; along the direction of motion and positive &amp;#x24;y&amp;#x24; upward.&lt;/p&gt;
&lt;p&gt;For the vertical forces:&lt;br /&gt;
[
\sum \vec{F_y} = N - mg - F \sin(\theta) = 0
]&lt;/p&gt;
&lt;p&gt;For the horizontal forces:&lt;br /&gt;
[
\sum \vec{F_x} = F \cos(\theta) - f = 0
]&lt;/p&gt;
&lt;p&gt;The friction force is:&lt;br /&gt;
[
f = \mu_k N
]
Substituting &amp;#x24;N&amp;#x24;:&lt;br /&gt;
[
N = mg &amp;#x2B; F \sin(\theta)
]
[
f = \mu_k (mg &amp;#x2B; F \sin(\theta))
]
Using the horizontal equation:&lt;br /&gt;
[
F \cos(\theta) = \mu_k (mg &amp;#x2B; F \sin(\theta))
]
Solving for &amp;#x24;F&amp;#x24;:&lt;br /&gt;
[
F = \frac{\mu_k mg}{\cos(\theta) &amp;#x2B; \mu_k \sin(\theta)}
]
Since the force is downward&amp;#x2C; the numerical value of &amp;#x24;\theta&amp;#x24; should be negative in calculations.&lt;/p&gt;</mattext>
            </material>
          </flow_mat>
        </itemfeedback>
        <itemfeedback ident="correct_fb">
          <flow_mat>
            <material>
              <mattext texttype="text/plain">&lt;p&gt;Good job&amp;#x21;&lt;/p&gt;</mattext>
            </material>
          </flow_mat>
        </itemfeedback>
        <itemfeedback ident="general_incorrect_fb">
          <flow_mat>
            <material>
              <mattext texttype="text/plain">&lt;p&gt;Try again&amp;#x21;&lt;/p&gt;</mattext>
            </material>
          </flow_mat>
        </itemfeedback>
      </item>
      <item ident="q11" title="Warehouse Worker Pushing a Pallet Skid">
        <itemmetadata>
          <qtimetadata>
            <qtimetadatafield>
              <fieldlabel>question_type</fieldlabel>
              <fieldentry>numerical_question</fieldentry>
            </qtimetadatafield>
          </qtimetadata>
        </itemmetadata>
        <presentation>
          <material>
            <mattext texttype="text/plain">&lt;p&gt;A warehouse worker is pushing a loaded pallet skid across a concrete floor at a constant speed. 
The pallet skid and its load have a combined mass of &amp;#x24;250.00&amp;#x24; kg. 
The worker applies a force of &amp;#x24;980.62&amp;#x24; N at an angle of &amp;#x24;25.00&amp;#x5E;\circ&amp;#x24; downward with respect to the horizontal. 
The acceleration due to gravity is &amp;#x24;9.81&amp;#x24; m/s&amp;#xB2;.  &lt;/p&gt;
&lt;p&gt;Calculate the coefficient of kinetic friction between the pallet skid and the floor. Round your answers to two decimal places.&lt;/p&gt;</mattext>
          </material>
          <response_str ident="RESPONSE_q11" rcardinality="Single">
            <render_fib fibtype="Decimal" prompt="Box">
              <response_label ident="answer"/>
            </render_fib>
          </response_str>
        </presentation>
        <resprocessing>
          <outcomes>
            <decvar maxvalue="3" minvalue="0" varname="SCORE" vartype="Decimal"/>
          </outcomes>
          <respcondition continue="No">
            <conditionvar>
              <or>
                <varequal respident="RESPONSE_q11" margin="3" margintype="percent">0.31</varequal>
                <and>
                  <vargte respident="RESPONSE_q11">0.3007</vargte>
                  <varlte respident="RESPONSE_q11">0.3193</varlte>
                </and>
              </or>
            </conditionvar>
            <setvar varname="SCORE" action="Set">3</setvar>
            <displayfeedback feedbacktype="Response" linkrefid="correct"/>
          </respcondition>
        </resprocessing>
        <itemfeedback ident="general_fb">
          <flow_mat>
            <material>
              <mattext texttype="text/plain">&lt;p&gt;First&amp;#x2C; notice that since the pallet skid is moving at a constant velocity across a flat surface&amp;#x2C; its acceleration is zero in both the horizontal and vertical directions. According to Newton&amp;#x2019;s second law&amp;#x2C; the sum of forces in both directions must be zero.&lt;/p&gt;
&lt;p&gt;Next&amp;#x2C; we can define the positive &amp;#x24;x&amp;#x24;-direction as the direction of motion and the positive &amp;#x24;y&amp;#x24;-direction as pointing upward.&lt;/p&gt;
&lt;p&gt;We can then write down the force balance in the vertical direction:&lt;br /&gt;
[
\sum \vec{F_y} = N - mg - F \sin(\theta) = 0
]
where &amp;#x24;N&amp;#x24; is the normal force&amp;#x2C; &amp;#x24;m&amp;#x24; is the mass&amp;#x2C; &amp;#x24;g&amp;#x24; is the gravitational acceleration&amp;#x2C; and &amp;#x24;F&amp;#x24; is the applied force at an angle &amp;#x24;\theta&amp;#x24;.&lt;/p&gt;
&lt;p&gt;Similarly&amp;#x2C; for the horizontal direction:&lt;br /&gt;
[
\sum \vec{F_x} = F \cos(\theta) - f = 0
]
where &amp;#x24;f&amp;#x24; is the kinetic friction force.&lt;/p&gt;
&lt;p&gt;The friction force is given by &amp;#x24;f = \mu_k N&amp;#x24;. From the horizontal equation&amp;#x2C; &amp;#x24;f = F \cos(\theta)&amp;#x24;. The normal force from the vertical equation is &amp;#x24;N = mg &amp;#x2B; F \sin(\theta)&amp;#x24;.&lt;/p&gt;
&lt;p&gt;Substituting these into the friction equation gives:
[
F \cos(\theta) = \mu_k (mg &amp;#x2B; F \sin(\theta))
]
Solving for &amp;#x24;\mu_k&amp;#x24;:&lt;br /&gt;
[
\mu_k = \frac{F \cos(\theta)}{mg &amp;#x2B; F \sin(\theta)}
]
Since the force is pointing downward&amp;#x2C; we note that the angle &amp;#x24;\theta&amp;#x24; is directed below the horizontal&amp;#x2C; which is correctly accounted for in the vertical force equation.&lt;/p&gt;</mattext>
            </material>
          </flow_mat>
        </itemfeedback>
        <itemfeedback ident="correct_fb">
          <flow_mat>
            <material>
              <mattext texttype="text/plain">&lt;p&gt;Good job&amp;#x21;&lt;/p&gt;</mattext>
            </material>
          </flow_mat>
        </itemfeedback>
        <itemfeedback ident="general_incorrect_fb">
          <flow_mat>
            <material>
              <mattext texttype="text/plain">&lt;p&gt;Try again&amp;#x21;&lt;/p&gt;</mattext>
            </material>
          </flow_mat>
        </itemfeedback>
      </item>
      <item ident="q12" title="Gardener Pulling a Tarp of Soil">
        <itemmetadata>
          <qtimetadata>
            <qtimetadatafield>
              <fieldlabel>question_type</fieldlabel>
              <fieldentry>numerical_question</fieldentry>
            </qtimetadatafield>
          </qtimetadata>
        </itemmetadata>
        <presentation>
          <material>
            <mattext texttype="text/plain">&lt;p&gt;A gardener is pulling a large tarp filled with soil across a level lawn at a steady speed. 
The coefficient of kinetic friction between the tarp and the lawn is &amp;#x24;0.45&amp;#x24;. 
The tarp and soil have a combined mass of &amp;#x24;60.00&amp;#x24; kg. 
The gardener pulls the tarp at an angle of &amp;#x24;35.00&amp;#x5E;\circ&amp;#x24; with respect to the horizon. 
The acceleration due to gravity is &amp;#x24;9.81&amp;#x24; m/s&amp;#xB2;.  &lt;/p&gt;
&lt;p&gt;Determine the force exerted by the gardener in Newtons. Round your answers to two decimal places.&lt;/p&gt;</mattext>
          </material>
          <response_str ident="RESPONSE_q12" rcardinality="Single">
            <render_fib fibtype="Decimal" prompt="Box">
              <response_label ident="answer"/>
            </render_fib>
          </response_str>
        </presentation>
        <resprocessing>
          <outcomes>
            <decvar maxvalue="3" minvalue="0" varname="SCORE" vartype="Decimal"/>
          </outcomes>
          <respcondition continue="No">
            <conditionvar>
              <or>
                <varequal respident="RESPONSE_q12" margin="3" margintype="percent">245.86</varequal>
                <and>
                  <vargte respident="RESPONSE_q12">238.48420000000002</vargte>
                  <varlte respident="RESPONSE_q12">253.2358</varlte>
                </and>
              </or>
            </conditionvar>
            <setvar varname="SCORE" action="Set">3</setvar>
            <displayfeedback feedbacktype="Response" linkrefid="correct"/>
          </respcondition>
        </resprocessing>
        <itemfeedback ident="general_fb">
          <flow_mat>
            <material>
              <mattext texttype="text/plain">&lt;p&gt;Since the tarp is moving at a constant velocity&amp;#x2C; its acceleration is zero. By Newton&amp;#x2019;s second law&amp;#x2C; the sum of forces in both directions must add up to zero.&lt;/p&gt;
&lt;p&gt;We define the positive &amp;#x24;x&amp;#x24;-direction as the direction of motion and the positive &amp;#x24;y&amp;#x24;-direction as pointing upward.&lt;/p&gt;
&lt;p&gt;For the vertical forces:&lt;br /&gt;
[
\sum \vec{F_y} = N - mg &amp;#x2B; F \sin(\theta) = 0
]&lt;/p&gt;
&lt;p&gt;For the horizontal forces:&lt;br /&gt;
[
\sum \vec{F_x} = F \cos(\theta) - f = 0
]&lt;/p&gt;
&lt;p&gt;The friction force is &amp;#x24;f = \mu_k N&amp;#x24;. From the vertical equation&amp;#x2C; the normal force is &amp;#x24;N = mg - F \sin(\theta)&amp;#x24;.
Substituting this into the friction equation gives:&lt;br /&gt;
[
f = \mu_k (mg - F \sin(\theta))
]
Now&amp;#x2C; substituting this expression for &amp;#x24;f&amp;#x24; into the horizontal force balance:&lt;br /&gt;
[
F \cos(\theta) = \mu_k (mg - F \sin(\theta))
]
Solving for &amp;#x24;F&amp;#x24;:&lt;br /&gt;
[
F = \frac{\mu_k mg}{\cos(\theta) &amp;#x2B; \mu_k \sin(\theta)}
]&lt;/p&gt;</mattext>
            </material>
          </flow_mat>
        </itemfeedback>
        <itemfeedback ident="correct_fb">
          <flow_mat>
            <material>
              <mattext texttype="text/plain">&lt;p&gt;Good job&amp;#x21;&lt;/p&gt;</mattext>
            </material>
          </flow_mat>
        </itemfeedback>
        <itemfeedback ident="general_incorrect_fb">
          <flow_mat>
            <material>
              <mattext texttype="text/plain">&lt;p&gt;Try again&amp;#x21;&lt;/p&gt;</mattext>
            </material>
          </flow_mat>
        </itemfeedback>
      </item>
      <item ident="q13" title="Mover Sliding a Bookshelf">
        <itemmetadata>
          <qtimetadata>
            <qtimetadatafield>
              <fieldlabel>question_type</fieldlabel>
              <fieldentry>numerical_question</fieldentry>
            </qtimetadatafield>
          </qtimetadata>
        </itemmetadata>
        <presentation>
          <material>
            <mattext texttype="text/plain">&lt;p&gt;A mover is pushing a heavy bookshelf across a wood floor at a uniform speed. 
The coefficient of kinetic friction between the bookshelf and the floor is &amp;#x24;0.28&amp;#x24;. 
The mover applies a force of &amp;#x24;450.00&amp;#x24; N at an angle of &amp;#x24;15.00&amp;#x5E;\circ&amp;#x24; downward with respect to the horizontal. 
The acceleration due to gravity is &amp;#x24;9.81&amp;#x24; m/s&amp;#xB2;.  &lt;/p&gt;
&lt;p&gt;Calculate the mass of the bookshelf in kilograms. Round your answers to two decimal places.&lt;/p&gt;</mattext>
          </material>
          <response_str ident="RESPONSE_q13" rcardinality="Single">
            <render_fib fibtype="Decimal" prompt="Box">
              <response_label ident="answer"/>
            </render_fib>
          </response_str>
        </presentation>
        <resprocessing>
          <outcomes>
            <decvar maxvalue="3" minvalue="0" varname="SCORE" vartype="Decimal"/>
          </outcomes>
          <respcondition continue="No">
            <conditionvar>
              <or>
                <varequal respident="RESPONSE_q13" margin="3" margintype="percent">146.36</varequal>
                <and>
                  <vargte respident="RESPONSE_q13">141.9692</vargte>
                  <varlte respident="RESPONSE_q13">150.75080000000003</varlte>
                </and>
              </or>
            </conditionvar>
            <setvar varname="SCORE" action="Set">3</setvar>
            <displayfeedback feedbacktype="Response" linkrefid="correct"/>
          </respcondition>
        </resprocessing>
        <itemfeedback ident="general_fb">
          <flow_mat>
            <material>
              <mattext texttype="text/plain">&lt;p&gt;Since the bookshelf is moving at a constant velocity&amp;#x2C; Newton&amp;#x2019;s second law tells us that the forces must sum to zero in both directions.&lt;/p&gt;
&lt;p&gt;We define positive &amp;#x24;x&amp;#x24; as the direction of motion and positive &amp;#x24;y&amp;#x24; as the upward vertical direction.&lt;/p&gt;
&lt;p&gt;For vertical forces:&lt;br /&gt;
[
\sum \vec{F_y} = N - mg - F \sin(\theta) = 0
]&lt;/p&gt;
&lt;p&gt;For horizontal forces:&lt;br /&gt;
[
\sum \vec{F_x} = F \cos(\theta) - f = 0
]&lt;/p&gt;
&lt;p&gt;The friction force is &amp;#x24;f = \mu_k N&amp;#x24;. From the vertical force equation&amp;#x2C; we find the normal force &amp;#x24;N = mg &amp;#x2B; F \sin(\theta)&amp;#x24;.
Substituting this into the friction relation gives:
[
f = \mu_k (mg &amp;#x2B; F \sin(\theta))
]
Using the horizontal force equation&amp;#x2C; we set &amp;#x24;F \cos(\theta) = f&amp;#x24;:
[
F \cos(\theta) = \mu_k (mg &amp;#x2B; F \sin(\theta))
]
Solving for &amp;#x24;m&amp;#x24;:&lt;br /&gt;
[
m = \frac{F \cos(\theta) - \mu_k F \sin(\theta)}{\mu_k g}
]
Since the force is pointing downward&amp;#x2C; we have used the appropriate signs in our initial setup of the force equations.&lt;/p&gt;</mattext>
            </material>
          </flow_mat>
        </itemfeedback>
        <itemfeedback ident="correct_fb">
          <flow_mat>
            <material>
              <mattext texttype="text/plain">&lt;p&gt;Good job&amp;#x21;&lt;/p&gt;</mattext>
            </material>
          </flow_mat>
        </itemfeedback>
        <itemfeedback ident="general_incorrect_fb">
          <flow_mat>
            <material>
              <mattext texttype="text/plain">&lt;p&gt;Try again&amp;#x21;&lt;/p&gt;</mattext>
            </material>
          </flow_mat>
        </itemfeedback>
      </item>
      <item ident="q14" title="Person Pulling a Cooler on Sand">
        <itemmetadata>
          <qtimetadata>
            <qtimetadatafield>
              <fieldlabel>question_type</fieldlabel>
              <fieldentry>numerical_question</fieldentry>
            </qtimetadatafield>
          </qtimetadata>
        </itemmetadata>
        <presentation>
          <material>
            <mattext texttype="text/plain">&lt;p&gt;A person is pulling a cooler across a sandy beach at a constant speed. 
The coefficient of kinetic friction between the cooler and the sand is &amp;#x24;0.60&amp;#x24;. 
The cooler has a mass of &amp;#x24;25.00&amp;#x24; kg. 
The person pulls the handle at an angle of &amp;#x24;40.00&amp;#x5E;\circ&amp;#x24; upward with respect to the horizontal. 
The acceleration due to gravity is &amp;#x24;9.81&amp;#x24; m/s&amp;#xB2;.  &lt;/p&gt;
&lt;p&gt;Determine the force the person exerts on the cooler in Newtons. Round your answers to two decimal places.&lt;/p&gt;</mattext>
          </material>
          <response_str ident="RESPONSE_q14" rcardinality="Single">
            <render_fib fibtype="Decimal" prompt="Box">
              <response_label ident="answer"/>
            </render_fib>
          </response_str>
        </presentation>
        <resprocessing>
          <outcomes>
            <decvar maxvalue="3" minvalue="0" varname="SCORE" vartype="Decimal"/>
          </outcomes>
          <respcondition continue="No">
            <conditionvar>
              <or>
                <varequal respident="RESPONSE_q14" margin="3" margintype="percent">127.77</varequal>
                <and>
                  <vargte respident="RESPONSE_q14">123.9369</vargte>
                  <varlte respident="RESPONSE_q14">131.60309999999998</varlte>
                </and>
              </or>
            </conditionvar>
            <setvar varname="SCORE" action="Set">3</setvar>
            <displayfeedback feedbacktype="Response" linkrefid="correct"/>
          </respcondition>
        </resprocessing>
        <itemfeedback ident="general_fb">
          <flow_mat>
            <material>
              <mattext texttype="text/plain">&lt;p&gt;Since the cooler moves at a constant velocity&amp;#x2C; its acceleration is zero&amp;#x2C; meaning forces must sum to zero in both directions.&lt;/p&gt;
&lt;p&gt;We set the positive &amp;#x24;x&amp;#x24;-direction along the motion and positive &amp;#x24;y&amp;#x24;-direction upward.&lt;/p&gt;
&lt;p&gt;For vertical forces:&lt;br /&gt;
[
\sum \vec{F_y} = N - mg &amp;#x2B; F \sin(\theta) = 0
]&lt;/p&gt;
&lt;p&gt;For horizontal forces:&lt;br /&gt;
[
\sum \vec{F_x} = F \cos(\theta) - f = 0
]&lt;/p&gt;
&lt;p&gt;The friction force is &amp;#x24;f = \mu_k N&amp;#x24;. From the vertical force balance&amp;#x2C; we find the normal force &amp;#x24;N = mg - F \sin(\theta)&amp;#x24;.
Substituting this into the friction equation gives:
[
f = \mu_k (mg - F \sin(\theta))
]
Using the horizontal equation&amp;#x2C; &amp;#x24;F \cos(\theta) = f&amp;#x24;&amp;#x2C; we get:&lt;br /&gt;
[
F \cos(\theta) = \mu_k (mg - F \sin(\theta))
]
Solving for &amp;#x24;F&amp;#x24;:&lt;br /&gt;
[
F = \frac{\mu_k mg}{\cos(\theta) &amp;#x2B; \mu_k \sin(\theta)}
]&lt;/p&gt;</mattext>
            </material>
          </flow_mat>
        </itemfeedback>
        <itemfeedback ident="correct_fb">
          <flow_mat>
            <material>
              <mattext texttype="text/plain">&lt;p&gt;Good job&amp;#x21;&lt;/p&gt;</mattext>
            </material>
          </flow_mat>
        </itemfeedback>
        <itemfeedback ident="general_incorrect_fb">
          <flow_mat>
            <material>
              <mattext texttype="text/plain">&lt;p&gt;Try again&amp;#x21;&lt;/p&gt;</mattext>
            </material>
          </flow_mat>
        </itemfeedback>
      </item>
      <item ident="q15" title="ATV Dragging a Log">
        <itemmetadata>
          <qtimetadata>
            <qtimetadatafield>
              <fieldlabel>question_type</fieldlabel>
              <fieldentry>numerical_question</fieldentry>
            </qtimetadatafield>
          </qtimetadata>
        </itemmetadata>
        <presentation>
          <material>
            <mattext texttype="text/plain">&lt;p&gt;An ATV (All-Terrain Vehicle) is dragging a large log across a rough forest path at a steady speed. 
The coefficient of kinetic friction between the log and the path is &amp;#x24;0.80&amp;#x24;. 
The ATV pulls the log with a chain that forms an angle of &amp;#x24;20.00&amp;#x5E;\circ&amp;#x24; with respect to the horizon. 
The force exerted by the ATV is &amp;#x24;2000.00&amp;#x24; N. 
The acceleration due to gravity is &amp;#x24;9.81&amp;#x24; m/s&amp;#xB2;.  &lt;/p&gt;
&lt;p&gt;Find the mass of the log in kilograms. Round your answers to two decimal places.&lt;/p&gt;</mattext>
          </material>
          <response_str ident="RESPONSE_q15" rcardinality="Single">
            <render_fib fibtype="Decimal" prompt="Box">
              <response_label ident="answer"/>
            </render_fib>
          </response_str>
        </presentation>
        <resprocessing>
          <outcomes>
            <decvar maxvalue="3" minvalue="0" varname="SCORE" vartype="Decimal"/>
          </outcomes>
          <respcondition continue="No">
            <conditionvar>
              <or>
                <varequal respident="RESPONSE_q15" margin="3" margintype="percent">309.2</varequal>
                <and>
                  <vargte respident="RESPONSE_q15">299.924</vargte>
                  <varlte respident="RESPONSE_q15">318.476</varlte>
                </and>
              </or>
            </conditionvar>
            <setvar varname="SCORE" action="Set">3</setvar>
            <displayfeedback feedbacktype="Response" linkrefid="correct"/>
          </respcondition>
        </resprocessing>
        <itemfeedback ident="general_fb">
          <flow_mat>
            <material>
              <mattext texttype="text/plain">&lt;p&gt;Since the log moves at a constant velocity&amp;#x2C; forces must sum to zero in both directions according to Newton&amp;#x2019;s second law.&lt;/p&gt;
&lt;p&gt;We define positive &amp;#x24;x&amp;#x24; as the direction of motion and positive &amp;#x24;y&amp;#x24; as upward.&lt;/p&gt;
&lt;p&gt;For vertical forces:&lt;br /&gt;
[
\sum \vec{F_y} = N - mg &amp;#x2B; F \sin(\theta) = 0
]&lt;/p&gt;
&lt;p&gt;For horizontal forces:&lt;br /&gt;
[
\sum \vec{F_x} = F \cos(\theta) - f = 0
]&lt;/p&gt;
&lt;p&gt;The friction force is &amp;#x24;f = \mu_k N&amp;#x24;. From the vertical equation&amp;#x2C; we can express the normal force as &amp;#x24;N = mg - F \sin(\theta)&amp;#x24;.
Substituting for N in the friction formula:
[
f = \mu_k (mg - F \sin(\theta))
]
From the horizontal equation&amp;#x2C; we know &amp;#x24;F \cos(\theta) = f&amp;#x24;. Therefore:
[
F \cos(\theta) = \mu_k (mg - F \sin(\theta))
]
Solving for &amp;#x24;m&amp;#x24;:&lt;br /&gt;
[
m = \frac{F \cos(\theta) &amp;#x2B; \mu_k F \sin(\theta)}{\mu_k g}
]&lt;/p&gt;</mattext>
            </material>
          </flow_mat>
        </itemfeedback>
        <itemfeedback ident="correct_fb">
          <flow_mat>
            <material>
              <mattext texttype="text/plain">&lt;p&gt;Good job&amp;#x21;&lt;/p&gt;</mattext>
            </material>
          </flow_mat>
        </itemfeedback>
        <itemfeedback ident="general_incorrect_fb">
          <flow_mat>
            <material>
              <mattext texttype="text/plain">&lt;p&gt;Try again&amp;#x21;&lt;/p&gt;</mattext>
            </material>
          </flow_mat>
        </itemfeedback>
      </item>
      <item ident="q16" title="Zamboni on an Ice Rink">
        <itemmetadata>
          <qtimetadata>
            <qtimetadatafield>
              <fieldlabel>question_type</fieldlabel>
              <fieldentry>numerical_question</fieldentry>
            </qtimetadatafield>
          </qtimetadata>
        </itemmetadata>
        <presentation>
          <material>
            <mattext texttype="text/plain">&lt;p&gt;A Zamboni machine is conditioning the ice on a rink&amp;#x2C; moving at a constant velocity. 
The machine has a mass of &amp;#x24;1200.00&amp;#x24; kg. 
The coefficient of kinetic friction from the conditioning blade on the ice is &amp;#x24;0.15&amp;#x24;. 
The net propulsion force from the wheels is applied at an effective angle of &amp;#x24;18.00&amp;#x5E;\circ&amp;#x24; downward (due to the machine's geometry) to counteract friction. 
The acceleration due to gravity is &amp;#x24;9.81&amp;#x24; m/s&amp;#xB2;.  &lt;/p&gt;
&lt;p&gt;Calculate the propulsion force required to maintain a steady speed in Newtons. Round your answers to two decimal places.&lt;/p&gt;</mattext>
          </material>
          <response_str ident="RESPONSE_q16" rcardinality="Single">
            <render_fib fibtype="Decimal" prompt="Box">
              <response_label ident="answer"/>
            </render_fib>
          </response_str>
        </presentation>
        <resprocessing>
          <outcomes>
            <decvar maxvalue="3" minvalue="0" varname="SCORE" vartype="Decimal"/>
          </outcomes>
          <respcondition continue="No">
            <conditionvar>
              <or>
                <varequal respident="RESPONSE_q16" margin="3" margintype="percent">1951.71</varequal>
                <and>
                  <vargte respident="RESPONSE_q16">1893.1587</vargte>
                  <varlte respident="RESPONSE_q16">2010.2613000000001</varlte>
                </and>
              </or>
            </conditionvar>
            <setvar varname="SCORE" action="Set">3</setvar>
            <displayfeedback feedbacktype="Response" linkrefid="correct"/>
          </respcondition>
        </resprocessing>
        <itemfeedback ident="general_fb">
          <flow_mat>
            <material>
              <mattext texttype="text/plain">&lt;p&gt;Since the Zamboni moves at a constant velocity&amp;#x2C; its acceleration is zero. According to Newton&amp;#x2019;s second law&amp;#x2C; the net force in both the horizontal and vertical directions must be zero.&lt;/p&gt;
&lt;p&gt;We define the positive &amp;#x24;x&amp;#x24;-direction along the machine's motion and the positive &amp;#x24;y&amp;#x24;-direction as upward.&lt;/p&gt;
&lt;p&gt;The sum of vertical forces is:&lt;br /&gt;
[
\sum \vec{F_y} = N - mg - F \sin(\theta) = 0
]&lt;/p&gt;
&lt;p&gt;The sum of horizontal forces is:&lt;br /&gt;
[
\sum \vec{F_x} = F \cos(\theta) - f = 0
]&lt;/p&gt;
&lt;p&gt;The kinetic friction force is &amp;#x24;f = \mu_k N&amp;#x24;. From the vertical equation&amp;#x2C; the normal force is &amp;#x24;N = mg &amp;#x2B; F \sin(\theta)&amp;#x24;.
Substituting this into the friction equation gives:
[
f = \mu_k (mg &amp;#x2B; F \sin(\theta))
]
Using this in the horizontal force equation:
[
F \cos(\theta) = \mu_k (mg &amp;#x2B; F \sin(\theta))
]
Solving for the force &amp;#x24;F&amp;#x24;:&lt;br /&gt;
[
F = \frac{\mu_k mg}{\cos(\theta) - \mu_k \sin(\theta)}
]&lt;/p&gt;</mattext>
            </material>
          </flow_mat>
        </itemfeedback>
        <itemfeedback ident="correct_fb">
          <flow_mat>
            <material>
              <mattext texttype="text/plain">&lt;p&gt;Good job&amp;#x21;&lt;/p&gt;</mattext>
            </material>
          </flow_mat>
        </itemfeedback>
        <itemfeedback ident="general_incorrect_fb">
          <flow_mat>
            <material>
              <mattext texttype="text/plain">&lt;p&gt;Try again&amp;#x21;&lt;/p&gt;</mattext>
            </material>
          </flow_mat>
        </itemfeedback>
      </item>
      <item ident="q17" title="Pushing a Heavy Box">
        <itemmetadata>
          <qtimetadata>
            <qtimetadatafield>
              <fieldlabel>question_type</fieldlabel>
              <fieldentry>numerical_question</fieldentry>
            </qtimetadatafield>
          </qtimetadata>
        </itemmetadata>
        <presentation>
          <material>
            <mattext texttype="text/plain">&lt;p&gt;A person is pushing a heavy box across a level lawn at a uniform speed. 
The box has a mass of &amp;#x24;30.00&amp;#x24; kg. 
The person pushes at an angle of &amp;#x24;45.00&amp;#x5E;\circ&amp;#x24; downward from the horizontal with a force of &amp;#x24;150.00&amp;#x24; N. 
The acceleration due to gravity is &amp;#x24;9.81&amp;#x24; m/s&amp;#xB2;.  &lt;/p&gt;
&lt;p&gt;Find the coefficient of kinetic friction between the box and the grass. Round your answers to two decimal places.&lt;/p&gt;</mattext>
          </material>
          <response_str ident="RESPONSE_q17" rcardinality="Single">
            <render_fib fibtype="Decimal" prompt="Box">
              <response_label ident="answer"/>
            </render_fib>
          </response_str>
        </presentation>
        <resprocessing>
          <outcomes>
            <decvar maxvalue="3" minvalue="0" varname="SCORE" vartype="Decimal"/>
          </outcomes>
          <respcondition continue="No">
            <conditionvar>
              <or>
                <varequal respident="RESPONSE_q17" margin="3" margintype="percent">0.26</varequal>
                <and>
                  <vargte respident="RESPONSE_q17">0.25220000000000004</vargte>
                  <varlte respident="RESPONSE_q17">0.2678</varlte>
                </and>
              </or>
            </conditionvar>
            <setvar varname="SCORE" action="Set">3</setvar>
            <displayfeedback feedbacktype="Response" linkrefid="correct"/>
          </respcondition>
        </resprocessing>
        <itemfeedback ident="general_fb">
          <flow_mat>
            <material>
              <mattext texttype="text/plain">&lt;p&gt;Because the box moves at a uniform speed&amp;#x2C; the net force on it is zero in all directions&amp;#x2C; as stated by Newton's second law.&lt;/p&gt;
&lt;p&gt;Let's set the positive &amp;#x24;x&amp;#x24;-direction to be the direction of motion and the positive &amp;#x24;y&amp;#x24;-direction to be vertically upward.&lt;/p&gt;
&lt;p&gt;The vertical forces must balance:&lt;br /&gt;
[
\sum \vec{F_y} = N - mg - F \sin(\theta) = 0
]&lt;/p&gt;
&lt;p&gt;The horizontal forces must also balance:&lt;br /&gt;
[
\sum \vec{F_x} = F \cos(\theta) - f = 0
]&lt;/p&gt;
&lt;p&gt;From the horizontal equation&amp;#x2C; the friction force is &amp;#x24;f = F \cos(\theta)&amp;#x24;. The normal force&amp;#x2C; from the vertical equation&amp;#x2C; is &amp;#x24;N = mg &amp;#x2B; F \sin(\theta)&amp;#x24;.
The definition of kinetic friction is &amp;#x24;f = \mu_k N&amp;#x24;. Substituting our expressions for &amp;#x24;f&amp;#x24; and &amp;#x24;N&amp;#x24;:
[
F \cos(\theta) = \mu_k (mg &amp;#x2B; F \sin(\theta))
]
Solving for the coefficient of kinetic friction &amp;#x24;\mu_k&amp;#x24;:&lt;br /&gt;
[
\mu_k = \frac{F \cos(\theta)}{mg &amp;#x2B; F \sin(\theta)}
]&lt;/p&gt;</mattext>
            </material>
          </flow_mat>
        </itemfeedback>
        <itemfeedback ident="correct_fb">
          <flow_mat>
            <material>
              <mattext texttype="text/plain">&lt;p&gt;Good job&amp;#x21;&lt;/p&gt;</mattext>
            </material>
          </flow_mat>
        </itemfeedback>
        <itemfeedback ident="general_incorrect_fb">
          <flow_mat>
            <material>
              <mattext texttype="text/plain">&lt;p&gt;Try again&amp;#x21;&lt;/p&gt;</mattext>
            </material>
          </flow_mat>
        </itemfeedback>
      </item>
      <item ident="q18" title="Mountain Rescue Sled">
        <itemmetadata>
          <qtimetadata>
            <qtimetadatafield>
              <fieldlabel>question_type</fieldlabel>
              <fieldentry>numerical_question</fieldentry>
            </qtimetadatafield>
          </qtimetadata>
        </itemmetadata>
        <presentation>
          <material>
            <mattext texttype="text/plain">&lt;p&gt;A mountain rescue worker is pulling a person on a rescue sled across a flat&amp;#x2C; snowy field at a constant speed. 
The coefficient of kinetic friction between the sled and the snow is &amp;#x24;0.22&amp;#x24;. 
The rescuer pulls on the tow rope with a force of &amp;#x24;350.00&amp;#x24; N. The rope makes an angle of &amp;#x24;25.00&amp;#x5E;\circ&amp;#x24; upward with the horizontal. 
The acceleration due to gravity is &amp;#x24;9.81&amp;#x24; m/s&amp;#xB2;.  &lt;/p&gt;
&lt;p&gt;Calculate the total mass of the person and the sled in kilograms. Round your answers to two decimal places.&lt;/p&gt;</mattext>
          </material>
          <response_str ident="RESPONSE_q18" rcardinality="Single">
            <render_fib fibtype="Decimal" prompt="Box">
              <response_label ident="answer"/>
            </render_fib>
          </response_str>
        </presentation>
        <resprocessing>
          <outcomes>
            <decvar maxvalue="3" minvalue="0" varname="SCORE" vartype="Decimal"/>
          </outcomes>
          <respcondition continue="No">
            <conditionvar>
              <or>
                <varequal respident="RESPONSE_q18" margin="3" margintype="percent">162.05</varequal>
                <and>
                  <vargte respident="RESPONSE_q18">157.1885</vargte>
                  <varlte respident="RESPONSE_q18">166.91150000000002</varlte>
                </and>
              </or>
            </conditionvar>
            <setvar varname="SCORE" action="Set">3</setvar>
            <displayfeedback feedbacktype="Response" linkrefid="correct"/>
          </respcondition>
        </resprocessing>
        <itemfeedback ident="general_fb">
          <flow_mat>
            <material>
              <mattext texttype="text/plain">&lt;p&gt;Since the sled is moving at a constant speed&amp;#x2C; its acceleration is zero&amp;#x2C; and the net force in both the horizontal and vertical dimensions must be zero.&lt;/p&gt;
&lt;p&gt;We will define the positive &amp;#x24;x&amp;#x24;-direction as the direction of sled motion and the positive &amp;#x24;y&amp;#x24;-direction as straight up.&lt;/p&gt;
&lt;p&gt;The sum of vertical forces is:
[
\sum \vec{F_y} = N - mg &amp;#x2B; F \sin(\theta) = 0
]&lt;/p&gt;
&lt;p&gt;The sum of horizontal forces is:
[
\sum \vec{F_x} = F \cos(\theta) - f = 0
]&lt;/p&gt;
&lt;p&gt;The kinetic friction force is defined as &amp;#x24;f = \mu_k N&amp;#x24;. From the force equations&amp;#x2C; we have &amp;#x24;f = F \cos(\theta)&amp;#x24; and &amp;#x24;N = mg - F \sin(\theta)&amp;#x24;.
Substituting these into the friction definition:
[
F \cos(\theta) = \mu_k (mg - F \sin(\theta))
]
To find the mass &amp;#x24;m&amp;#x24;&amp;#x2C; we rearrange the equation:&lt;br /&gt;
[
m = \frac{F \cos(\theta) &amp;#x2B; \mu_k F \sin(\theta)}{\mu_k g}
]&lt;/p&gt;</mattext>
            </material>
          </flow_mat>
        </itemfeedback>
        <itemfeedback ident="correct_fb">
          <flow_mat>
            <material>
              <mattext texttype="text/plain">&lt;p&gt;Good job&amp;#x21;&lt;/p&gt;</mattext>
            </material>
          </flow_mat>
        </itemfeedback>
        <itemfeedback ident="general_incorrect_fb">
          <flow_mat>
            <material>
              <mattext texttype="text/plain">&lt;p&gt;Try again&amp;#x21;&lt;/p&gt;</mattext>
            </material>
          </flow_mat>
        </itemfeedback>
      </item>
      <item ident="q19" title="Child Pulling a Box of Toys">
        <itemmetadata>
          <qtimetadata>
            <qtimetadatafield>
              <fieldlabel>question_type</fieldlabel>
              <fieldentry>numerical_question</fieldentry>
            </qtimetadatafield>
          </qtimetadata>
        </itemmetadata>
        <presentation>
          <material>
            <mattext texttype="text/plain">&lt;p&gt;A child is pulling a box full of toys along a horizontal sidewalk at a steady speed. 
The total mass of the box and toys is &amp;#x24;15.00&amp;#x24; kg. 
The coefficient of kinetic friction between the box and the sidewalk is &amp;#x24;0.55&amp;#x24;. 
The child pulls on a rope attached to the box that makes an angle of &amp;#x24;50.00&amp;#x5E;\circ&amp;#x24; with the horizontal. 
The acceleration due to gravity is &amp;#x24;9.81&amp;#x24; m/s&amp;#xB2;.  &lt;/p&gt;
&lt;p&gt;What is the magnitude of the force the child exerts on the rope&amp;#x2C; in Newtons? Round your answers to two decimal places.&lt;/p&gt;</mattext>
          </material>
          <response_str ident="RESPONSE_q19" rcardinality="Single">
            <render_fib fibtype="Decimal" prompt="Box">
              <response_label ident="answer"/>
            </render_fib>
          </response_str>
        </presentation>
        <resprocessing>
          <outcomes>
            <decvar maxvalue="3" minvalue="0" varname="SCORE" vartype="Decimal"/>
          </outcomes>
          <respcondition continue="No">
            <conditionvar>
              <or>
                <varequal respident="RESPONSE_q19" margin="3" margintype="percent">76.06</varequal>
                <and>
                  <vargte respident="RESPONSE_q19">73.7782</vargte>
                  <varlte respident="RESPONSE_q19">78.3418</varlte>
                </and>
              </or>
            </conditionvar>
            <setvar varname="SCORE" action="Set">3</setvar>
            <displayfeedback feedbacktype="Response" linkrefid="correct"/>
          </respcondition>
        </resprocessing>
        <itemfeedback ident="general_fb">
          <flow_mat>
            <material>
              <mattext texttype="text/plain">&lt;p&gt;The box is moving at a steady speed&amp;#x2C; so its acceleration is zero. By Newton's second law&amp;#x2C; the sum of all forces acting on the box must be zero in both the horizontal and vertical directions.&lt;/p&gt;
&lt;p&gt;We'll set up a coordinate system with the positive &amp;#x24;x&amp;#x24;-axis in the direction of motion and the positive &amp;#x24;y&amp;#x24;-axis pointing vertically upward.&lt;/p&gt;
&lt;p&gt;The vertical forces sum to zero:
[
\sum \vec{F_y} = N - mg &amp;#x2B; F \sin(\theta) = 0
]&lt;/p&gt;
&lt;p&gt;The horizontal forces also sum to zero:
[
\sum \vec{F_x} = F \cos(\theta) - f = 0
]&lt;/p&gt;
&lt;p&gt;The force of kinetic friction is &amp;#x24;f = \mu_k N&amp;#x24;. We can find the normal force &amp;#x24;N&amp;#x24; from the vertical equation: &amp;#x24;N = mg - F \sin(\theta)&amp;#x24;.
Substituting this expression for &amp;#x24;N&amp;#x24; into the friction formula gives &amp;#x24;f = \mu_k (mg - F \sin(\theta))&amp;#x24;.
Now&amp;#x2C; we use the horizontal force equation&amp;#x2C; setting &amp;#x24;F \cos(\theta) = f&amp;#x24;:
[
F \cos(\theta) = \mu_k (mg - F \sin(\theta))
]
Finally&amp;#x2C; we solve for the pulling force &amp;#x24;F&amp;#x24;:
[
F = \frac{\mu_k mg}{\cos(\theta) &amp;#x2B; \mu_k \sin(\theta)}
]&lt;/p&gt;</mattext>
            </material>
          </flow_mat>
        </itemfeedback>
        <itemfeedback ident="correct_fb">
          <flow_mat>
            <material>
              <mattext texttype="text/plain">&lt;p&gt;Good job&amp;#x21;&lt;/p&gt;</mattext>
            </material>
          </flow_mat>
        </itemfeedback>
        <itemfeedback ident="general_incorrect_fb">
          <flow_mat>
            <material>
              <mattext texttype="text/plain">&lt;p&gt;Try again&amp;#x21;&lt;/p&gt;</mattext>
            </material>
          </flow_mat>
        </itemfeedback>
      </item>
      <item ident="q20" title="Draft Horse Pulling a Stone Block">
        <itemmetadata>
          <qtimetadata>
            <qtimetadatafield>
              <fieldlabel>question_type</fieldlabel>
              <fieldentry>numerical_question</fieldentry>
            </qtimetadatafield>
          </qtimetadata>
        </itemmetadata>
        <presentation>
          <material>
            <mattext texttype="text/plain">&lt;p&gt;A draft horse is dragging a large stone block of mass &amp;#x24;1500.00&amp;#x24; kg over rough&amp;#x2C; level ground at a constant speed for a construction project. 
The horse is attached to the block by a harness and chain&amp;#x2C; which makes an angle of &amp;#x24;12.00&amp;#x5E;\circ&amp;#x24; above the horizontal. 
The horse pulls with a constant force of &amp;#x24;9000.00&amp;#x24; N. 
The acceleration due to gravity is &amp;#x24;9.81&amp;#x24; m/s&amp;#xB2;.  &lt;/p&gt;
&lt;p&gt;Calculate the coefficient of kinetic friction between the stone block and the ground. Round your answers to two decimal places.&lt;/p&gt;</mattext>
          </material>
          <response_str ident="RESPONSE_q20" rcardinality="Single">
            <render_fib fibtype="Decimal" prompt="Box">
              <response_label ident="answer"/>
            </render_fib>
          </response_str>
        </presentation>
        <resprocessing>
          <outcomes>
            <decvar maxvalue="3" minvalue="0" varname="SCORE" vartype="Decimal"/>
          </outcomes>
          <respcondition continue="No">
            <conditionvar>
              <or>
                <varequal respident="RESPONSE_q20" margin="3" margintype="percent">0.69</varequal>
                <and>
                  <vargte respident="RESPONSE_q20">0.6693</vargte>
                  <varlte respident="RESPONSE_q20">0.7106999999999999</varlte>
                </and>
              </or>
            </conditionvar>
            <setvar varname="SCORE" action="Set">3</setvar>
            <displayfeedback feedbacktype="Response" linkrefid="correct"/>
          </respcondition>
        </resprocessing>
        <itemfeedback ident="general_fb">
          <flow_mat>
            <material>
              <mattext texttype="text/plain">&lt;p&gt;Since the block moves at a constant speed&amp;#x2C; its acceleration is zero. Therefore&amp;#x2C; according to Newton's second law&amp;#x2C; the net force on the block is zero in both the horizontal and vertical directions.&lt;/p&gt;
&lt;p&gt;We establish a coordinate system where the positive &amp;#x24;x&amp;#x24;-direction is the direction of motion and the positive &amp;#x24;y&amp;#x24;-direction is vertically upward.&lt;/p&gt;
&lt;p&gt;The sum of the vertical forces is zero:
[
\sum \vec{F_y} = N - mg &amp;#x2B; F \sin(\theta) = 0
]&lt;/p&gt;
&lt;p&gt;The sum of the horizontal forces is also zero:
[
\sum \vec{F_x} = F \cos(\theta) - f = 0
]&lt;/p&gt;
&lt;p&gt;From these equations&amp;#x2C; we can express the friction force as &amp;#x24;f = F \cos(\theta)&amp;#x24; and the normal force as &amp;#x24;N = mg - F \sin(\theta)&amp;#x24;.
The formula for kinetic friction is &amp;#x24;f = \mu_k N&amp;#x24;. By substituting the expressions for &amp;#x24;f&amp;#x24; and &amp;#x24;N&amp;#x24;&amp;#x2C; we get:
[
F \cos(\theta) = \mu_k (mg - F \sin(\theta))
]
Solving for the coefficient of kinetic friction&amp;#x2C; &amp;#x24;\mu_k&amp;#x24;:
[
\mu_k = \frac{F \cos(\theta)}{mg - F \sin(\theta)}
]&lt;/p&gt;</mattext>
            </material>
          </flow_mat>
        </itemfeedback>
        <itemfeedback ident="correct_fb">
          <flow_mat>
            <material>
              <mattext texttype="text/plain">&lt;p&gt;Good job&amp;#x21;&lt;/p&gt;</mattext>
            </material>
          </flow_mat>
        </itemfeedback>
        <itemfeedback ident="general_incorrect_fb">
          <flow_mat>
            <material>
              <mattext texttype="text/plain">&lt;p&gt;Try again&amp;#x21;&lt;/p&gt;</mattext>
            </material>
          </flow_mat>
        </itemfeedback>
      </item>
    </section>
  </assessment>
</questestinterop>
