<?xml version="1.0" ?>
<manifest xmlns="http://www.imsglobal.org/xsd/imscp_v1p1" xmlns:lom="http://ltsc.ieee.org/xsd/imsccv1p1/LOM/resource" xmlns:imsmd="http://www.imsglobal.org/xsd/imsmd_v1p2" xmlns:xsi="http://www.w3.org/2001/XMLSchema-instance" identifier="MANIFEST01" xsi:schemaLocation="http://www.imsglobal.org/xsd/imscp_v1p1 http://www.imsglobal.org/xsd/imscp_v1p1.xsd">
  <organizations>
    <organization identifier="ORG01"/>
  </organizations>
  <metadata>
    <schema>IMS Content</schema>
    <schemaversion>1.1.3</schemaversion>
    <imsmd:lom>
      <imsmd:general>
        <imsmd:title>
          <imsmd:string>Testing AI-Generated QTI Import</imsmd:string>
        </imsmd:title>
      </imsmd:general>
      <imsmd:lifeCycle>
        <imsmd:contribute>
          <imsmd:date>
            <imsmd:dateTime>2025-09-09</imsmd:dateTime>
          </imsmd:date>
        </imsmd:contribute>
      </imsmd:lifeCycle>
      <imsmd:rights>
        <imsmd:copyrightAndOtherRestrictions>
          <imsmd:value>yes</imsmd:value>
        </imsmd:copyrightAndOtherRestrictions>
        <imsmd:description>
          <imsmd:string>Private (Copyrighted) - http://en.wikipedia.org/wiki/Copyright</imsmd:string>
        </imsmd:description>
      </imsmd:rights>
    </imsmd:lom>
  </metadata>
  <resources>
    <resource identifier="qti" type="imsqti_xmlv1p2" href="qti/qti.xml">
      <file href="qti/qti.xml"/>
    </resource>
    <resource identifier="q-26" type="webcontent" href="media/q-26.png">
      <file href="media/q-26.png"/>
    </resource>
    <resource identifier="q-1" type="webcontent" href="media/q-1.png">
      <file href="media/q-1.png"/>
    </resource>
    <resource identifier="q-2" type="webcontent" href="media/q-2.png">
      <file href="media/q-2.png"/>
    </resource>
    <resource identifier="q-3" type="webcontent" href="media/q-3.png">
      <file href="media/q-3.png"/>
    </resource>
    <resource identifier="q-4" type="webcontent" href="media/q-4.png">
      <file href="media/q-4.png"/>
    </resource>
    <resource identifier="q-5" type="webcontent" href="media/q-5.png">
      <file href="media/q-5.png"/>
    </resource>
    <resource identifier="q-6" type="webcontent" href="media/q-6.png">
      <file href="media/q-6.png"/>
    </resource>
    <resource identifier="q-7" type="webcontent" href="media/q-7.png">
      <file href="media/q-7.png"/>
    </resource>
    <resource identifier="q-8" type="webcontent" href="media/q-8.png">
      <file href="media/q-8.png"/>
    </resource>
    <resource identifier="q-9" type="webcontent" href="media/q-9.png">
      <file href="media/q-9.png"/>
    </resource>
    <resource identifier="q-10" type="webcontent" href="media/q-10.png">
      <file href="media/q-10.png"/>
    </resource>
    <resource identifier="q-11" type="webcontent" href="media/q-11.png">
      <file href="media/q-11.png"/>
    </resource>
    <resource identifier="q-12" type="webcontent" href="media/q-12.png">
      <file href="media/q-12.png"/>
    </resource>
    <resource identifier="q-13" type="webcontent" href="media/q-13.png">
      <file href="media/q-13.png"/>
    </resource>
    <resource identifier="q-14" type="webcontent" href="media/q-14.png">
      <file href="media/q-14.png"/>
    </resource>
    <resource identifier="q-15" type="webcontent" href="media/q-15.png">
      <file href="media/q-15.png"/>
    </resource>
    <resource identifier="q-16" type="webcontent" href="media/q-16.png">
      <file href="media/q-16.png"/>
    </resource>
    <resource identifier="q-17" type="webcontent" href="media/q-17.png">
      <file href="media/q-17.png"/>
    </resource>
    <resource identifier="q-18" type="webcontent" href="media/q-18.png">
      <file href="media/q-18.png"/>
    </resource>
    <resource identifier="q-19" type="webcontent" href="media/q-19.png">
      <file href="media/q-19.png"/>
    </resource>
    <resource identifier="q-20" type="webcontent" href="media/q-20.png">
      <file href="media/q-20.png"/>
    </resource>
    <resource identifier="q-21" type="webcontent" href="media/q-21.png">
      <file href="media/q-21.png"/>
    </resource>
    <resource identifier="q-22" type="webcontent" href="media/q-22.png">
      <file href="media/q-22.png"/>
    </resource>
    <resource identifier="q-23" type="webcontent" href="media/q-23.png">
      <file href="media/q-23.png"/>
    </resource>
    <resource identifier="q-24" type="webcontent" href="media/q-24.png">
      <file href="media/q-24.png"/>
    </resource>
    <resource identifier="q-25" type="webcontent" href="media/q-25.png">
      <file href="media/q-25.png"/>
    </resource>
  </resources>
</manifest>
