<?xml version="1.0" ?>
<manifest xmlns="http://www.imsglobal.org/xsd/imscp_v1p1" xmlns:lom="http://ltsc.ieee.org/xsd/imsccv1p1/LOM/resource" xmlns:imsmd="http://www.imsglobal.org/xsd/imsmd_v1p2" xmlns:xsi="http://www.w3.org/2001/XMLSchema-instance" identifier="MANIFEST01" xsi:schemaLocation="http://www.imsglobal.org/xsd/imscp_v1p1 http://www.imsglobal.org/xsd/imscp_v1p1.xsd">
  <organizations>
    <organization identifier="ORG01"/>
  </organizations>
  <metadata>
    <schema>IMS Content</schema>
    <schemaversion>1.1.3</schemaversion>
    <imsmd:lom>
      <imsmd:general>
        <imsmd:title>
          <imsmd:string>Testing AI-Generated QTI Import</imsmd:string>
        </imsmd:title>
      </imsmd:general>
      <imsmd:lifeCycle>
        <imsmd:contribute>
          <imsmd:date>
            <imsmd:dateTime>2025-11-11</imsmd:dateTime>
          </imsmd:date>
        </imsmd:contribute>
      </imsmd:lifeCycle>
      <imsmd:rights>
        <imsmd:copyrightAndOtherRestrictions>
          <imsmd:value>yes</imsmd:value>
        </imsmd:copyrightAndOtherRestrictions>
        <imsmd:description>
          <imsmd:string>Private (Copyrighted) - http://en.wikipedia.org/wiki/Copyright</imsmd:string>
        </imsmd:description>
      </imsmd:rights>
    </imsmd:lom>
  </metadata>
  <resources>
    <resource identifier="qti" type="imsqti_xmlv1p2" href="qti/qti.xml">
      <file href="qti/qti.xml"/>
    </resource>
    <resource identifier="upper_left_v_right_I" type="webcontent" href="media/upper_left_v_right_I.png">
      <file href="media/upper_left_v_right_I.png"/>
    </resource>
    <resource identifier="lower_right_v_left_A" type="webcontent" href="media/lower_right_v_left_A.png">
      <file href="media/lower_right_v_left_A.png"/>
    </resource>
    <resource identifier="lower_right_v_left_B" type="webcontent" href="media/lower_right_v_left_B.png">
      <file href="media/lower_right_v_left_B.png"/>
    </resource>
    <resource identifier="lower_right_v_left_C" type="webcontent" href="media/lower_right_v_left_C.png">
      <file href="media/lower_right_v_left_C.png"/>
    </resource>
    <resource identifier="lower_right_v_left_D" type="webcontent" href="media/lower_right_v_left_D.png">
      <file href="media/lower_right_v_left_D.png"/>
    </resource>
    <resource identifier="lower_right_v_left_E" type="webcontent" href="media/lower_right_v_left_E.png">
      <file href="media/lower_right_v_left_E.png"/>
    </resource>
    <resource identifier="lower_right_v_left_F" type="webcontent" href="media/lower_right_v_left_F.png">
      <file href="media/lower_right_v_left_F.png"/>
    </resource>
    <resource identifier="lower_right_v_left_G" type="webcontent" href="media/lower_right_v_left_G.png">
      <file href="media/lower_right_v_left_G.png"/>
    </resource>
    <resource identifier="lower_right_v_left_H" type="webcontent" href="media/lower_right_v_left_H.png">
      <file href="media/lower_right_v_left_H.png"/>
    </resource>
    <resource identifier="lower_right_v_left_I" type="webcontent" href="media/lower_right_v_left_I.png">
      <file href="media/lower_right_v_left_I.png"/>
    </resource>
    <resource identifier="upper_left_v_right_A" type="webcontent" href="media/upper_left_v_right_A.png">
      <file href="media/upper_left_v_right_A.png"/>
    </resource>
    <resource identifier="upper_left_v_right_B" type="webcontent" href="media/upper_left_v_right_B.png">
      <file href="media/upper_left_v_right_B.png"/>
    </resource>
    <resource identifier="upper_left_v_right_C" type="webcontent" href="media/upper_left_v_right_C.png">
      <file href="media/upper_left_v_right_C.png"/>
    </resource>
    <resource identifier="upper_left_v_right_D" type="webcontent" href="media/upper_left_v_right_D.png">
      <file href="media/upper_left_v_right_D.png"/>
    </resource>
    <resource identifier="upper_left_v_right_E" type="webcontent" href="media/upper_left_v_right_E.png">
      <file href="media/upper_left_v_right_E.png"/>
    </resource>
    <resource identifier="upper_left_v_right_F" type="webcontent" href="media/upper_left_v_right_F.png">
      <file href="media/upper_left_v_right_F.png"/>
    </resource>
    <resource identifier="upper_left_v_right_G" type="webcontent" href="media/upper_left_v_right_G.png">
      <file href="media/upper_left_v_right_G.png"/>
    </resource>
    <resource identifier="upper_left_v_right_H" type="webcontent" href="media/upper_left_v_right_H.png">
      <file href="media/upper_left_v_right_H.png"/>
    </resource>
  </resources>
</manifest>
