<?xml version='1.0' encoding='utf-8'?>
<questestinterop xmlns="http://www.imsglobal.org/xsd/ims_qtiasiv1p2" xmlns:xsi="http://www.w3.org/2001/XMLSchema-instance" xsi:schemaLocation="http://www.imsglobal.org/xsd/ims_qtiasiv1p2 http://www.imsglobal.org/xsd/ims_qtiasiv1p2p1.xsd">
  <assessment ident="qti" title="1D Kinematics with Non-Constant Acceleration">
    <qtimetadata>
      <qtimetadatafield>
        <fieldlabel>cc_maxattempts</fieldlabel>
        <fieldentry>1</fieldentry>
      </qtimetadatafield>
    </qtimetadata>
    <section ident="root_section">
      <item ident="q1" title="F1 Racecar — distance">
        <itemmetadata>
          <qtimetadata>
            <qtimetadatafield>
              <fieldlabel>question_type</fieldlabel>
              <fieldentry>numerical_question</fieldentry>
            </qtimetadatafield>
          </qtimetadata>
        </itemmetadata>
        <presentation>
          <material>
            <mattext texttype="text/plain">&lt;p&gt;F1 Racecar. An object moves from starting line toward pit wall&amp;#x2C; starting &lt;math xmlns="http://www.w3.org/1998/Math/MathML" display="inline"&gt;&lt;mrow&gt;&lt;mn&gt;34.1&lt;/mn&gt;&lt;mtext&gt;&amp;#x000A0;&lt;/mtext&gt;&lt;mtext&gt;m&lt;/mtext&gt;&lt;/mrow&gt;&lt;/math&gt; away at &lt;math xmlns="http://www.w3.org/1998/Math/MathML" display="inline"&gt;&lt;mrow&gt;&lt;mn&gt;9.75&lt;/mn&gt;&lt;mtext&gt;&amp;#x000A0;&lt;/mtext&gt;&lt;mtext&gt;m/s&lt;/mtext&gt;&lt;/mrow&gt;&lt;/math&gt; for &lt;math xmlns="http://www.w3.org/1998/Math/MathML" display="inline"&gt;&lt;mrow&gt;&lt;mn&gt;3.99&lt;/mn&gt;&lt;mtext&gt;&amp;#x000A0;&lt;/mtext&gt;&lt;mtext&gt;s&lt;/mtext&gt;&lt;/mrow&gt;&lt;/math&gt;.&lt;/p&gt;</mattext>
          </material>
          <response_str ident="RESPONSE_q1" rcardinality="Single">
            <render_fib fibtype="Decimal" prompt="Box">
              <response_label ident="answer"/>
            </render_fib>
          </response_str>
        </presentation>
        <resprocessing>
          <outcomes>
            <decvar maxvalue="3" minvalue="0" varname="SCORE" vartype="Decimal"/>
          </outcomes>
          <respcondition continue="No">
            <conditionvar>
              <or>
                <varequal respident="RESPONSE_q1" margin="0.143003" margintype="absolute">14.3003</varequal>
                <and>
                  <vargte respident="RESPONSE_q1">14.157297</vargte>
                  <varlte respident="RESPONSE_q1">14.443303</varlte>
                </and>
              </or>
            </conditionvar>
            <setvar varname="SCORE" action="Set">3</setvar>
            <displayfeedback feedbacktype="Response" linkrefid="correct"/>
          </respcondition>
        </resprocessing>
        <itemfeedback ident="general_fb">
          <flow_mat>
            <material>
              <mattext texttype="text/plain">&lt;p&gt;Start with the given motion equation:&lt;/p&gt;
&lt;math xmlns="http://www.w3.org/1998/Math/MathML" display="inline"&gt;&lt;mrow&gt;&lt;msub&gt;&lt;mi&gt;a&lt;/mi&gt;&lt;mi&gt;x&lt;/mi&gt;&lt;/msub&gt;&lt;mo stretchy="false"&gt;&amp;#x00028;&lt;/mo&gt;&lt;mi&gt;t&lt;/mi&gt;&lt;mo stretchy="false"&gt;&amp;#x00029;&lt;/mo&gt;&lt;mo&gt;&amp;#x0003D;&lt;/mo&gt;&lt;mo&gt;&amp;#x02212;&lt;/mo&gt;&lt;mn&gt;0.9&lt;/mn&gt;&lt;mo&gt;&amp;#x0002B;&lt;/mo&gt;&lt;mo&gt;&amp;#x02212;&lt;/mo&gt;&lt;mn&gt;0.51&lt;/mn&gt;&lt;mi&gt;t&lt;/mi&gt;&lt;mo&gt;&amp;#x0002B;&lt;/mo&gt;&lt;mo&gt;&amp;#x02212;&lt;/mo&gt;&lt;mn&gt;0.57&lt;/mn&gt;&lt;msup&gt;&lt;mi&gt;t&lt;/mi&gt;&lt;mn&gt;2&lt;/mn&gt;&lt;/msup&gt;&lt;/mrow&gt;&lt;/math&gt;

&lt;p&gt;Integrate once to get velocity and twice to get position:&lt;/p&gt;
&lt;math xmlns="http://www.w3.org/1998/Math/MathML" display="inline"&gt;&lt;mrow&gt;&lt;msub&gt;&lt;mi&gt;v&lt;/mi&gt;&lt;mi&gt;x&lt;/mi&gt;&lt;/msub&gt;&lt;mo stretchy="false"&gt;&amp;#x00028;&lt;/mo&gt;&lt;mi&gt;t&lt;/mi&gt;&lt;mo stretchy="false"&gt;&amp;#x00029;&lt;/mo&gt;&lt;mo&gt;&amp;#x0003D;&lt;/mo&gt;&lt;mo&gt;&amp;#x02212;&lt;/mo&gt;&lt;mn&gt;0.9&lt;/mn&gt;&lt;mi&gt;t&lt;/mi&gt;&lt;mo&gt;&amp;#x0002B;&lt;/mo&gt;&lt;mn&gt;0.5&lt;/mn&gt;&lt;mo stretchy="false"&gt;&amp;#x00028;&lt;/mo&gt;&lt;mo&gt;&amp;#x02212;&lt;/mo&gt;&lt;mn&gt;0.51&lt;/mn&gt;&lt;mo stretchy="false"&gt;&amp;#x00029;&lt;/mo&gt;&lt;msup&gt;&lt;mi&gt;t&lt;/mi&gt;&lt;mn&gt;2&lt;/mn&gt;&lt;/msup&gt;&lt;mo&gt;&amp;#x0002B;&lt;/mo&gt;&lt;mo stretchy="false"&gt;&amp;#x00028;&lt;/mo&gt;&lt;mn&gt;1&lt;/mn&gt;&lt;mo&gt;&amp;#x0002F;&lt;/mo&gt;&lt;mn&gt;3&lt;/mn&gt;&lt;mo stretchy="false"&gt;&amp;#x00029;&lt;/mo&gt;&lt;mo stretchy="false"&gt;&amp;#x00028;&lt;/mo&gt;&lt;mo&gt;&amp;#x02212;&lt;/mo&gt;&lt;mn&gt;0.57&lt;/mn&gt;&lt;mo stretchy="false"&gt;&amp;#x00029;&lt;/mo&gt;&lt;msup&gt;&lt;mi&gt;t&lt;/mi&gt;&lt;mn&gt;3&lt;/mn&gt;&lt;/msup&gt;&lt;mo&gt;&amp;#x0002B;&lt;/mo&gt;&lt;mn&gt;9.75&lt;/mn&gt;&lt;/mrow&gt;&lt;/math&gt;

&lt;p&gt;Apply the initial conditions &lt;math xmlns="http://www.w3.org/1998/Math/MathML" display="inline"&gt;&lt;mrow&gt;&lt;msub&gt;&lt;mi&gt;v&lt;/mi&gt;&lt;mrow&gt;&lt;mn&gt;0&lt;/mn&gt;&lt;mi&gt;x&lt;/mi&gt;&lt;/mrow&gt;&lt;/msub&gt;&lt;mo&gt;&amp;#x0003D;&lt;/mo&gt;&lt;mn&gt;9.75&lt;/mn&gt;&lt;/mrow&gt;&lt;/math&gt;&amp;#x2C; &lt;math xmlns="http://www.w3.org/1998/Math/MathML" display="inline"&gt;&lt;mrow&gt;&lt;msub&gt;&lt;mi&gt;x&lt;/mi&gt;&lt;mn&gt;0&lt;/mn&gt;&lt;/msub&gt;&lt;mo&gt;&amp;#x0003D;&lt;/mo&gt;&lt;mn&gt;34.1&lt;/mn&gt;&lt;/mrow&gt;&lt;/math&gt; to solve for constants.&lt;/p&gt;
&lt;p&gt;Evaluate the position at &lt;math xmlns="http://www.w3.org/1998/Math/MathML" display="inline"&gt;&lt;mrow&gt;&lt;mi&gt;t&lt;/mi&gt;&lt;mo&gt;&amp;#x0003D;&lt;/mo&gt;&lt;mn&gt;3.99&lt;/mn&gt;&lt;/mrow&gt;&lt;/math&gt; and subtract &lt;math xmlns="http://www.w3.org/1998/Math/MathML" display="inline"&gt;&lt;mrow&gt;&lt;msub&gt;&lt;mi&gt;x&lt;/mi&gt;&lt;mn&gt;0&lt;/mn&gt;&lt;/msub&gt;&lt;/mrow&gt;&lt;/math&gt; to find the distance:&lt;/p&gt;
&lt;math xmlns="http://www.w3.org/1998/Math/MathML" display="inline"&gt;&lt;mrow&gt;&lt;mi&gt;&amp;#x00394;&lt;/mi&gt;&lt;mi&gt;x&lt;/mi&gt;&lt;mo&gt;&amp;#x0003D;&lt;/mo&gt;&lt;mn&gt;14.3&lt;/mn&gt;&lt;mtext&gt;&amp;#x000A0;&lt;/mtext&gt;&lt;mtext&gt;m&lt;/mtext&gt;&lt;/mrow&gt;&lt;/math&gt;</mattext>
            </material>
          </flow_mat>
        </itemfeedback>
        <itemfeedback ident="correct_fb">
          <flow_mat>
            <material>
              <mattext texttype="text/plain">&lt;p&gt;Great job&amp;#x21;&lt;/p&gt;</mattext>
            </material>
          </flow_mat>
        </itemfeedback>
        <itemfeedback ident="general_incorrect_fb">
          <flow_mat>
            <material>
              <mattext texttype="text/plain">&lt;p&gt;Try evaluating the full expression carefully.&lt;/p&gt;</mattext>
            </material>
          </flow_mat>
        </itemfeedback>
      </item>
      <item ident="q2" title="Rocket Launch — arrival kinematics">
        <itemmetadata>
          <qtimetadata>
            <qtimetadatafield>
              <fieldlabel>question_type</fieldlabel>
              <fieldentry>numerical_question</fieldentry>
            </qtimetadatafield>
          </qtimetadata>
        </itemmetadata>
        <presentation>
          <material>
            <mattext texttype="text/plain">&lt;p&gt;Rocket Launch. An object moves from ground pad toward hovering drone&amp;#x2C; starting &lt;math xmlns="http://www.w3.org/1998/Math/MathML" display="inline"&gt;&lt;mrow&gt;&lt;mn&gt;65.9&lt;/mn&gt;&lt;mtext&gt;&amp;#x000A0;&lt;/mtext&gt;&lt;mtext&gt;m&lt;/mtext&gt;&lt;/mrow&gt;&lt;/math&gt; away at &lt;math xmlns="http://www.w3.org/1998/Math/MathML" display="inline"&gt;&lt;mrow&gt;&lt;mn&gt;3.38&lt;/mn&gt;&lt;mtext&gt;&amp;#x000A0;&lt;/mtext&gt;&lt;mtext&gt;m/s&lt;/mtext&gt;&lt;/mrow&gt;&lt;/math&gt; for &lt;math xmlns="http://www.w3.org/1998/Math/MathML" display="inline"&gt;&lt;mrow&gt;&lt;mn&gt;7.39&lt;/mn&gt;&lt;mtext&gt;&amp;#x000A0;&lt;/mtext&gt;&lt;mtext&gt;s&lt;/mtext&gt;&lt;/mrow&gt;&lt;/math&gt;.&lt;/p&gt;</mattext>
          </material>
          <response_str ident="RESPONSE_q2" rcardinality="Single">
            <render_fib fibtype="Decimal" prompt="Box">
              <response_label ident="answer"/>
            </render_fib>
          </response_str>
        </presentation>
        <resprocessing>
          <outcomes>
            <decvar maxvalue="3" minvalue="0" varname="SCORE" vartype="Decimal"/>
          </outcomes>
          <respcondition continue="No">
            <conditionvar>
              <or>
                <varequal respident="RESPONSE_q2" margin="0.0225839" margintype="absolute">-2.25839</varequal>
                <and>
                  <vargte respident="RESPONSE_q2">-2.2809738999999998</vargte>
                  <varlte respident="RESPONSE_q2">-2.2358061</varlte>
                </and>
              </or>
            </conditionvar>
            <setvar varname="SCORE" action="Set">3</setvar>
            <displayfeedback feedbacktype="Response" linkrefid="correct"/>
          </respcondition>
        </resprocessing>
        <itemfeedback ident="general_fb">
          <flow_mat>
            <material>
              <mattext texttype="text/plain">&lt;p&gt;Start with the given motion equation:&lt;/p&gt;
&lt;math xmlns="http://www.w3.org/1998/Math/MathML" display="inline"&gt;&lt;mrow&gt;&lt;msub&gt;&lt;mi&gt;a&lt;/mi&gt;&lt;mi&gt;x&lt;/mi&gt;&lt;/msub&gt;&lt;mo stretchy="false"&gt;&amp;#x00028;&lt;/mo&gt;&lt;mi&gt;t&lt;/mi&gt;&lt;mo stretchy="false"&gt;&amp;#x00029;&lt;/mo&gt;&lt;mo&gt;&amp;#x0003D;&lt;/mo&gt;&lt;mo&gt;&amp;#x02212;&lt;/mo&gt;&lt;mn&gt;0.15&lt;/mn&gt;&lt;mo&gt;&amp;#x0002B;&lt;/mo&gt;&lt;mn&gt;0.11&lt;/mn&gt;&lt;mi&gt;t&lt;/mi&gt;&lt;mo&gt;&amp;#x0002B;&lt;/mo&gt;&lt;mo&gt;&amp;#x02212;&lt;/mo&gt;&lt;mn&gt;0.056&lt;/mn&gt;&lt;msup&gt;&lt;mi&gt;t&lt;/mi&gt;&lt;mn&gt;2&lt;/mn&gt;&lt;/msup&gt;&lt;/mrow&gt;&lt;/math&gt;

&lt;p&gt;Evaluate velocity expression at time t:&lt;/p&gt;
&lt;math xmlns="http://www.w3.org/1998/Math/MathML" display="inline"&gt;&lt;mrow&gt;&lt;mo&gt;&amp;#x02212;&lt;/mo&gt;&lt;mn&gt;2.258&lt;/mn&gt;&lt;/mrow&gt;&lt;/math&gt;</mattext>
            </material>
          </flow_mat>
        </itemfeedback>
        <itemfeedback ident="correct_fb">
          <flow_mat>
            <material>
              <mattext texttype="text/plain">&lt;p&gt;Great job&amp;#x21;&lt;/p&gt;</mattext>
            </material>
          </flow_mat>
        </itemfeedback>
        <itemfeedback ident="general_incorrect_fb">
          <flow_mat>
            <material>
              <mattext texttype="text/plain">&lt;p&gt;Try evaluating the full expression carefully.&lt;/p&gt;</mattext>
            </material>
          </flow_mat>
        </itemfeedback>
      </item>
      <item ident="q3" title="Rainbow Kart — distance">
        <itemmetadata>
          <qtimetadata>
            <qtimetadatafield>
              <fieldlabel>question_type</fieldlabel>
              <fieldentry>numerical_question</fieldentry>
            </qtimetadatafield>
          </qtimetadata>
        </itemmetadata>
        <presentation>
          <material>
            <mattext texttype="text/plain">&lt;p&gt;Rainbow Kart. An object moves from checkpoint star toward finish ribbon&amp;#x2C; starting &lt;math xmlns="http://www.w3.org/1998/Math/MathML" display="inline"&gt;&lt;mrow&gt;&lt;mn&gt;89.8&lt;/mn&gt;&lt;mtext&gt;&amp;#x000A0;&lt;/mtext&gt;&lt;mtext&gt;m&lt;/mtext&gt;&lt;/mrow&gt;&lt;/math&gt; away at &lt;math xmlns="http://www.w3.org/1998/Math/MathML" display="inline"&gt;&lt;mrow&gt;&lt;mn&gt;11.1&lt;/mn&gt;&lt;mtext&gt;&amp;#x000A0;&lt;/mtext&gt;&lt;mtext&gt;m/s&lt;/mtext&gt;&lt;/mrow&gt;&lt;/math&gt; for &lt;math xmlns="http://www.w3.org/1998/Math/MathML" display="inline"&gt;&lt;mrow&gt;&lt;mn&gt;8.02&lt;/mn&gt;&lt;mtext&gt;&amp;#x000A0;&lt;/mtext&gt;&lt;mtext&gt;s&lt;/mtext&gt;&lt;/mrow&gt;&lt;/math&gt;.&lt;/p&gt;</mattext>
          </material>
          <response_str ident="RESPONSE_q3" rcardinality="Single">
            <render_fib fibtype="Decimal" prompt="Box">
              <response_label ident="answer"/>
            </render_fib>
          </response_str>
        </presentation>
        <resprocessing>
          <outcomes>
            <decvar maxvalue="3" minvalue="0" varname="SCORE" vartype="Decimal"/>
          </outcomes>
          <respcondition continue="No">
            <conditionvar>
              <or>
                <varequal respident="RESPONSE_q3" margin="0.77719" margintype="absolute">77.719</varequal>
                <and>
                  <vargte respident="RESPONSE_q3">76.94180999999999</vargte>
                  <varlte respident="RESPONSE_q3">78.49619</varlte>
                </and>
              </or>
            </conditionvar>
            <setvar varname="SCORE" action="Set">3</setvar>
            <displayfeedback feedbacktype="Response" linkrefid="correct"/>
          </respcondition>
        </resprocessing>
        <itemfeedback ident="general_fb">
          <flow_mat>
            <material>
              <mattext texttype="text/plain">&lt;p&gt;Start with the given motion equation:&lt;/p&gt;
&lt;math xmlns="http://www.w3.org/1998/Math/MathML" display="inline"&gt;&lt;mrow&gt;&lt;msub&gt;&lt;mi&gt;a&lt;/mi&gt;&lt;mi&gt;x&lt;/mi&gt;&lt;/msub&gt;&lt;mo stretchy="false"&gt;&amp;#x00028;&lt;/mo&gt;&lt;mi&gt;t&lt;/mi&gt;&lt;mo stretchy="false"&gt;&amp;#x00029;&lt;/mo&gt;&lt;mo&gt;&amp;#x0003D;&lt;/mo&gt;&lt;mn&gt;0.18&lt;/mn&gt;&lt;mo&gt;&amp;#x0002B;&lt;/mo&gt;&lt;mo&gt;&amp;#x02212;&lt;/mo&gt;&lt;mn&gt;0.68&lt;/mn&gt;&lt;mi&gt;t&lt;/mi&gt;&lt;mo&gt;&amp;#x0002B;&lt;/mo&gt;&lt;mn&gt;0.12&lt;/mn&gt;&lt;msup&gt;&lt;mi&gt;t&lt;/mi&gt;&lt;mn&gt;2&lt;/mn&gt;&lt;/msup&gt;&lt;/mrow&gt;&lt;/math&gt;

&lt;p&gt;Integrate once to get velocity and twice to get position:&lt;/p&gt;
&lt;math xmlns="http://www.w3.org/1998/Math/MathML" display="inline"&gt;&lt;mrow&gt;&lt;msub&gt;&lt;mi&gt;v&lt;/mi&gt;&lt;mi&gt;x&lt;/mi&gt;&lt;/msub&gt;&lt;mo stretchy="false"&gt;&amp;#x00028;&lt;/mo&gt;&lt;mi&gt;t&lt;/mi&gt;&lt;mo stretchy="false"&gt;&amp;#x00029;&lt;/mo&gt;&lt;mo&gt;&amp;#x0003D;&lt;/mo&gt;&lt;mn&gt;0.18&lt;/mn&gt;&lt;mi&gt;t&lt;/mi&gt;&lt;mo&gt;&amp;#x0002B;&lt;/mo&gt;&lt;mn&gt;0.5&lt;/mn&gt;&lt;mo stretchy="false"&gt;&amp;#x00028;&lt;/mo&gt;&lt;mo&gt;&amp;#x02212;&lt;/mo&gt;&lt;mn&gt;0.68&lt;/mn&gt;&lt;mo stretchy="false"&gt;&amp;#x00029;&lt;/mo&gt;&lt;msup&gt;&lt;mi&gt;t&lt;/mi&gt;&lt;mn&gt;2&lt;/mn&gt;&lt;/msup&gt;&lt;mo&gt;&amp;#x0002B;&lt;/mo&gt;&lt;mo stretchy="false"&gt;&amp;#x00028;&lt;/mo&gt;&lt;mn&gt;1&lt;/mn&gt;&lt;mo&gt;&amp;#x0002F;&lt;/mo&gt;&lt;mn&gt;3&lt;/mn&gt;&lt;mo stretchy="false"&gt;&amp;#x00029;&lt;/mo&gt;&lt;mo stretchy="false"&gt;&amp;#x00028;&lt;/mo&gt;&lt;mn&gt;0.12&lt;/mn&gt;&lt;mo stretchy="false"&gt;&amp;#x00029;&lt;/mo&gt;&lt;msup&gt;&lt;mi&gt;t&lt;/mi&gt;&lt;mn&gt;3&lt;/mn&gt;&lt;/msup&gt;&lt;mo&gt;&amp;#x0002B;&lt;/mo&gt;&lt;mn&gt;11.1&lt;/mn&gt;&lt;/mrow&gt;&lt;/math&gt;

&lt;p&gt;Apply the initial conditions &lt;math xmlns="http://www.w3.org/1998/Math/MathML" display="inline"&gt;&lt;mrow&gt;&lt;msub&gt;&lt;mi&gt;v&lt;/mi&gt;&lt;mrow&gt;&lt;mn&gt;0&lt;/mn&gt;&lt;mi&gt;x&lt;/mi&gt;&lt;/mrow&gt;&lt;/msub&gt;&lt;mo&gt;&amp;#x0003D;&lt;/mo&gt;&lt;mn&gt;11.1&lt;/mn&gt;&lt;/mrow&gt;&lt;/math&gt;&amp;#x2C; &lt;math xmlns="http://www.w3.org/1998/Math/MathML" display="inline"&gt;&lt;mrow&gt;&lt;msub&gt;&lt;mi&gt;x&lt;/mi&gt;&lt;mn&gt;0&lt;/mn&gt;&lt;/msub&gt;&lt;mo&gt;&amp;#x0003D;&lt;/mo&gt;&lt;mn&gt;89.8&lt;/mn&gt;&lt;/mrow&gt;&lt;/math&gt; to solve for constants.&lt;/p&gt;
&lt;p&gt;Evaluate the position at &lt;math xmlns="http://www.w3.org/1998/Math/MathML" display="inline"&gt;&lt;mrow&gt;&lt;mi&gt;t&lt;/mi&gt;&lt;mo&gt;&amp;#x0003D;&lt;/mo&gt;&lt;mn&gt;8.02&lt;/mn&gt;&lt;/mrow&gt;&lt;/math&gt; and subtract &lt;math xmlns="http://www.w3.org/1998/Math/MathML" display="inline"&gt;&lt;mrow&gt;&lt;msub&gt;&lt;mi&gt;x&lt;/mi&gt;&lt;mn&gt;0&lt;/mn&gt;&lt;/msub&gt;&lt;/mrow&gt;&lt;/math&gt; to find the distance:&lt;/p&gt;
&lt;math xmlns="http://www.w3.org/1998/Math/MathML" display="inline"&gt;&lt;mrow&gt;&lt;mi&gt;&amp;#x00394;&lt;/mi&gt;&lt;mi&gt;x&lt;/mi&gt;&lt;mo&gt;&amp;#x0003D;&lt;/mo&gt;&lt;mn&gt;77.72&lt;/mn&gt;&lt;mtext&gt;&amp;#x000A0;&lt;/mtext&gt;&lt;mtext&gt;m&lt;/mtext&gt;&lt;/mrow&gt;&lt;/math&gt;</mattext>
            </material>
          </flow_mat>
        </itemfeedback>
        <itemfeedback ident="correct_fb">
          <flow_mat>
            <material>
              <mattext texttype="text/plain">&lt;p&gt;Great job&amp;#x21;&lt;/p&gt;</mattext>
            </material>
          </flow_mat>
        </itemfeedback>
        <itemfeedback ident="general_incorrect_fb">
          <flow_mat>
            <material>
              <mattext texttype="text/plain">&lt;p&gt;Try evaluating the full expression carefully.&lt;/p&gt;</mattext>
            </material>
          </flow_mat>
        </itemfeedback>
      </item>
      <item ident="q4" title="Olympic Sprinter — distance">
        <itemmetadata>
          <qtimetadata>
            <qtimetadatafield>
              <fieldlabel>question_type</fieldlabel>
              <fieldentry>numerical_question</fieldentry>
            </qtimetadatafield>
          </qtimetadata>
        </itemmetadata>
        <presentation>
          <material>
            <mattext texttype="text/plain">&lt;p&gt;Olympic Sprinter. An object moves from teammate at trackside toward finish line&amp;#x2C; starting &lt;math xmlns="http://www.w3.org/1998/Math/MathML" display="inline"&gt;&lt;mrow&gt;&lt;mn&gt;3.79&lt;/mn&gt;&lt;mtext&gt;&amp;#x000A0;&lt;/mtext&gt;&lt;mtext&gt;m&lt;/mtext&gt;&lt;/mrow&gt;&lt;/math&gt; away at &lt;math xmlns="http://www.w3.org/1998/Math/MathML" display="inline"&gt;&lt;mrow&gt;&lt;mn&gt;3.33&lt;/mn&gt;&lt;mtext&gt;&amp;#x000A0;&lt;/mtext&gt;&lt;mtext&gt;m/s&lt;/mtext&gt;&lt;/mrow&gt;&lt;/math&gt; for &lt;math xmlns="http://www.w3.org/1998/Math/MathML" display="inline"&gt;&lt;mrow&gt;&lt;mn&gt;6.85&lt;/mn&gt;&lt;mtext&gt;&amp;#x000A0;&lt;/mtext&gt;&lt;mtext&gt;s&lt;/mtext&gt;&lt;/mrow&gt;&lt;/math&gt;.&lt;/p&gt;</mattext>
          </material>
          <response_str ident="RESPONSE_q4" rcardinality="Single">
            <render_fib fibtype="Decimal" prompt="Box">
              <response_label ident="answer"/>
            </render_fib>
          </response_str>
        </presentation>
        <resprocessing>
          <outcomes>
            <decvar maxvalue="3" minvalue="0" varname="SCORE" vartype="Decimal"/>
          </outcomes>
          <respcondition continue="No">
            <conditionvar>
              <or>
                <varequal respident="RESPONSE_q4" margin="0.58138" margintype="absolute">58.138</varequal>
                <and>
                  <vargte respident="RESPONSE_q4">57.556619999999995</vargte>
                  <varlte respident="RESPONSE_q4">58.71938</varlte>
                </and>
              </or>
            </conditionvar>
            <setvar varname="SCORE" action="Set">3</setvar>
            <displayfeedback feedbacktype="Response" linkrefid="correct"/>
          </respcondition>
        </resprocessing>
        <itemfeedback ident="general_fb">
          <flow_mat>
            <material>
              <mattext texttype="text/plain">&lt;p&gt;Start with the given motion equation:&lt;/p&gt;
&lt;math xmlns="http://www.w3.org/1998/Math/MathML" display="inline"&gt;&lt;mrow&gt;&lt;msub&gt;&lt;mi&gt;a&lt;/mi&gt;&lt;mi&gt;x&lt;/mi&gt;&lt;/msub&gt;&lt;mo stretchy="false"&gt;&amp;#x00028;&lt;/mo&gt;&lt;mi&gt;t&lt;/mi&gt;&lt;mo stretchy="false"&gt;&amp;#x00029;&lt;/mo&gt;&lt;mo&gt;&amp;#x0003D;&lt;/mo&gt;&lt;mo&gt;&amp;#x02212;&lt;/mo&gt;&lt;mn&gt;0.35&lt;/mn&gt;&lt;mo&gt;&amp;#x0002B;&lt;/mo&gt;&lt;mo&gt;&amp;#x02212;&lt;/mo&gt;&lt;mn&gt;0.66&lt;/mn&gt;&lt;mi&gt;t&lt;/mi&gt;&lt;mo&gt;&amp;#x0002B;&lt;/mo&gt;&lt;mn&gt;0.43&lt;/mn&gt;&lt;msup&gt;&lt;mi&gt;t&lt;/mi&gt;&lt;mn&gt;2&lt;/mn&gt;&lt;/msup&gt;&lt;/mrow&gt;&lt;/math&gt;

&lt;p&gt;Integrate once to get velocity and twice to get position:&lt;/p&gt;
&lt;math xmlns="http://www.w3.org/1998/Math/MathML" display="inline"&gt;&lt;mrow&gt;&lt;msub&gt;&lt;mi&gt;v&lt;/mi&gt;&lt;mi&gt;x&lt;/mi&gt;&lt;/msub&gt;&lt;mo stretchy="false"&gt;&amp;#x00028;&lt;/mo&gt;&lt;mi&gt;t&lt;/mi&gt;&lt;mo stretchy="false"&gt;&amp;#x00029;&lt;/mo&gt;&lt;mo&gt;&amp;#x0003D;&lt;/mo&gt;&lt;mo&gt;&amp;#x02212;&lt;/mo&gt;&lt;mn&gt;0.35&lt;/mn&gt;&lt;mi&gt;t&lt;/mi&gt;&lt;mo&gt;&amp;#x0002B;&lt;/mo&gt;&lt;mn&gt;0.5&lt;/mn&gt;&lt;mo stretchy="false"&gt;&amp;#x00028;&lt;/mo&gt;&lt;mo&gt;&amp;#x02212;&lt;/mo&gt;&lt;mn&gt;0.66&lt;/mn&gt;&lt;mo stretchy="false"&gt;&amp;#x00029;&lt;/mo&gt;&lt;msup&gt;&lt;mi&gt;t&lt;/mi&gt;&lt;mn&gt;2&lt;/mn&gt;&lt;/msup&gt;&lt;mo&gt;&amp;#x0002B;&lt;/mo&gt;&lt;mo stretchy="false"&gt;&amp;#x00028;&lt;/mo&gt;&lt;mn&gt;1&lt;/mn&gt;&lt;mo&gt;&amp;#x0002F;&lt;/mo&gt;&lt;mn&gt;3&lt;/mn&gt;&lt;mo stretchy="false"&gt;&amp;#x00029;&lt;/mo&gt;&lt;mo stretchy="false"&gt;&amp;#x00028;&lt;/mo&gt;&lt;mn&gt;0.43&lt;/mn&gt;&lt;mo stretchy="false"&gt;&amp;#x00029;&lt;/mo&gt;&lt;msup&gt;&lt;mi&gt;t&lt;/mi&gt;&lt;mn&gt;3&lt;/mn&gt;&lt;/msup&gt;&lt;mo&gt;&amp;#x0002B;&lt;/mo&gt;&lt;mn&gt;3.33&lt;/mn&gt;&lt;/mrow&gt;&lt;/math&gt;

&lt;p&gt;Apply the initial conditions &lt;math xmlns="http://www.w3.org/1998/Math/MathML" display="inline"&gt;&lt;mrow&gt;&lt;msub&gt;&lt;mi&gt;v&lt;/mi&gt;&lt;mrow&gt;&lt;mn&gt;0&lt;/mn&gt;&lt;mi&gt;x&lt;/mi&gt;&lt;/mrow&gt;&lt;/msub&gt;&lt;mo&gt;&amp;#x0003D;&lt;/mo&gt;&lt;mn&gt;3.33&lt;/mn&gt;&lt;/mrow&gt;&lt;/math&gt;&amp;#x2C; &lt;math xmlns="http://www.w3.org/1998/Math/MathML" display="inline"&gt;&lt;mrow&gt;&lt;msub&gt;&lt;mi&gt;x&lt;/mi&gt;&lt;mn&gt;0&lt;/mn&gt;&lt;/msub&gt;&lt;mo&gt;&amp;#x0003D;&lt;/mo&gt;&lt;mn&gt;3.79&lt;/mn&gt;&lt;/mrow&gt;&lt;/math&gt; to solve for constants.&lt;/p&gt;
&lt;p&gt;Evaluate the position at &lt;math xmlns="http://www.w3.org/1998/Math/MathML" display="inline"&gt;&lt;mrow&gt;&lt;mi&gt;t&lt;/mi&gt;&lt;mo&gt;&amp;#x0003D;&lt;/mo&gt;&lt;mn&gt;6.85&lt;/mn&gt;&lt;/mrow&gt;&lt;/math&gt; and subtract &lt;math xmlns="http://www.w3.org/1998/Math/MathML" display="inline"&gt;&lt;mrow&gt;&lt;msub&gt;&lt;mi&gt;x&lt;/mi&gt;&lt;mn&gt;0&lt;/mn&gt;&lt;/msub&gt;&lt;/mrow&gt;&lt;/math&gt; to find the distance:&lt;/p&gt;
&lt;math xmlns="http://www.w3.org/1998/Math/MathML" display="inline"&gt;&lt;mrow&gt;&lt;mi&gt;&amp;#x00394;&lt;/mi&gt;&lt;mi&gt;x&lt;/mi&gt;&lt;mo&gt;&amp;#x0003D;&lt;/mo&gt;&lt;mn&gt;58.14&lt;/mn&gt;&lt;mtext&gt;&amp;#x000A0;&lt;/mtext&gt;&lt;mtext&gt;m&lt;/mtext&gt;&lt;/mrow&gt;&lt;/math&gt;</mattext>
            </material>
          </flow_mat>
        </itemfeedback>
        <itemfeedback ident="correct_fb">
          <flow_mat>
            <material>
              <mattext texttype="text/plain">&lt;p&gt;Great job&amp;#x21;&lt;/p&gt;</mattext>
            </material>
          </flow_mat>
        </itemfeedback>
        <itemfeedback ident="general_incorrect_fb">
          <flow_mat>
            <material>
              <mattext texttype="text/plain">&lt;p&gt;Try evaluating the full expression carefully.&lt;/p&gt;</mattext>
            </material>
          </flow_mat>
        </itemfeedback>
      </item>
      <item ident="q5" title="Rocket Sled — distance">
        <itemmetadata>
          <qtimetadata>
            <qtimetadatafield>
              <fieldlabel>question_type</fieldlabel>
              <fieldentry>numerical_question</fieldentry>
            </qtimetadatafield>
          </qtimetadata>
        </itemmetadata>
        <presentation>
          <material>
            <mattext texttype="text/plain">&lt;p&gt;Rocket Sled. An object moves from starting marker toward top of ramp&amp;#x2C; starting &lt;math xmlns="http://www.w3.org/1998/Math/MathML" display="inline"&gt;&lt;mrow&gt;&lt;mn&gt;64&lt;/mn&gt;&lt;mtext&gt;&amp;#x000A0;&lt;/mtext&gt;&lt;mtext&gt;m&lt;/mtext&gt;&lt;/mrow&gt;&lt;/math&gt; away at &lt;math xmlns="http://www.w3.org/1998/Math/MathML" display="inline"&gt;&lt;mrow&gt;&lt;mn&gt;6.95&lt;/mn&gt;&lt;mtext&gt;&amp;#x000A0;&lt;/mtext&gt;&lt;mtext&gt;m/s&lt;/mtext&gt;&lt;/mrow&gt;&lt;/math&gt; for &lt;math xmlns="http://www.w3.org/1998/Math/MathML" display="inline"&gt;&lt;mrow&gt;&lt;mn&gt;13&lt;/mn&gt;&lt;mtext&gt;&amp;#x000A0;&lt;/mtext&gt;&lt;mtext&gt;s&lt;/mtext&gt;&lt;/mrow&gt;&lt;/math&gt;.&lt;/p&gt;</mattext>
          </material>
          <response_str ident="RESPONSE_q5" rcardinality="Single">
            <render_fib fibtype="Decimal" prompt="Box">
              <response_label ident="answer"/>
            </render_fib>
          </response_str>
        </presentation>
        <resprocessing>
          <outcomes>
            <decvar maxvalue="3" minvalue="0" varname="SCORE" vartype="Decimal"/>
          </outcomes>
          <respcondition continue="No">
            <conditionvar>
              <or>
                <varequal respident="RESPONSE_q5" margin="0.547874" margintype="absolute">54.7874</varequal>
                <and>
                  <vargte respident="RESPONSE_q5">54.239526</vargte>
                  <varlte respident="RESPONSE_q5">55.335274</varlte>
                </and>
              </or>
            </conditionvar>
            <setvar varname="SCORE" action="Set">3</setvar>
            <displayfeedback feedbacktype="Response" linkrefid="correct"/>
          </respcondition>
        </resprocessing>
        <itemfeedback ident="general_fb">
          <flow_mat>
            <material>
              <mattext texttype="text/plain">&lt;p&gt;Start with the given motion equation:&lt;/p&gt;
&lt;math xmlns="http://www.w3.org/1998/Math/MathML" display="inline"&gt;&lt;mrow&gt;&lt;msub&gt;&lt;mi&gt;v&lt;/mi&gt;&lt;mi&gt;x&lt;/mi&gt;&lt;/msub&gt;&lt;mo stretchy="false"&gt;&amp;#x00028;&lt;/mo&gt;&lt;mi&gt;t&lt;/mi&gt;&lt;mo stretchy="false"&gt;&amp;#x00029;&lt;/mo&gt;&lt;mo&gt;&amp;#x0003D;&lt;/mo&gt;&lt;mn&gt;0.92&lt;/mn&gt;&lt;mo&gt;&amp;#x0002B;&lt;/mo&gt;&lt;mo&gt;&amp;#x02212;&lt;/mo&gt;&lt;mn&gt;0.31&lt;/mn&gt;&lt;mi&gt;t&lt;/mi&gt;&lt;mo&gt;&amp;#x0002B;&lt;/mo&gt;&lt;mo&gt;&amp;#x02212;&lt;/mo&gt;&lt;mn&gt;0.52&lt;/mn&gt;&lt;msup&gt;&lt;mi&gt;t&lt;/mi&gt;&lt;mn&gt;2&lt;/mn&gt;&lt;/msup&gt;&lt;mo&gt;&amp;#x0002B;&lt;/mo&gt;&lt;mn&gt;0.063&lt;/mn&gt;&lt;msup&gt;&lt;mi&gt;t&lt;/mi&gt;&lt;mn&gt;3&lt;/mn&gt;&lt;/msup&gt;&lt;/mrow&gt;&lt;/math&gt;

&lt;p&gt;Integrate once to get velocity and twice to get position:&lt;/p&gt;
&lt;math xmlns="http://www.w3.org/1998/Math/MathML" display="inline"&gt;&lt;mrow&gt;&lt;mi&gt;x&lt;/mi&gt;&lt;mo stretchy="false"&gt;&amp;#x00028;&lt;/mo&gt;&lt;mi&gt;t&lt;/mi&gt;&lt;mo stretchy="false"&gt;&amp;#x00029;&lt;/mo&gt;&lt;mo&gt;&amp;#x0003D;&lt;/mo&gt;&lt;mn&gt;0.92&lt;/mn&gt;&lt;mi&gt;t&lt;/mi&gt;&lt;mo&gt;&amp;#x0002B;&lt;/mo&gt;&lt;mn&gt;0.5&lt;/mn&gt;&lt;mo stretchy="false"&gt;&amp;#x00028;&lt;/mo&gt;&lt;mo&gt;&amp;#x02212;&lt;/mo&gt;&lt;mn&gt;0.31&lt;/mn&gt;&lt;mo stretchy="false"&gt;&amp;#x00029;&lt;/mo&gt;&lt;msup&gt;&lt;mi&gt;t&lt;/mi&gt;&lt;mn&gt;2&lt;/mn&gt;&lt;/msup&gt;&lt;mo&gt;&amp;#x0002B;&lt;/mo&gt;&lt;mo stretchy="false"&gt;&amp;#x00028;&lt;/mo&gt;&lt;mn&gt;1&lt;/mn&gt;&lt;mo&gt;&amp;#x0002F;&lt;/mo&gt;&lt;mn&gt;3&lt;/mn&gt;&lt;mo stretchy="false"&gt;&amp;#x00029;&lt;/mo&gt;&lt;mo stretchy="false"&gt;&amp;#x00028;&lt;/mo&gt;&lt;mo&gt;&amp;#x02212;&lt;/mo&gt;&lt;mn&gt;0.52&lt;/mn&gt;&lt;mo stretchy="false"&gt;&amp;#x00029;&lt;/mo&gt;&lt;msup&gt;&lt;mi&gt;t&lt;/mi&gt;&lt;mn&gt;3&lt;/mn&gt;&lt;/msup&gt;&lt;mo&gt;&amp;#x0002B;&lt;/mo&gt;&lt;mo stretchy="false"&gt;&amp;#x00028;&lt;/mo&gt;&lt;mn&gt;1&lt;/mn&gt;&lt;mo&gt;&amp;#x0002F;&lt;/mo&gt;&lt;mn&gt;4&lt;/mn&gt;&lt;mo stretchy="false"&gt;&amp;#x00029;&lt;/mo&gt;&lt;mo stretchy="false"&gt;&amp;#x00028;&lt;/mo&gt;&lt;mn&gt;0.063&lt;/mn&gt;&lt;mo stretchy="false"&gt;&amp;#x00029;&lt;/mo&gt;&lt;msup&gt;&lt;mi&gt;t&lt;/mi&gt;&lt;mn&gt;4&lt;/mn&gt;&lt;/msup&gt;&lt;mo&gt;&amp;#x0002B;&lt;/mo&gt;&lt;mn&gt;64&lt;/mn&gt;&lt;/mrow&gt;&lt;/math&gt;

&lt;p&gt;Apply the initial conditions &lt;math xmlns="http://www.w3.org/1998/Math/MathML" display="inline"&gt;&lt;mrow&gt;&lt;msub&gt;&lt;mi&gt;v&lt;/mi&gt;&lt;mrow&gt;&lt;mn&gt;0&lt;/mn&gt;&lt;mi&gt;x&lt;/mi&gt;&lt;/mrow&gt;&lt;/msub&gt;&lt;mo&gt;&amp;#x0003D;&lt;/mo&gt;&lt;mn&gt;6.95&lt;/mn&gt;&lt;/mrow&gt;&lt;/math&gt;&amp;#x2C; &lt;math xmlns="http://www.w3.org/1998/Math/MathML" display="inline"&gt;&lt;mrow&gt;&lt;msub&gt;&lt;mi&gt;x&lt;/mi&gt;&lt;mn&gt;0&lt;/mn&gt;&lt;/msub&gt;&lt;mo&gt;&amp;#x0003D;&lt;/mo&gt;&lt;mn&gt;64&lt;/mn&gt;&lt;/mrow&gt;&lt;/math&gt; to solve for constants.&lt;/p&gt;
&lt;p&gt;Evaluate the position at &lt;math xmlns="http://www.w3.org/1998/Math/MathML" display="inline"&gt;&lt;mrow&gt;&lt;mi&gt;t&lt;/mi&gt;&lt;mo&gt;&amp;#x0003D;&lt;/mo&gt;&lt;mn&gt;13&lt;/mn&gt;&lt;/mrow&gt;&lt;/math&gt; and subtract &lt;math xmlns="http://www.w3.org/1998/Math/MathML" display="inline"&gt;&lt;mrow&gt;&lt;msub&gt;&lt;mi&gt;x&lt;/mi&gt;&lt;mn&gt;0&lt;/mn&gt;&lt;/msub&gt;&lt;/mrow&gt;&lt;/math&gt; to find the distance:&lt;/p&gt;
&lt;math xmlns="http://www.w3.org/1998/Math/MathML" display="inline"&gt;&lt;mrow&gt;&lt;mi&gt;&amp;#x00394;&lt;/mi&gt;&lt;mi&gt;x&lt;/mi&gt;&lt;mo&gt;&amp;#x0003D;&lt;/mo&gt;&lt;mn&gt;54.79&lt;/mn&gt;&lt;mtext&gt;&amp;#x000A0;&lt;/mtext&gt;&lt;mtext&gt;m&lt;/mtext&gt;&lt;/mrow&gt;&lt;/math&gt;</mattext>
            </material>
          </flow_mat>
        </itemfeedback>
        <itemfeedback ident="correct_fb">
          <flow_mat>
            <material>
              <mattext texttype="text/plain">&lt;p&gt;Great job&amp;#x21;&lt;/p&gt;</mattext>
            </material>
          </flow_mat>
        </itemfeedback>
        <itemfeedback ident="general_incorrect_fb">
          <flow_mat>
            <material>
              <mattext texttype="text/plain">&lt;p&gt;Try evaluating the full expression carefully.&lt;/p&gt;</mattext>
            </material>
          </flow_mat>
        </itemfeedback>
      </item>
      <item ident="q6" title="Elevator Shaft — arrival kinematics">
        <itemmetadata>
          <qtimetadata>
            <qtimetadatafield>
              <fieldlabel>question_type</fieldlabel>
              <fieldentry>numerical_question</fieldentry>
            </qtimetadatafield>
          </qtimetadata>
        </itemmetadata>
        <presentation>
          <material>
            <mattext texttype="text/plain">&lt;p&gt;Elevator Shaft. An object moves from basement level toward fifth floor&amp;#x2C; starting &lt;math xmlns="http://www.w3.org/1998/Math/MathML" display="inline"&gt;&lt;mrow&gt;&lt;mn&gt;46.1&lt;/mn&gt;&lt;mtext&gt;&amp;#x000A0;&lt;/mtext&gt;&lt;mtext&gt;m&lt;/mtext&gt;&lt;/mrow&gt;&lt;/math&gt; away at &lt;math xmlns="http://www.w3.org/1998/Math/MathML" display="inline"&gt;&lt;mrow&gt;&lt;mn&gt;12.8&lt;/mn&gt;&lt;mtext&gt;&amp;#x000A0;&lt;/mtext&gt;&lt;mtext&gt;m/s&lt;/mtext&gt;&lt;/mrow&gt;&lt;/math&gt; for &lt;math xmlns="http://www.w3.org/1998/Math/MathML" display="inline"&gt;&lt;mrow&gt;&lt;mn&gt;6.96&lt;/mn&gt;&lt;mtext&gt;&amp;#x000A0;&lt;/mtext&gt;&lt;mtext&gt;s&lt;/mtext&gt;&lt;/mrow&gt;&lt;/math&gt;.&lt;/p&gt;</mattext>
          </material>
          <response_str ident="RESPONSE_q6" rcardinality="Single">
            <render_fib fibtype="Decimal" prompt="Box">
              <response_label ident="answer"/>
            </render_fib>
          </response_str>
        </presentation>
        <resprocessing>
          <outcomes>
            <decvar maxvalue="3" minvalue="0" varname="SCORE" vartype="Decimal"/>
          </outcomes>
          <respcondition continue="No">
            <conditionvar>
              <or>
                <varequal respident="RESPONSE_q6" margin="0.192482" margintype="absolute">19.2482</varequal>
                <and>
                  <vargte respident="RESPONSE_q6">19.055718000000002</vargte>
                  <varlte respident="RESPONSE_q6">19.440682</varlte>
                </and>
              </or>
            </conditionvar>
            <setvar varname="SCORE" action="Set">3</setvar>
            <displayfeedback feedbacktype="Response" linkrefid="correct"/>
          </respcondition>
        </resprocessing>
        <itemfeedback ident="general_fb">
          <flow_mat>
            <material>
              <mattext texttype="text/plain">&lt;p&gt;Start with the given motion equation:&lt;/p&gt;
&lt;math xmlns="http://www.w3.org/1998/Math/MathML" display="inline"&gt;&lt;mrow&gt;&lt;msub&gt;&lt;mi&gt;a&lt;/mi&gt;&lt;mi&gt;x&lt;/mi&gt;&lt;/msub&gt;&lt;mo stretchy="false"&gt;&amp;#x00028;&lt;/mo&gt;&lt;mi&gt;t&lt;/mi&gt;&lt;mo stretchy="false"&gt;&amp;#x00029;&lt;/mo&gt;&lt;mo&gt;&amp;#x0003D;&lt;/mo&gt;&lt;mo&gt;&amp;#x02212;&lt;/mo&gt;&lt;mn&gt;0.35&lt;/mn&gt;&lt;mo&gt;&amp;#x0002B;&lt;/mo&gt;&lt;mo&gt;&amp;#x02212;&lt;/mo&gt;&lt;mn&gt;0.19&lt;/mn&gt;&lt;mi&gt;t&lt;/mi&gt;&lt;mo&gt;&amp;#x0002B;&lt;/mo&gt;&lt;mn&gt;0.12&lt;/mn&gt;&lt;msup&gt;&lt;mi&gt;t&lt;/mi&gt;&lt;mn&gt;2&lt;/mn&gt;&lt;/msup&gt;&lt;/mrow&gt;&lt;/math&gt;

&lt;p&gt;Evaluate velocity expression at time t:&lt;/p&gt;
&lt;math xmlns="http://www.w3.org/1998/Math/MathML" display="inline"&gt;&lt;mrow&gt;&lt;mn&gt;19.25&lt;/mn&gt;&lt;/mrow&gt;&lt;/math&gt;</mattext>
            </material>
          </flow_mat>
        </itemfeedback>
        <itemfeedback ident="correct_fb">
          <flow_mat>
            <material>
              <mattext texttype="text/plain">&lt;p&gt;Great job&amp;#x21;&lt;/p&gt;</mattext>
            </material>
          </flow_mat>
        </itemfeedback>
        <itemfeedback ident="general_incorrect_fb">
          <flow_mat>
            <material>
              <mattext texttype="text/plain">&lt;p&gt;Try evaluating the full expression carefully.&lt;/p&gt;</mattext>
            </material>
          </flow_mat>
        </itemfeedback>
      </item>
      <item ident="q7" title="Bobsled Track — distance">
        <itemmetadata>
          <qtimetadata>
            <qtimetadatafield>
              <fieldlabel>question_type</fieldlabel>
              <fieldentry>numerical_question</fieldentry>
            </qtimetadatafield>
          </qtimetadata>
        </itemmetadata>
        <presentation>
          <material>
            <mattext texttype="text/plain">&lt;p&gt;Bobsled Track. An object moves from launch gate toward finish beam&amp;#x2C; starting &lt;math xmlns="http://www.w3.org/1998/Math/MathML" display="inline"&gt;&lt;mrow&gt;&lt;mn&gt;39.1&lt;/mn&gt;&lt;mtext&gt;&amp;#x000A0;&lt;/mtext&gt;&lt;mtext&gt;m&lt;/mtext&gt;&lt;/mrow&gt;&lt;/math&gt; away at &lt;math xmlns="http://www.w3.org/1998/Math/MathML" display="inline"&gt;&lt;mrow&gt;&lt;mn&gt;17.7&lt;/mn&gt;&lt;mtext&gt;&amp;#x000A0;&lt;/mtext&gt;&lt;mtext&gt;m/s&lt;/mtext&gt;&lt;/mrow&gt;&lt;/math&gt; for &lt;math xmlns="http://www.w3.org/1998/Math/MathML" display="inline"&gt;&lt;mrow&gt;&lt;mn&gt;17.4&lt;/mn&gt;&lt;mtext&gt;&amp;#x000A0;&lt;/mtext&gt;&lt;mtext&gt;s&lt;/mtext&gt;&lt;/mrow&gt;&lt;/math&gt;.&lt;/p&gt;</mattext>
          </material>
          <response_str ident="RESPONSE_q7" rcardinality="Single">
            <render_fib fibtype="Decimal" prompt="Box">
              <response_label ident="answer"/>
            </render_fib>
          </response_str>
        </presentation>
        <resprocessing>
          <outcomes>
            <decvar maxvalue="3" minvalue="0" varname="SCORE" vartype="Decimal"/>
          </outcomes>
          <respcondition continue="No">
            <conditionvar>
              <or>
                <varequal respident="RESPONSE_q7" margin="7.1867" margintype="absolute">718.67</varequal>
                <and>
                  <vargte respident="RESPONSE_q7">711.4833</vargte>
                  <varlte respident="RESPONSE_q7">725.8566999999999</varlte>
                </and>
              </or>
            </conditionvar>
            <setvar varname="SCORE" action="Set">3</setvar>
            <displayfeedback feedbacktype="Response" linkrefid="correct"/>
          </respcondition>
        </resprocessing>
        <itemfeedback ident="general_fb">
          <flow_mat>
            <material>
              <mattext texttype="text/plain">&lt;p&gt;Start with the given motion equation:&lt;/p&gt;
&lt;math xmlns="http://www.w3.org/1998/Math/MathML" display="inline"&gt;&lt;mrow&gt;&lt;msub&gt;&lt;mi&gt;a&lt;/mi&gt;&lt;mi&gt;x&lt;/mi&gt;&lt;/msub&gt;&lt;mo stretchy="false"&gt;&amp;#x00028;&lt;/mo&gt;&lt;mi&gt;t&lt;/mi&gt;&lt;mo stretchy="false"&gt;&amp;#x00029;&lt;/mo&gt;&lt;mo&gt;&amp;#x0003D;&lt;/mo&gt;&lt;mo&gt;&amp;#x02212;&lt;/mo&gt;&lt;mn&gt;0.081&lt;/mn&gt;&lt;mo&gt;&amp;#x0002B;&lt;/mo&gt;&lt;mn&gt;0.52&lt;/mn&gt;&lt;mi&gt;t&lt;/mi&gt;&lt;mo&gt;&amp;#x0002B;&lt;/mo&gt;&lt;mo&gt;&amp;#x02212;&lt;/mo&gt;&lt;mn&gt;0.0044&lt;/mn&gt;&lt;msup&gt;&lt;mi&gt;t&lt;/mi&gt;&lt;mn&gt;2&lt;/mn&gt;&lt;/msup&gt;&lt;/mrow&gt;&lt;/math&gt;

&lt;p&gt;Integrate once to get velocity and twice to get position:&lt;/p&gt;
&lt;math xmlns="http://www.w3.org/1998/Math/MathML" display="inline"&gt;&lt;mrow&gt;&lt;msub&gt;&lt;mi&gt;v&lt;/mi&gt;&lt;mi&gt;x&lt;/mi&gt;&lt;/msub&gt;&lt;mo stretchy="false"&gt;&amp;#x00028;&lt;/mo&gt;&lt;mi&gt;t&lt;/mi&gt;&lt;mo stretchy="false"&gt;&amp;#x00029;&lt;/mo&gt;&lt;mo&gt;&amp;#x0003D;&lt;/mo&gt;&lt;mo&gt;&amp;#x02212;&lt;/mo&gt;&lt;mn&gt;0.081&lt;/mn&gt;&lt;mi&gt;t&lt;/mi&gt;&lt;mo&gt;&amp;#x0002B;&lt;/mo&gt;&lt;mn&gt;0.5&lt;/mn&gt;&lt;mo stretchy="false"&gt;&amp;#x00028;&lt;/mo&gt;&lt;mn&gt;0.52&lt;/mn&gt;&lt;mo stretchy="false"&gt;&amp;#x00029;&lt;/mo&gt;&lt;msup&gt;&lt;mi&gt;t&lt;/mi&gt;&lt;mn&gt;2&lt;/mn&gt;&lt;/msup&gt;&lt;mo&gt;&amp;#x0002B;&lt;/mo&gt;&lt;mo stretchy="false"&gt;&amp;#x00028;&lt;/mo&gt;&lt;mn&gt;1&lt;/mn&gt;&lt;mo&gt;&amp;#x0002F;&lt;/mo&gt;&lt;mn&gt;3&lt;/mn&gt;&lt;mo stretchy="false"&gt;&amp;#x00029;&lt;/mo&gt;&lt;mo stretchy="false"&gt;&amp;#x00028;&lt;/mo&gt;&lt;mo&gt;&amp;#x02212;&lt;/mo&gt;&lt;mn&gt;0.0044&lt;/mn&gt;&lt;mo stretchy="false"&gt;&amp;#x00029;&lt;/mo&gt;&lt;msup&gt;&lt;mi&gt;t&lt;/mi&gt;&lt;mn&gt;3&lt;/mn&gt;&lt;/msup&gt;&lt;mo&gt;&amp;#x0002B;&lt;/mo&gt;&lt;mn&gt;17.7&lt;/mn&gt;&lt;/mrow&gt;&lt;/math&gt;

&lt;p&gt;Apply the initial conditions &lt;math xmlns="http://www.w3.org/1998/Math/MathML" display="inline"&gt;&lt;mrow&gt;&lt;msub&gt;&lt;mi&gt;v&lt;/mi&gt;&lt;mrow&gt;&lt;mn&gt;0&lt;/mn&gt;&lt;mi&gt;x&lt;/mi&gt;&lt;/mrow&gt;&lt;/msub&gt;&lt;mo&gt;&amp;#x0003D;&lt;/mo&gt;&lt;mn&gt;17.7&lt;/mn&gt;&lt;/mrow&gt;&lt;/math&gt;&amp;#x2C; &lt;math xmlns="http://www.w3.org/1998/Math/MathML" display="inline"&gt;&lt;mrow&gt;&lt;msub&gt;&lt;mi&gt;x&lt;/mi&gt;&lt;mn&gt;0&lt;/mn&gt;&lt;/msub&gt;&lt;mo&gt;&amp;#x0003D;&lt;/mo&gt;&lt;mn&gt;39.1&lt;/mn&gt;&lt;/mrow&gt;&lt;/math&gt; to solve for constants.&lt;/p&gt;
&lt;p&gt;Evaluate the position at &lt;math xmlns="http://www.w3.org/1998/Math/MathML" display="inline"&gt;&lt;mrow&gt;&lt;mi&gt;t&lt;/mi&gt;&lt;mo&gt;&amp;#x0003D;&lt;/mo&gt;&lt;mn&gt;17.4&lt;/mn&gt;&lt;/mrow&gt;&lt;/math&gt; and subtract &lt;math xmlns="http://www.w3.org/1998/Math/MathML" display="inline"&gt;&lt;mrow&gt;&lt;msub&gt;&lt;mi&gt;x&lt;/mi&gt;&lt;mn&gt;0&lt;/mn&gt;&lt;/msub&gt;&lt;/mrow&gt;&lt;/math&gt; to find the distance:&lt;/p&gt;
&lt;math xmlns="http://www.w3.org/1998/Math/MathML" display="inline"&gt;&lt;mrow&gt;&lt;mi&gt;&amp;#x00394;&lt;/mi&gt;&lt;mi&gt;x&lt;/mi&gt;&lt;mo&gt;&amp;#x0003D;&lt;/mo&gt;&lt;mn&gt;718.7&lt;/mn&gt;&lt;mtext&gt;&amp;#x000A0;&lt;/mtext&gt;&lt;mtext&gt;m&lt;/mtext&gt;&lt;/mrow&gt;&lt;/math&gt;</mattext>
            </material>
          </flow_mat>
        </itemfeedback>
        <itemfeedback ident="correct_fb">
          <flow_mat>
            <material>
              <mattext texttype="text/plain">&lt;p&gt;Great job&amp;#x21;&lt;/p&gt;</mattext>
            </material>
          </flow_mat>
        </itemfeedback>
        <itemfeedback ident="general_incorrect_fb">
          <flow_mat>
            <material>
              <mattext texttype="text/plain">&lt;p&gt;Try evaluating the full expression carefully.&lt;/p&gt;</mattext>
            </material>
          </flow_mat>
        </itemfeedback>
      </item>
      <item ident="q8" title="Delivery Drone — distance">
        <itemmetadata>
          <qtimetadata>
            <qtimetadatafield>
              <fieldlabel>question_type</fieldlabel>
              <fieldentry>numerical_question</fieldentry>
            </qtimetadatafield>
          </qtimetadata>
        </itemmetadata>
        <presentation>
          <material>
            <mattext texttype="text/plain">&lt;p&gt;Delivery Drone. An object moves from launch dock toward delivery point&amp;#x2C; starting &lt;math xmlns="http://www.w3.org/1998/Math/MathML" display="inline"&gt;&lt;mrow&gt;&lt;mn&gt;51.6&lt;/mn&gt;&lt;mtext&gt;&amp;#x000A0;&lt;/mtext&gt;&lt;mtext&gt;m&lt;/mtext&gt;&lt;/mrow&gt;&lt;/math&gt; away at &lt;math xmlns="http://www.w3.org/1998/Math/MathML" display="inline"&gt;&lt;mrow&gt;&lt;mn&gt;15.7&lt;/mn&gt;&lt;mtext&gt;&amp;#x000A0;&lt;/mtext&gt;&lt;mtext&gt;m/s&lt;/mtext&gt;&lt;/mrow&gt;&lt;/math&gt; for &lt;math xmlns="http://www.w3.org/1998/Math/MathML" display="inline"&gt;&lt;mrow&gt;&lt;mn&gt;4.36&lt;/mn&gt;&lt;mtext&gt;&amp;#x000A0;&lt;/mtext&gt;&lt;mtext&gt;s&lt;/mtext&gt;&lt;/mrow&gt;&lt;/math&gt;.&lt;/p&gt;</mattext>
          </material>
          <response_str ident="RESPONSE_q8" rcardinality="Single">
            <render_fib fibtype="Decimal" prompt="Box">
              <response_label ident="answer"/>
            </render_fib>
          </response_str>
        </presentation>
        <resprocessing>
          <outcomes>
            <decvar maxvalue="3" minvalue="0" varname="SCORE" vartype="Decimal"/>
          </outcomes>
          <respcondition continue="No">
            <conditionvar>
              <or>
                <varequal respident="RESPONSE_q8" margin="0.450293" margintype="absolute">45.0293</varequal>
                <and>
                  <vargte respident="RESPONSE_q8">44.579007</vargte>
                  <varlte respident="RESPONSE_q8">45.479593</varlte>
                </and>
              </or>
            </conditionvar>
            <setvar varname="SCORE" action="Set">3</setvar>
            <displayfeedback feedbacktype="Response" linkrefid="correct"/>
          </respcondition>
        </resprocessing>
        <itemfeedback ident="general_fb">
          <flow_mat>
            <material>
              <mattext texttype="text/plain">&lt;p&gt;Start with the given motion equation:&lt;/p&gt;
&lt;math xmlns="http://www.w3.org/1998/Math/MathML" display="inline"&gt;&lt;mrow&gt;&lt;msub&gt;&lt;mi&gt;v&lt;/mi&gt;&lt;mi&gt;x&lt;/mi&gt;&lt;/msub&gt;&lt;mo stretchy="false"&gt;&amp;#x00028;&lt;/mo&gt;&lt;mi&gt;t&lt;/mi&gt;&lt;mo stretchy="false"&gt;&amp;#x00029;&lt;/mo&gt;&lt;mo&gt;&amp;#x0003D;&lt;/mo&gt;&lt;mo&gt;&amp;#x02212;&lt;/mo&gt;&lt;mn&gt;0.45&lt;/mn&gt;&lt;mo&gt;&amp;#x0002B;&lt;/mo&gt;&lt;mn&gt;0.57&lt;/mn&gt;&lt;mi&gt;t&lt;/mi&gt;&lt;mo&gt;&amp;#x0002B;&lt;/mo&gt;&lt;mn&gt;0.72&lt;/mn&gt;&lt;msup&gt;&lt;mi&gt;t&lt;/mi&gt;&lt;mn&gt;2&lt;/mn&gt;&lt;/msup&gt;&lt;mo&gt;&amp;#x0002B;&lt;/mo&gt;&lt;mn&gt;0.24&lt;/mn&gt;&lt;msup&gt;&lt;mi&gt;t&lt;/mi&gt;&lt;mn&gt;3&lt;/mn&gt;&lt;/msup&gt;&lt;/mrow&gt;&lt;/math&gt;

&lt;p&gt;Integrate once to get velocity and twice to get position:&lt;/p&gt;
&lt;math xmlns="http://www.w3.org/1998/Math/MathML" display="inline"&gt;&lt;mrow&gt;&lt;mi&gt;x&lt;/mi&gt;&lt;mo stretchy="false"&gt;&amp;#x00028;&lt;/mo&gt;&lt;mi&gt;t&lt;/mi&gt;&lt;mo stretchy="false"&gt;&amp;#x00029;&lt;/mo&gt;&lt;mo&gt;&amp;#x0003D;&lt;/mo&gt;&lt;mo&gt;&amp;#x02212;&lt;/mo&gt;&lt;mn&gt;0.45&lt;/mn&gt;&lt;mi&gt;t&lt;/mi&gt;&lt;mo&gt;&amp;#x0002B;&lt;/mo&gt;&lt;mn&gt;0.5&lt;/mn&gt;&lt;mo stretchy="false"&gt;&amp;#x00028;&lt;/mo&gt;&lt;mn&gt;0.57&lt;/mn&gt;&lt;mo stretchy="false"&gt;&amp;#x00029;&lt;/mo&gt;&lt;msup&gt;&lt;mi&gt;t&lt;/mi&gt;&lt;mn&gt;2&lt;/mn&gt;&lt;/msup&gt;&lt;mo&gt;&amp;#x0002B;&lt;/mo&gt;&lt;mo stretchy="false"&gt;&amp;#x00028;&lt;/mo&gt;&lt;mn&gt;1&lt;/mn&gt;&lt;mo&gt;&amp;#x0002F;&lt;/mo&gt;&lt;mn&gt;3&lt;/mn&gt;&lt;mo stretchy="false"&gt;&amp;#x00029;&lt;/mo&gt;&lt;mo stretchy="false"&gt;&amp;#x00028;&lt;/mo&gt;&lt;mn&gt;0.72&lt;/mn&gt;&lt;mo stretchy="false"&gt;&amp;#x00029;&lt;/mo&gt;&lt;msup&gt;&lt;mi&gt;t&lt;/mi&gt;&lt;mn&gt;3&lt;/mn&gt;&lt;/msup&gt;&lt;mo&gt;&amp;#x0002B;&lt;/mo&gt;&lt;mo stretchy="false"&gt;&amp;#x00028;&lt;/mo&gt;&lt;mn&gt;1&lt;/mn&gt;&lt;mo&gt;&amp;#x0002F;&lt;/mo&gt;&lt;mn&gt;4&lt;/mn&gt;&lt;mo stretchy="false"&gt;&amp;#x00029;&lt;/mo&gt;&lt;mo stretchy="false"&gt;&amp;#x00028;&lt;/mo&gt;&lt;mn&gt;0.24&lt;/mn&gt;&lt;mo stretchy="false"&gt;&amp;#x00029;&lt;/mo&gt;&lt;msup&gt;&lt;mi&gt;t&lt;/mi&gt;&lt;mn&gt;4&lt;/mn&gt;&lt;/msup&gt;&lt;mo&gt;&amp;#x0002B;&lt;/mo&gt;&lt;mn&gt;51.6&lt;/mn&gt;&lt;/mrow&gt;&lt;/math&gt;

&lt;p&gt;Apply the initial conditions &lt;math xmlns="http://www.w3.org/1998/Math/MathML" display="inline"&gt;&lt;mrow&gt;&lt;msub&gt;&lt;mi&gt;v&lt;/mi&gt;&lt;mrow&gt;&lt;mn&gt;0&lt;/mn&gt;&lt;mi&gt;x&lt;/mi&gt;&lt;/mrow&gt;&lt;/msub&gt;&lt;mo&gt;&amp;#x0003D;&lt;/mo&gt;&lt;mn&gt;15.7&lt;/mn&gt;&lt;/mrow&gt;&lt;/math&gt;&amp;#x2C; &lt;math xmlns="http://www.w3.org/1998/Math/MathML" display="inline"&gt;&lt;mrow&gt;&lt;msub&gt;&lt;mi&gt;x&lt;/mi&gt;&lt;mn&gt;0&lt;/mn&gt;&lt;/msub&gt;&lt;mo&gt;&amp;#x0003D;&lt;/mo&gt;&lt;mn&gt;51.6&lt;/mn&gt;&lt;/mrow&gt;&lt;/math&gt; to solve for constants.&lt;/p&gt;
&lt;p&gt;Evaluate the position at &lt;math xmlns="http://www.w3.org/1998/Math/MathML" display="inline"&gt;&lt;mrow&gt;&lt;mi&gt;t&lt;/mi&gt;&lt;mo&gt;&amp;#x0003D;&lt;/mo&gt;&lt;mn&gt;4.36&lt;/mn&gt;&lt;/mrow&gt;&lt;/math&gt; and subtract &lt;math xmlns="http://www.w3.org/1998/Math/MathML" display="inline"&gt;&lt;mrow&gt;&lt;msub&gt;&lt;mi&gt;x&lt;/mi&gt;&lt;mn&gt;0&lt;/mn&gt;&lt;/msub&gt;&lt;/mrow&gt;&lt;/math&gt; to find the distance:&lt;/p&gt;
&lt;math xmlns="http://www.w3.org/1998/Math/MathML" display="inline"&gt;&lt;mrow&gt;&lt;mi&gt;&amp;#x00394;&lt;/mi&gt;&lt;mi&gt;x&lt;/mi&gt;&lt;mo&gt;&amp;#x0003D;&lt;/mo&gt;&lt;mn&gt;45.03&lt;/mn&gt;&lt;mtext&gt;&amp;#x000A0;&lt;/mtext&gt;&lt;mtext&gt;m&lt;/mtext&gt;&lt;/mrow&gt;&lt;/math&gt;</mattext>
            </material>
          </flow_mat>
        </itemfeedback>
        <itemfeedback ident="correct_fb">
          <flow_mat>
            <material>
              <mattext texttype="text/plain">&lt;p&gt;Great job&amp;#x21;&lt;/p&gt;</mattext>
            </material>
          </flow_mat>
        </itemfeedback>
        <itemfeedback ident="general_incorrect_fb">
          <flow_mat>
            <material>
              <mattext texttype="text/plain">&lt;p&gt;Try evaluating the full expression carefully.&lt;/p&gt;</mattext>
            </material>
          </flow_mat>
        </itemfeedback>
      </item>
      <item ident="q9" title="Fire Hose Carriage — arrival kinematics">
        <itemmetadata>
          <qtimetadata>
            <qtimetadatafield>
              <fieldlabel>question_type</fieldlabel>
              <fieldentry>numerical_question</fieldentry>
            </qtimetadatafield>
          </qtimetadata>
        </itemmetadata>
        <presentation>
          <material>
            <mattext texttype="text/plain">&lt;p&gt;Fire Hose Carriage. An object moves from hydrant toward rescue cone&amp;#x2C; starting &lt;math xmlns="http://www.w3.org/1998/Math/MathML" display="inline"&gt;&lt;mrow&gt;&lt;mn&gt;83.5&lt;/mn&gt;&lt;mtext&gt;&amp;#x000A0;&lt;/mtext&gt;&lt;mtext&gt;m&lt;/mtext&gt;&lt;/mrow&gt;&lt;/math&gt; away at &lt;math xmlns="http://www.w3.org/1998/Math/MathML" display="inline"&gt;&lt;mrow&gt;&lt;mn&gt;4.68&lt;/mn&gt;&lt;mtext&gt;&amp;#x000A0;&lt;/mtext&gt;&lt;mtext&gt;m/s&lt;/mtext&gt;&lt;/mrow&gt;&lt;/math&gt; for &lt;math xmlns="http://www.w3.org/1998/Math/MathML" display="inline"&gt;&lt;mrow&gt;&lt;mn&gt;7.86&lt;/mn&gt;&lt;mtext&gt;&amp;#x000A0;&lt;/mtext&gt;&lt;mtext&gt;s&lt;/mtext&gt;&lt;/mrow&gt;&lt;/math&gt;.&lt;/p&gt;</mattext>
          </material>
          <response_str ident="RESPONSE_q9" rcardinality="Single">
            <render_fib fibtype="Decimal" prompt="Box">
              <response_label ident="answer"/>
            </render_fib>
          </response_str>
        </presentation>
        <resprocessing>
          <outcomes>
            <decvar maxvalue="3" minvalue="0" varname="SCORE" vartype="Decimal"/>
          </outcomes>
          <respcondition continue="No">
            <conditionvar>
              <or>
                <varequal respident="RESPONSE_q9" margin="0.265961" margintype="absolute">26.5961</varequal>
                <and>
                  <vargte respident="RESPONSE_q9">26.330139</vargte>
                  <varlte respident="RESPONSE_q9">26.862061</varlte>
                </and>
              </or>
            </conditionvar>
            <setvar varname="SCORE" action="Set">3</setvar>
            <displayfeedback feedbacktype="Response" linkrefid="correct"/>
          </respcondition>
        </resprocessing>
        <itemfeedback ident="general_fb">
          <flow_mat>
            <material>
              <mattext texttype="text/plain">&lt;p&gt;Start with the given motion equation:&lt;/p&gt;
&lt;math xmlns="http://www.w3.org/1998/Math/MathML" display="inline"&gt;&lt;mrow&gt;&lt;msub&gt;&lt;mi&gt;a&lt;/mi&gt;&lt;mi&gt;x&lt;/mi&gt;&lt;/msub&gt;&lt;mo stretchy="false"&gt;&amp;#x00028;&lt;/mo&gt;&lt;mi&gt;t&lt;/mi&gt;&lt;mo stretchy="false"&gt;&amp;#x00029;&lt;/mo&gt;&lt;mo&gt;&amp;#x0003D;&lt;/mo&gt;&lt;mn&gt;0.87&lt;/mn&gt;&lt;mo&gt;&amp;#x0002B;&lt;/mo&gt;&lt;mn&gt;0.42&lt;/mn&gt;&lt;mi&gt;t&lt;/mi&gt;&lt;mo&gt;&amp;#x0002B;&lt;/mo&gt;&lt;mn&gt;0.013&lt;/mn&gt;&lt;msup&gt;&lt;mi&gt;t&lt;/mi&gt;&lt;mn&gt;2&lt;/mn&gt;&lt;/msup&gt;&lt;/mrow&gt;&lt;/math&gt;

&lt;p&gt;Evaluate velocity expression at time t:&lt;/p&gt;
&lt;math xmlns="http://www.w3.org/1998/Math/MathML" display="inline"&gt;&lt;mrow&gt;&lt;mn&gt;26.6&lt;/mn&gt;&lt;/mrow&gt;&lt;/math&gt;</mattext>
            </material>
          </flow_mat>
        </itemfeedback>
        <itemfeedback ident="correct_fb">
          <flow_mat>
            <material>
              <mattext texttype="text/plain">&lt;p&gt;Great job&amp;#x21;&lt;/p&gt;</mattext>
            </material>
          </flow_mat>
        </itemfeedback>
        <itemfeedback ident="general_incorrect_fb">
          <flow_mat>
            <material>
              <mattext texttype="text/plain">&lt;p&gt;Try evaluating the full expression carefully.&lt;/p&gt;</mattext>
            </material>
          </flow_mat>
        </itemfeedback>
      </item>
      <item ident="q10" title="Moon Rover — arrival kinematics">
        <itemmetadata>
          <qtimetadata>
            <qtimetadatafield>
              <fieldlabel>question_type</fieldlabel>
              <fieldentry>numerical_question</fieldentry>
            </qtimetadatafield>
          </qtimetadata>
        </itemmetadata>
        <presentation>
          <material>
            <mattext texttype="text/plain">&lt;p&gt;Moon Rover. An object moves from tool cache toward rover base&amp;#x2C; starting &lt;math xmlns="http://www.w3.org/1998/Math/MathML" display="inline"&gt;&lt;mrow&gt;&lt;mn&gt;39.5&lt;/mn&gt;&lt;mtext&gt;&amp;#x000A0;&lt;/mtext&gt;&lt;mtext&gt;m&lt;/mtext&gt;&lt;/mrow&gt;&lt;/math&gt; away at &lt;math xmlns="http://www.w3.org/1998/Math/MathML" display="inline"&gt;&lt;mrow&gt;&lt;mn&gt;6.21&lt;/mn&gt;&lt;mtext&gt;&amp;#x000A0;&lt;/mtext&gt;&lt;mtext&gt;m/s&lt;/mtext&gt;&lt;/mrow&gt;&lt;/math&gt; for &lt;math xmlns="http://www.w3.org/1998/Math/MathML" display="inline"&gt;&lt;mrow&gt;&lt;mn&gt;3.11&lt;/mn&gt;&lt;mtext&gt;&amp;#x000A0;&lt;/mtext&gt;&lt;mtext&gt;s&lt;/mtext&gt;&lt;/mrow&gt;&lt;/math&gt;.&lt;/p&gt;</mattext>
          </material>
          <response_str ident="RESPONSE_q10" rcardinality="Single">
            <render_fib fibtype="Decimal" prompt="Box">
              <response_label ident="answer"/>
            </render_fib>
          </response_str>
        </presentation>
        <resprocessing>
          <outcomes>
            <decvar maxvalue="3" minvalue="0" varname="SCORE" vartype="Decimal"/>
          </outcomes>
          <respcondition continue="No">
            <conditionvar>
              <or>
                <varequal respident="RESPONSE_q10" margin="0.0208815" margintype="absolute">-2.08815</varequal>
                <and>
                  <vargte respident="RESPONSE_q10">-2.1090315000000004</vargte>
                  <varlte respident="RESPONSE_q10">-2.0672685</varlte>
                </and>
              </or>
            </conditionvar>
            <setvar varname="SCORE" action="Set">3</setvar>
            <displayfeedback feedbacktype="Response" linkrefid="correct"/>
          </respcondition>
        </resprocessing>
        <itemfeedback ident="general_fb">
          <flow_mat>
            <material>
              <mattext texttype="text/plain">&lt;p&gt;Start with the given motion equation:&lt;/p&gt;
&lt;math xmlns="http://www.w3.org/1998/Math/MathML" display="inline"&gt;&lt;mrow&gt;&lt;msub&gt;&lt;mi&gt;a&lt;/mi&gt;&lt;mi&gt;x&lt;/mi&gt;&lt;/msub&gt;&lt;mo stretchy="false"&gt;&amp;#x00028;&lt;/mo&gt;&lt;mi&gt;t&lt;/mi&gt;&lt;mo stretchy="false"&gt;&amp;#x00029;&lt;/mo&gt;&lt;mo&gt;&amp;#x0003D;&lt;/mo&gt;&lt;mn&gt;0.25&lt;/mn&gt;&lt;mo&gt;&amp;#x0002B;&lt;/mo&gt;&lt;mo&gt;&amp;#x02212;&lt;/mo&gt;&lt;mn&gt;0.84&lt;/mn&gt;&lt;mi&gt;t&lt;/mi&gt;&lt;mo&gt;&amp;#x0002B;&lt;/mo&gt;&lt;mo&gt;&amp;#x02212;&lt;/mo&gt;&lt;mn&gt;0.5&lt;/mn&gt;&lt;msup&gt;&lt;mi&gt;t&lt;/mi&gt;&lt;mn&gt;2&lt;/mn&gt;&lt;/msup&gt;&lt;/mrow&gt;&lt;/math&gt;

&lt;p&gt;Evaluate velocity expression at time t:&lt;/p&gt;
&lt;math xmlns="http://www.w3.org/1998/Math/MathML" display="inline"&gt;&lt;mrow&gt;&lt;mo&gt;&amp;#x02212;&lt;/mo&gt;&lt;mn&gt;2.088&lt;/mn&gt;&lt;/mrow&gt;&lt;/math&gt;</mattext>
            </material>
          </flow_mat>
        </itemfeedback>
        <itemfeedback ident="correct_fb">
          <flow_mat>
            <material>
              <mattext texttype="text/plain">&lt;p&gt;Great job&amp;#x21;&lt;/p&gt;</mattext>
            </material>
          </flow_mat>
        </itemfeedback>
        <itemfeedback ident="general_incorrect_fb">
          <flow_mat>
            <material>
              <mattext texttype="text/plain">&lt;p&gt;Try evaluating the full expression carefully.&lt;/p&gt;</mattext>
            </material>
          </flow_mat>
        </itemfeedback>
      </item>
      <item ident="q11" title="Hoverbike Courier — distance">
        <itemmetadata>
          <qtimetadata>
            <qtimetadatafield>
              <fieldlabel>question_type</fieldlabel>
              <fieldentry>numerical_question</fieldentry>
            </qtimetadatafield>
          </qtimetadata>
        </itemmetadata>
        <presentation>
          <material>
            <mattext texttype="text/plain">&lt;p&gt;Hoverbike Courier. An object moves from base station toward hover stop&amp;#x2C; starting &lt;math xmlns="http://www.w3.org/1998/Math/MathML" display="inline"&gt;&lt;mrow&gt;&lt;mn&gt;53.9&lt;/mn&gt;&lt;mtext&gt;&amp;#x000A0;&lt;/mtext&gt;&lt;mtext&gt;m&lt;/mtext&gt;&lt;/mrow&gt;&lt;/math&gt; away at &lt;math xmlns="http://www.w3.org/1998/Math/MathML" display="inline"&gt;&lt;mrow&gt;&lt;mn&gt;10.4&lt;/mn&gt;&lt;mtext&gt;&amp;#x000A0;&lt;/mtext&gt;&lt;mtext&gt;m/s&lt;/mtext&gt;&lt;/mrow&gt;&lt;/math&gt; for &lt;math xmlns="http://www.w3.org/1998/Math/MathML" display="inline"&gt;&lt;mrow&gt;&lt;mn&gt;10.6&lt;/mn&gt;&lt;mtext&gt;&amp;#x000A0;&lt;/mtext&gt;&lt;mtext&gt;s&lt;/mtext&gt;&lt;/mrow&gt;&lt;/math&gt;.&lt;/p&gt;</mattext>
          </material>
          <response_str ident="RESPONSE_q11" rcardinality="Single">
            <render_fib fibtype="Decimal" prompt="Box">
              <response_label ident="answer"/>
            </render_fib>
          </response_str>
        </presentation>
        <resprocessing>
          <outcomes>
            <decvar maxvalue="3" minvalue="0" varname="SCORE" vartype="Decimal"/>
          </outcomes>
          <respcondition continue="No">
            <conditionvar>
              <or>
                <varequal respident="RESPONSE_q11" margin="1.47582" margintype="absolute">147.582</varequal>
                <and>
                  <vargte respident="RESPONSE_q11">146.10618</vargte>
                  <varlte respident="RESPONSE_q11">149.05782</varlte>
                </and>
              </or>
            </conditionvar>
            <setvar varname="SCORE" action="Set">3</setvar>
            <displayfeedback feedbacktype="Response" linkrefid="correct"/>
          </respcondition>
        </resprocessing>
        <itemfeedback ident="general_fb">
          <flow_mat>
            <material>
              <mattext texttype="text/plain">&lt;p&gt;Start with the given motion equation:&lt;/p&gt;
&lt;math xmlns="http://www.w3.org/1998/Math/MathML" display="inline"&gt;&lt;mrow&gt;&lt;msub&gt;&lt;mi&gt;a&lt;/mi&gt;&lt;mi&gt;x&lt;/mi&gt;&lt;/msub&gt;&lt;mo stretchy="false"&gt;&amp;#x00028;&lt;/mo&gt;&lt;mi&gt;t&lt;/mi&gt;&lt;mo stretchy="false"&gt;&amp;#x00029;&lt;/mo&gt;&lt;mo&gt;&amp;#x0003D;&lt;/mo&gt;&lt;mn&gt;1&lt;/mn&gt;&lt;msup&gt;&lt;mi&gt;e&lt;/mi&gt;&lt;mrow&gt;&lt;mo&gt;&amp;#x02212;&lt;/mo&gt;&lt;mn&gt;0.13&lt;/mn&gt;&lt;mi&gt;t&lt;/mi&gt;&lt;/mrow&gt;&lt;/msup&gt;&lt;/mrow&gt;&lt;/math&gt;

&lt;p&gt;Integrate once to get velocity and twice to get position:&lt;/p&gt;
&lt;p&gt;Integrate to get velocity&lt;/p&gt;
&lt;p&gt;Apply initial conditions &lt;math xmlns="http://www.w3.org/1998/Math/MathML" display="inline"&gt;&lt;mrow&gt;&lt;msub&gt;&lt;mi&gt;x&lt;/mi&gt;&lt;mn&gt;0&lt;/mn&gt;&lt;/msub&gt;&lt;mo&gt;&amp;#x0003D;&lt;/mo&gt;&lt;mn&gt;53.9&lt;/mn&gt;&lt;/mrow&gt;&lt;/math&gt;&amp;#x2C; &lt;math xmlns="http://www.w3.org/1998/Math/MathML" display="inline"&gt;&lt;mrow&gt;&lt;msub&gt;&lt;mi&gt;v&lt;/mi&gt;&lt;mrow&gt;&lt;mn&gt;0&lt;/mn&gt;&lt;mi&gt;x&lt;/mi&gt;&lt;/mrow&gt;&lt;/msub&gt;&lt;mo&gt;&amp;#x0003D;&lt;/mo&gt;&lt;mn&gt;10.4&lt;/mn&gt;&lt;/mrow&gt;&lt;/math&gt;.&lt;/p&gt;
&lt;p&gt;Evaluate position at &lt;math xmlns="http://www.w3.org/1998/Math/MathML" display="inline"&gt;&lt;mrow&gt;&lt;mi&gt;t&lt;/mi&gt;&lt;mo&gt;&amp;#x0003D;&lt;/mo&gt;&lt;mn&gt;10.6&lt;/mn&gt;&lt;/mrow&gt;&lt;/math&gt; and subtract &lt;math xmlns="http://www.w3.org/1998/Math/MathML" display="inline"&gt;&lt;mrow&gt;&lt;msub&gt;&lt;mi&gt;x&lt;/mi&gt;&lt;mn&gt;0&lt;/mn&gt;&lt;/msub&gt;&lt;/mrow&gt;&lt;/math&gt;:&lt;/p&gt;
&lt;math xmlns="http://www.w3.org/1998/Math/MathML" display="inline"&gt;&lt;mrow&gt;&lt;mi&gt;&amp;#x00394;&lt;/mi&gt;&lt;mi&gt;x&lt;/mi&gt;&lt;mo&gt;&amp;#x0003D;&lt;/mo&gt;&lt;mn&gt;147.6&lt;/mn&gt;&lt;mtext&gt;&amp;#x000A0;&lt;/mtext&gt;&lt;mtext&gt;m&lt;/mtext&gt;&lt;/mrow&gt;&lt;/math&gt;</mattext>
            </material>
          </flow_mat>
        </itemfeedback>
        <itemfeedback ident="correct_fb">
          <flow_mat>
            <material>
              <mattext texttype="text/plain">&lt;p&gt;Well done&amp;#x21;&lt;/p&gt;</mattext>
            </material>
          </flow_mat>
        </itemfeedback>
        <itemfeedback ident="general_incorrect_fb">
          <flow_mat>
            <material>
              <mattext texttype="text/plain">&lt;p&gt;Try again using full symbolic steps.&lt;/p&gt;</mattext>
            </material>
          </flow_mat>
        </itemfeedback>
      </item>
      <item ident="q12" title="Mars Drone — arrival kinematics">
        <itemmetadata>
          <qtimetadata>
            <qtimetadatafield>
              <fieldlabel>question_type</fieldlabel>
              <fieldentry>numerical_question</fieldentry>
            </qtimetadatafield>
          </qtimetadata>
        </itemmetadata>
        <presentation>
          <material>
            <mattext texttype="text/plain">&lt;p&gt;Mars Drone. An object moves from launch pad toward target flag&amp;#x2C; starting &lt;math xmlns="http://www.w3.org/1998/Math/MathML" display="inline"&gt;&lt;mrow&gt;&lt;mn&gt;75.9&lt;/mn&gt;&lt;mtext&gt;&amp;#x000A0;&lt;/mtext&gt;&lt;mtext&gt;m&lt;/mtext&gt;&lt;/mrow&gt;&lt;/math&gt; away at &lt;math xmlns="http://www.w3.org/1998/Math/MathML" display="inline"&gt;&lt;mrow&gt;&lt;mn&gt;5.17&lt;/mn&gt;&lt;mtext&gt;&amp;#x000A0;&lt;/mtext&gt;&lt;mtext&gt;m/s&lt;/mtext&gt;&lt;/mrow&gt;&lt;/math&gt; for &lt;math xmlns="http://www.w3.org/1998/Math/MathML" display="inline"&gt;&lt;mrow&gt;&lt;mn&gt;2.31&lt;/mn&gt;&lt;mtext&gt;&amp;#x000A0;&lt;/mtext&gt;&lt;mtext&gt;s&lt;/mtext&gt;&lt;/mrow&gt;&lt;/math&gt;.&lt;/p&gt;</mattext>
          </material>
          <response_str ident="RESPONSE_q12" rcardinality="Single">
            <render_fib fibtype="Decimal" prompt="Box">
              <response_label ident="answer"/>
            </render_fib>
          </response_str>
        </presentation>
        <resprocessing>
          <outcomes>
            <decvar maxvalue="3" minvalue="0" varname="SCORE" vartype="Decimal"/>
          </outcomes>
          <respcondition continue="No">
            <conditionvar>
              <or>
                <varequal respident="RESPONSE_q12" margin="0.055681" margintype="absolute">5.5681</varequal>
                <and>
                  <vargte respident="RESPONSE_q12">5.512419</vargte>
                  <varlte respident="RESPONSE_q12">5.623781</varlte>
                </and>
              </or>
            </conditionvar>
            <setvar varname="SCORE" action="Set">3</setvar>
            <displayfeedback feedbacktype="Response" linkrefid="correct"/>
          </respcondition>
        </resprocessing>
        <itemfeedback ident="general_fb">
          <flow_mat>
            <material>
              <mattext texttype="text/plain">&lt;p&gt;Start with the given motion equation:&lt;/p&gt;
&lt;p&gt;Integrate to get velocity&lt;/p&gt;
&lt;p&gt;Differentiate or evaluate at &lt;math xmlns="http://www.w3.org/1998/Math/MathML" display="inline"&gt;&lt;mrow&gt;&lt;mi&gt;t&lt;/mi&gt;&lt;mo&gt;&amp;#x0003D;&lt;/mo&gt;&lt;mn&gt;2.31&lt;/mn&gt;&lt;/mrow&gt;&lt;/math&gt; to find the final value:&lt;/p&gt;
&lt;math xmlns="http://www.w3.org/1998/Math/MathML" display="inline"&gt;&lt;mrow&gt;&lt;mn&gt;5.568&lt;/mn&gt;&lt;/mrow&gt;&lt;/math&gt;</mattext>
            </material>
          </flow_mat>
        </itemfeedback>
        <itemfeedback ident="correct_fb">
          <flow_mat>
            <material>
              <mattext texttype="text/plain">&lt;p&gt;Well done&amp;#x21;&lt;/p&gt;</mattext>
            </material>
          </flow_mat>
        </itemfeedback>
        <itemfeedback ident="general_incorrect_fb">
          <flow_mat>
            <material>
              <mattext texttype="text/plain">&lt;p&gt;Try again using full symbolic steps.&lt;/p&gt;</mattext>
            </material>
          </flow_mat>
        </itemfeedback>
      </item>
      <item ident="q13" title="Factory Lift — distance">
        <itemmetadata>
          <qtimetadata>
            <qtimetadatafield>
              <fieldlabel>question_type</fieldlabel>
              <fieldentry>numerical_question</fieldentry>
            </qtimetadatafield>
          </qtimetadata>
        </itemmetadata>
        <presentation>
          <material>
            <mattext texttype="text/plain">&lt;p&gt;Factory Lift. An object moves from warehouse floor toward catwalk&amp;#x2C; starting &lt;math xmlns="http://www.w3.org/1998/Math/MathML" display="inline"&gt;&lt;mrow&gt;&lt;mn&gt;6.39&lt;/mn&gt;&lt;mtext&gt;&amp;#x000A0;&lt;/mtext&gt;&lt;mtext&gt;m&lt;/mtext&gt;&lt;/mrow&gt;&lt;/math&gt; away at &lt;math xmlns="http://www.w3.org/1998/Math/MathML" display="inline"&gt;&lt;mrow&gt;&lt;mn&gt;5.02&lt;/mn&gt;&lt;mtext&gt;&amp;#x000A0;&lt;/mtext&gt;&lt;mtext&gt;m/s&lt;/mtext&gt;&lt;/mrow&gt;&lt;/math&gt; for &lt;math xmlns="http://www.w3.org/1998/Math/MathML" display="inline"&gt;&lt;mrow&gt;&lt;mn&gt;3.56&lt;/mn&gt;&lt;mtext&gt;&amp;#x000A0;&lt;/mtext&gt;&lt;mtext&gt;s&lt;/mtext&gt;&lt;/mrow&gt;&lt;/math&gt;.&lt;/p&gt;</mattext>
          </material>
          <response_str ident="RESPONSE_q13" rcardinality="Single">
            <render_fib fibtype="Decimal" prompt="Box">
              <response_label ident="answer"/>
            </render_fib>
          </response_str>
        </presentation>
        <resprocessing>
          <outcomes>
            <decvar maxvalue="3" minvalue="0" varname="SCORE" vartype="Decimal"/>
          </outcomes>
          <respcondition continue="No">
            <conditionvar>
              <or>
                <varequal respident="RESPONSE_q13" margin="0.178506" margintype="absolute">17.8506</varequal>
                <and>
                  <vargte respident="RESPONSE_q13">17.672094</vargte>
                  <varlte respident="RESPONSE_q13">18.029106</varlte>
                </and>
              </or>
            </conditionvar>
            <setvar varname="SCORE" action="Set">3</setvar>
            <displayfeedback feedbacktype="Response" linkrefid="correct"/>
          </respcondition>
        </resprocessing>
        <itemfeedback ident="general_fb">
          <flow_mat>
            <material>
              <mattext texttype="text/plain">&lt;p&gt;Start with the given motion equation:&lt;/p&gt;
&lt;math xmlns="http://www.w3.org/1998/Math/MathML" display="inline"&gt;&lt;mrow&gt;&lt;msub&gt;&lt;mi&gt;a&lt;/mi&gt;&lt;mi&gt;x&lt;/mi&gt;&lt;/msub&gt;&lt;mo stretchy="false"&gt;&amp;#x00028;&lt;/mo&gt;&lt;mi&gt;t&lt;/mi&gt;&lt;mo stretchy="false"&gt;&amp;#x00029;&lt;/mo&gt;&lt;mo&gt;&amp;#x0003D;&lt;/mo&gt;&lt;mo&gt;&amp;#x02212;&lt;/mo&gt;&lt;mn&gt;0.38&lt;/mn&gt;&lt;mo stretchy="false"&gt;&amp;#x00028;&lt;/mo&gt;&lt;mn&gt;1&lt;/mn&gt;&lt;mo&gt;&amp;#x02212;&lt;/mo&gt;&lt;msup&gt;&lt;mi&gt;e&lt;/mi&gt;&lt;mrow&gt;&lt;mo&gt;&amp;#x02212;&lt;/mo&gt;&lt;mn&gt;0.02&lt;/mn&gt;&lt;mi&gt;t&lt;/mi&gt;&lt;/mrow&gt;&lt;/msup&gt;&lt;mo stretchy="false"&gt;&amp;#x00029;&lt;/mo&gt;&lt;/mrow&gt;&lt;/math&gt;

&lt;p&gt;Integrate once to get velocity and twice to get position:&lt;/p&gt;
&lt;p&gt;Integrate to get velocity&lt;/p&gt;
&lt;p&gt;Apply initial conditions &lt;math xmlns="http://www.w3.org/1998/Math/MathML" display="inline"&gt;&lt;mrow&gt;&lt;msub&gt;&lt;mi&gt;x&lt;/mi&gt;&lt;mn&gt;0&lt;/mn&gt;&lt;/msub&gt;&lt;mo&gt;&amp;#x0003D;&lt;/mo&gt;&lt;mn&gt;6.39&lt;/mn&gt;&lt;/mrow&gt;&lt;/math&gt;&amp;#x2C; &lt;math xmlns="http://www.w3.org/1998/Math/MathML" display="inline"&gt;&lt;mrow&gt;&lt;msub&gt;&lt;mi&gt;v&lt;/mi&gt;&lt;mrow&gt;&lt;mn&gt;0&lt;/mn&gt;&lt;mi&gt;x&lt;/mi&gt;&lt;/mrow&gt;&lt;/msub&gt;&lt;mo&gt;&amp;#x0003D;&lt;/mo&gt;&lt;mn&gt;5.02&lt;/mn&gt;&lt;/mrow&gt;&lt;/math&gt;.&lt;/p&gt;
&lt;p&gt;Evaluate position at &lt;math xmlns="http://www.w3.org/1998/Math/MathML" display="inline"&gt;&lt;mrow&gt;&lt;mi&gt;t&lt;/mi&gt;&lt;mo&gt;&amp;#x0003D;&lt;/mo&gt;&lt;mn&gt;3.56&lt;/mn&gt;&lt;/mrow&gt;&lt;/math&gt; and subtract &lt;math xmlns="http://www.w3.org/1998/Math/MathML" display="inline"&gt;&lt;mrow&gt;&lt;msub&gt;&lt;mi&gt;x&lt;/mi&gt;&lt;mn&gt;0&lt;/mn&gt;&lt;/msub&gt;&lt;/mrow&gt;&lt;/math&gt;:&lt;/p&gt;
&lt;math xmlns="http://www.w3.org/1998/Math/MathML" display="inline"&gt;&lt;mrow&gt;&lt;mi&gt;&amp;#x00394;&lt;/mi&gt;&lt;mi&gt;x&lt;/mi&gt;&lt;mo&gt;&amp;#x0003D;&lt;/mo&gt;&lt;mn&gt;17.85&lt;/mn&gt;&lt;mtext&gt;&amp;#x000A0;&lt;/mtext&gt;&lt;mtext&gt;m&lt;/mtext&gt;&lt;/mrow&gt;&lt;/math&gt;</mattext>
            </material>
          </flow_mat>
        </itemfeedback>
        <itemfeedback ident="correct_fb">
          <flow_mat>
            <material>
              <mattext texttype="text/plain">&lt;p&gt;Well done&amp;#x21;&lt;/p&gt;</mattext>
            </material>
          </flow_mat>
        </itemfeedback>
        <itemfeedback ident="general_incorrect_fb">
          <flow_mat>
            <material>
              <mattext texttype="text/plain">&lt;p&gt;Try again using full symbolic steps.&lt;/p&gt;</mattext>
            </material>
          </flow_mat>
        </itemfeedback>
      </item>
      <item ident="q14" title="Luge Racer — arrival kinematics">
        <itemmetadata>
          <qtimetadata>
            <qtimetadatafield>
              <fieldlabel>question_type</fieldlabel>
              <fieldentry>numerical_question</fieldentry>
            </qtimetadatafield>
          </qtimetadata>
        </itemmetadata>
        <presentation>
          <material>
            <mattext texttype="text/plain">&lt;p&gt;Luge Racer. An object moves from start ramp toward finish gate&amp;#x2C; starting &lt;math xmlns="http://www.w3.org/1998/Math/MathML" display="inline"&gt;&lt;mrow&gt;&lt;mn&gt;38.4&lt;/mn&gt;&lt;mtext&gt;&amp;#x000A0;&lt;/mtext&gt;&lt;mtext&gt;m&lt;/mtext&gt;&lt;/mrow&gt;&lt;/math&gt; away at &lt;math xmlns="http://www.w3.org/1998/Math/MathML" display="inline"&gt;&lt;mrow&gt;&lt;mn&gt;17.3&lt;/mn&gt;&lt;mtext&gt;&amp;#x000A0;&lt;/mtext&gt;&lt;mtext&gt;m/s&lt;/mtext&gt;&lt;/mrow&gt;&lt;/math&gt; for &lt;math xmlns="http://www.w3.org/1998/Math/MathML" display="inline"&gt;&lt;mrow&gt;&lt;mn&gt;16.8&lt;/mn&gt;&lt;mtext&gt;&amp;#x000A0;&lt;/mtext&gt;&lt;mtext&gt;s&lt;/mtext&gt;&lt;/mrow&gt;&lt;/math&gt;.&lt;/p&gt;</mattext>
          </material>
          <response_str ident="RESPONSE_q14" rcardinality="Single">
            <render_fib fibtype="Decimal" prompt="Box">
              <response_label ident="answer"/>
            </render_fib>
          </response_str>
        </presentation>
        <resprocessing>
          <outcomes>
            <decvar maxvalue="3" minvalue="0" varname="SCORE" vartype="Decimal"/>
          </outcomes>
          <respcondition continue="No">
            <conditionvar>
              <or>
                <varequal respident="RESPONSE_q14" margin="0.216075" margintype="absolute">21.6075</varequal>
                <and>
                  <vargte respident="RESPONSE_q14">21.391425</vargte>
                  <varlte respident="RESPONSE_q14">21.823575</varlte>
                </and>
              </or>
            </conditionvar>
            <setvar varname="SCORE" action="Set">3</setvar>
            <displayfeedback feedbacktype="Response" linkrefid="correct"/>
          </respcondition>
        </resprocessing>
        <itemfeedback ident="general_fb">
          <flow_mat>
            <material>
              <mattext texttype="text/plain">&lt;p&gt;Start with the given motion equation:&lt;/p&gt;
&lt;p&gt;Integrate to get velocity&lt;/p&gt;
&lt;p&gt;Differentiate or evaluate at &lt;math xmlns="http://www.w3.org/1998/Math/MathML" display="inline"&gt;&lt;mrow&gt;&lt;mi&gt;t&lt;/mi&gt;&lt;mo&gt;&amp;#x0003D;&lt;/mo&gt;&lt;mn&gt;16.8&lt;/mn&gt;&lt;/mrow&gt;&lt;/math&gt; to find the final value:&lt;/p&gt;
&lt;math xmlns="http://www.w3.org/1998/Math/MathML" display="inline"&gt;&lt;mrow&gt;&lt;mn&gt;21.61&lt;/mn&gt;&lt;/mrow&gt;&lt;/math&gt;</mattext>
            </material>
          </flow_mat>
        </itemfeedback>
        <itemfeedback ident="correct_fb">
          <flow_mat>
            <material>
              <mattext texttype="text/plain">&lt;p&gt;Well done&amp;#x21;&lt;/p&gt;</mattext>
            </material>
          </flow_mat>
        </itemfeedback>
        <itemfeedback ident="general_incorrect_fb">
          <flow_mat>
            <material>
              <mattext texttype="text/plain">&lt;p&gt;Try again using full symbolic steps.&lt;/p&gt;</mattext>
            </material>
          </flow_mat>
        </itemfeedback>
      </item>
      <item ident="q15" title="Scenario 5 — arrival kinematics">
        <itemmetadata>
          <qtimetadata>
            <qtimetadatafield>
              <fieldlabel>question_type</fieldlabel>
              <fieldentry>numerical_question</fieldentry>
            </qtimetadatafield>
          </qtimetadata>
        </itemmetadata>
        <presentation>
          <material>
            <mattext texttype="text/plain">&lt;p&gt;Scenario 5. An object moves from point A toward point B&amp;#x2C; starting &lt;math xmlns="http://www.w3.org/1998/Math/MathML" display="inline"&gt;&lt;mrow&gt;&lt;mn&gt;69.2&lt;/mn&gt;&lt;mtext&gt;&amp;#x000A0;&lt;/mtext&gt;&lt;mtext&gt;m&lt;/mtext&gt;&lt;/mrow&gt;&lt;/math&gt; away at &lt;math xmlns="http://www.w3.org/1998/Math/MathML" display="inline"&gt;&lt;mrow&gt;&lt;mn&gt;8.77&lt;/mn&gt;&lt;mtext&gt;&amp;#x000A0;&lt;/mtext&gt;&lt;mtext&gt;m/s&lt;/mtext&gt;&lt;/mrow&gt;&lt;/math&gt; for &lt;math xmlns="http://www.w3.org/1998/Math/MathML" display="inline"&gt;&lt;mrow&gt;&lt;mn&gt;18.2&lt;/mn&gt;&lt;mtext&gt;&amp;#x000A0;&lt;/mtext&gt;&lt;mtext&gt;s&lt;/mtext&gt;&lt;/mrow&gt;&lt;/math&gt;.&lt;/p&gt;</mattext>
          </material>
          <response_str ident="RESPONSE_q15" rcardinality="Single">
            <render_fib fibtype="Decimal" prompt="Box">
              <response_label ident="answer"/>
            </render_fib>
          </response_str>
        </presentation>
        <resprocessing>
          <outcomes>
            <decvar maxvalue="3" minvalue="0" varname="SCORE" vartype="Decimal"/>
          </outcomes>
          <respcondition continue="No">
            <conditionvar>
              <or>
                <varequal respident="RESPONSE_q15" margin="0.00740268" margintype="absolute">0.740268</varequal>
                <and>
                  <vargte respident="RESPONSE_q15">0.73286532</vargte>
                  <varlte respident="RESPONSE_q15">0.74767068</varlte>
                </and>
              </or>
            </conditionvar>
            <setvar varname="SCORE" action="Set">3</setvar>
            <displayfeedback feedbacktype="Response" linkrefid="correct"/>
          </respcondition>
        </resprocessing>
        <itemfeedback ident="general_fb">
          <flow_mat>
            <material>
              <mattext texttype="text/plain">&lt;p&gt;Start with the given motion equation:&lt;/p&gt;
&lt;p&gt;Integrate to get velocity&lt;/p&gt;
&lt;p&gt;Differentiate or evaluate at &lt;math xmlns="http://www.w3.org/1998/Math/MathML" display="inline"&gt;&lt;mrow&gt;&lt;mi&gt;t&lt;/mi&gt;&lt;mo&gt;&amp;#x0003D;&lt;/mo&gt;&lt;mn&gt;18.2&lt;/mn&gt;&lt;/mrow&gt;&lt;/math&gt; to find the final value:&lt;/p&gt;
&lt;math xmlns="http://www.w3.org/1998/Math/MathML" display="inline"&gt;&lt;mrow&gt;&lt;mn&gt;0.7403&lt;/mn&gt;&lt;/mrow&gt;&lt;/math&gt;</mattext>
            </material>
          </flow_mat>
        </itemfeedback>
        <itemfeedback ident="correct_fb">
          <flow_mat>
            <material>
              <mattext texttype="text/plain">&lt;p&gt;Well done&amp;#x21;&lt;/p&gt;</mattext>
            </material>
          </flow_mat>
        </itemfeedback>
        <itemfeedback ident="general_incorrect_fb">
          <flow_mat>
            <material>
              <mattext texttype="text/plain">&lt;p&gt;Try again using full symbolic steps.&lt;/p&gt;</mattext>
            </material>
          </flow_mat>
        </itemfeedback>
      </item>
      <item ident="q16" title="Scenario 6 — arrival kinematics">
        <itemmetadata>
          <qtimetadata>
            <qtimetadatafield>
              <fieldlabel>question_type</fieldlabel>
              <fieldentry>numerical_question</fieldentry>
            </qtimetadatafield>
          </qtimetadata>
        </itemmetadata>
        <presentation>
          <material>
            <mattext texttype="text/plain">&lt;p&gt;Scenario 6. An object moves from point A toward point B&amp;#x2C; starting &lt;math xmlns="http://www.w3.org/1998/Math/MathML" display="inline"&gt;&lt;mrow&gt;&lt;mn&gt;55.4&lt;/mn&gt;&lt;mtext&gt;&amp;#x000A0;&lt;/mtext&gt;&lt;mtext&gt;m&lt;/mtext&gt;&lt;/mrow&gt;&lt;/math&gt; away at &lt;math xmlns="http://www.w3.org/1998/Math/MathML" display="inline"&gt;&lt;mrow&gt;&lt;mn&gt;15.9&lt;/mn&gt;&lt;mtext&gt;&amp;#x000A0;&lt;/mtext&gt;&lt;mtext&gt;m/s&lt;/mtext&gt;&lt;/mrow&gt;&lt;/math&gt; for &lt;math xmlns="http://www.w3.org/1998/Math/MathML" display="inline"&gt;&lt;mrow&gt;&lt;mn&gt;12.3&lt;/mn&gt;&lt;mtext&gt;&amp;#x000A0;&lt;/mtext&gt;&lt;mtext&gt;s&lt;/mtext&gt;&lt;/mrow&gt;&lt;/math&gt;.&lt;/p&gt;</mattext>
          </material>
          <response_str ident="RESPONSE_q16" rcardinality="Single">
            <render_fib fibtype="Decimal" prompt="Box">
              <response_label ident="answer"/>
            </render_fib>
          </response_str>
        </presentation>
        <resprocessing>
          <outcomes>
            <decvar maxvalue="3" minvalue="0" varname="SCORE" vartype="Decimal"/>
          </outcomes>
          <respcondition continue="No">
            <conditionvar>
              <or>
                <varequal respident="RESPONSE_q16" margin="0.0900473" margintype="absolute">9.00473</varequal>
                <and>
                  <vargte respident="RESPONSE_q16">8.9146827</vargte>
                  <varlte respident="RESPONSE_q16">9.0947773</varlte>
                </and>
              </or>
            </conditionvar>
            <setvar varname="SCORE" action="Set">3</setvar>
            <displayfeedback feedbacktype="Response" linkrefid="correct"/>
          </respcondition>
        </resprocessing>
        <itemfeedback ident="general_fb">
          <flow_mat>
            <material>
              <mattext texttype="text/plain">&lt;p&gt;Start with the given motion equation:&lt;/p&gt;
&lt;p&gt;Integrate to get velocity&lt;/p&gt;
&lt;p&gt;Differentiate or evaluate at &lt;math xmlns="http://www.w3.org/1998/Math/MathML" display="inline"&gt;&lt;mrow&gt;&lt;mi&gt;t&lt;/mi&gt;&lt;mo&gt;&amp;#x0003D;&lt;/mo&gt;&lt;mn&gt;12.3&lt;/mn&gt;&lt;/mrow&gt;&lt;/math&gt; to find the final value:&lt;/p&gt;
&lt;math xmlns="http://www.w3.org/1998/Math/MathML" display="inline"&gt;&lt;mrow&gt;&lt;mn&gt;9.005&lt;/mn&gt;&lt;/mrow&gt;&lt;/math&gt;</mattext>
            </material>
          </flow_mat>
        </itemfeedback>
        <itemfeedback ident="correct_fb">
          <flow_mat>
            <material>
              <mattext texttype="text/plain">&lt;p&gt;Well done&amp;#x21;&lt;/p&gt;</mattext>
            </material>
          </flow_mat>
        </itemfeedback>
        <itemfeedback ident="general_incorrect_fb">
          <flow_mat>
            <material>
              <mattext texttype="text/plain">&lt;p&gt;Try again using full symbolic steps.&lt;/p&gt;</mattext>
            </material>
          </flow_mat>
        </itemfeedback>
      </item>
      <item ident="q17" title="Scenario 7 — distance">
        <itemmetadata>
          <qtimetadata>
            <qtimetadatafield>
              <fieldlabel>question_type</fieldlabel>
              <fieldentry>numerical_question</fieldentry>
            </qtimetadatafield>
          </qtimetadata>
        </itemmetadata>
        <presentation>
          <material>
            <mattext texttype="text/plain">&lt;p&gt;Scenario 7. An object moves from point A toward point B&amp;#x2C; starting &lt;math xmlns="http://www.w3.org/1998/Math/MathML" display="inline"&gt;&lt;mrow&gt;&lt;mn&gt;76.8&lt;/mn&gt;&lt;mtext&gt;&amp;#x000A0;&lt;/mtext&gt;&lt;mtext&gt;m&lt;/mtext&gt;&lt;/mrow&gt;&lt;/math&gt; away at &lt;math xmlns="http://www.w3.org/1998/Math/MathML" display="inline"&gt;&lt;mrow&gt;&lt;mn&gt;5.02&lt;/mn&gt;&lt;mtext&gt;&amp;#x000A0;&lt;/mtext&gt;&lt;mtext&gt;m/s&lt;/mtext&gt;&lt;/mrow&gt;&lt;/math&gt; for &lt;math xmlns="http://www.w3.org/1998/Math/MathML" display="inline"&gt;&lt;mrow&gt;&lt;mn&gt;6.67&lt;/mn&gt;&lt;mtext&gt;&amp;#x000A0;&lt;/mtext&gt;&lt;mtext&gt;s&lt;/mtext&gt;&lt;/mrow&gt;&lt;/math&gt;.&lt;/p&gt;</mattext>
          </material>
          <response_str ident="RESPONSE_q17" rcardinality="Single">
            <render_fib fibtype="Decimal" prompt="Box">
              <response_label ident="answer"/>
            </render_fib>
          </response_str>
        </presentation>
        <resprocessing>
          <outcomes>
            <decvar maxvalue="3" minvalue="0" varname="SCORE" vartype="Decimal"/>
          </outcomes>
          <respcondition continue="No">
            <conditionvar>
              <or>
                <varequal respident="RESPONSE_q17" margin="0.326453" margintype="absolute">32.6453</varequal>
                <and>
                  <vargte respident="RESPONSE_q17">32.318847</vargte>
                  <varlte respident="RESPONSE_q17">32.971753</varlte>
                </and>
              </or>
            </conditionvar>
            <setvar varname="SCORE" action="Set">3</setvar>
            <displayfeedback feedbacktype="Response" linkrefid="correct"/>
          </respcondition>
        </resprocessing>
        <itemfeedback ident="general_fb">
          <flow_mat>
            <material>
              <mattext texttype="text/plain">&lt;p&gt;Start with the given motion equation:&lt;/p&gt;
&lt;math xmlns="http://www.w3.org/1998/Math/MathML" display="inline"&gt;&lt;mrow&gt;&lt;msub&gt;&lt;mi&gt;a&lt;/mi&gt;&lt;mi&gt;x&lt;/mi&gt;&lt;/msub&gt;&lt;mo stretchy="false"&gt;&amp;#x00028;&lt;/mo&gt;&lt;mi&gt;t&lt;/mi&gt;&lt;mo stretchy="false"&gt;&amp;#x00029;&lt;/mo&gt;&lt;mo&gt;&amp;#x0003D;&lt;/mo&gt;&lt;mo&gt;&amp;#x02212;&lt;/mo&gt;&lt;mn&gt;0.85&lt;/mn&gt;&lt;mo stretchy="false"&gt;&amp;#x00028;&lt;/mo&gt;&lt;mn&gt;1&lt;/mn&gt;&lt;mo&gt;&amp;#x02212;&lt;/mo&gt;&lt;msup&gt;&lt;mi&gt;e&lt;/mi&gt;&lt;mrow&gt;&lt;mo&gt;&amp;#x02212;&lt;/mo&gt;&lt;mn&gt;0.02&lt;/mn&gt;&lt;mi&gt;t&lt;/mi&gt;&lt;/mrow&gt;&lt;/msup&gt;&lt;mo stretchy="false"&gt;&amp;#x00029;&lt;/mo&gt;&lt;/mrow&gt;&lt;/math&gt;

&lt;p&gt;Integrate once to get velocity and twice to get position:&lt;/p&gt;
&lt;p&gt;Integrate to get velocity&lt;/p&gt;
&lt;p&gt;Apply initial conditions &lt;math xmlns="http://www.w3.org/1998/Math/MathML" display="inline"&gt;&lt;mrow&gt;&lt;msub&gt;&lt;mi&gt;x&lt;/mi&gt;&lt;mn&gt;0&lt;/mn&gt;&lt;/msub&gt;&lt;mo&gt;&amp;#x0003D;&lt;/mo&gt;&lt;mn&gt;76.8&lt;/mn&gt;&lt;/mrow&gt;&lt;/math&gt;&amp;#x2C; &lt;math xmlns="http://www.w3.org/1998/Math/MathML" display="inline"&gt;&lt;mrow&gt;&lt;msub&gt;&lt;mi&gt;v&lt;/mi&gt;&lt;mrow&gt;&lt;mn&gt;0&lt;/mn&gt;&lt;mi&gt;x&lt;/mi&gt;&lt;/mrow&gt;&lt;/msub&gt;&lt;mo&gt;&amp;#x0003D;&lt;/mo&gt;&lt;mn&gt;5.02&lt;/mn&gt;&lt;/mrow&gt;&lt;/math&gt;.&lt;/p&gt;
&lt;p&gt;Evaluate position at &lt;math xmlns="http://www.w3.org/1998/Math/MathML" display="inline"&gt;&lt;mrow&gt;&lt;mi&gt;t&lt;/mi&gt;&lt;mo&gt;&amp;#x0003D;&lt;/mo&gt;&lt;mn&gt;6.67&lt;/mn&gt;&lt;/mrow&gt;&lt;/math&gt; and subtract &lt;math xmlns="http://www.w3.org/1998/Math/MathML" display="inline"&gt;&lt;mrow&gt;&lt;msub&gt;&lt;mi&gt;x&lt;/mi&gt;&lt;mn&gt;0&lt;/mn&gt;&lt;/msub&gt;&lt;/mrow&gt;&lt;/math&gt;:&lt;/p&gt;
&lt;math xmlns="http://www.w3.org/1998/Math/MathML" display="inline"&gt;&lt;mrow&gt;&lt;mi&gt;&amp;#x00394;&lt;/mi&gt;&lt;mi&gt;x&lt;/mi&gt;&lt;mo&gt;&amp;#x0003D;&lt;/mo&gt;&lt;mn&gt;32.65&lt;/mn&gt;&lt;mtext&gt;&amp;#x000A0;&lt;/mtext&gt;&lt;mtext&gt;m&lt;/mtext&gt;&lt;/mrow&gt;&lt;/math&gt;</mattext>
            </material>
          </flow_mat>
        </itemfeedback>
        <itemfeedback ident="correct_fb">
          <flow_mat>
            <material>
              <mattext texttype="text/plain">&lt;p&gt;Well done&amp;#x21;&lt;/p&gt;</mattext>
            </material>
          </flow_mat>
        </itemfeedback>
        <itemfeedback ident="general_incorrect_fb">
          <flow_mat>
            <material>
              <mattext texttype="text/plain">&lt;p&gt;Try again using full symbolic steps.&lt;/p&gt;</mattext>
            </material>
          </flow_mat>
        </itemfeedback>
      </item>
      <item ident="q18" title="Scenario 8 — distance">
        <itemmetadata>
          <qtimetadata>
            <qtimetadatafield>
              <fieldlabel>question_type</fieldlabel>
              <fieldentry>numerical_question</fieldentry>
            </qtimetadatafield>
          </qtimetadata>
        </itemmetadata>
        <presentation>
          <material>
            <mattext texttype="text/plain">&lt;p&gt;Scenario 8. An object moves from point A toward point B&amp;#x2C; starting &lt;math xmlns="http://www.w3.org/1998/Math/MathML" display="inline"&gt;&lt;mrow&gt;&lt;mn&gt;79.3&lt;/mn&gt;&lt;mtext&gt;&amp;#x000A0;&lt;/mtext&gt;&lt;mtext&gt;m&lt;/mtext&gt;&lt;/mrow&gt;&lt;/math&gt; away at &lt;math xmlns="http://www.w3.org/1998/Math/MathML" display="inline"&gt;&lt;mrow&gt;&lt;mn&gt;19.3&lt;/mn&gt;&lt;mtext&gt;&amp;#x000A0;&lt;/mtext&gt;&lt;mtext&gt;m/s&lt;/mtext&gt;&lt;/mrow&gt;&lt;/math&gt; for &lt;math xmlns="http://www.w3.org/1998/Math/MathML" display="inline"&gt;&lt;mrow&gt;&lt;mn&gt;2.68&lt;/mn&gt;&lt;mtext&gt;&amp;#x000A0;&lt;/mtext&gt;&lt;mtext&gt;s&lt;/mtext&gt;&lt;/mrow&gt;&lt;/math&gt;.&lt;/p&gt;</mattext>
          </material>
          <response_str ident="RESPONSE_q18" rcardinality="Single">
            <render_fib fibtype="Decimal" prompt="Box">
              <response_label ident="answer"/>
            </render_fib>
          </response_str>
        </presentation>
        <resprocessing>
          <outcomes>
            <decvar maxvalue="3" minvalue="0" varname="SCORE" vartype="Decimal"/>
          </outcomes>
          <respcondition continue="No">
            <conditionvar>
              <or>
                <varequal respident="RESPONSE_q18" margin="0.511272" margintype="absolute">51.1272</varequal>
                <and>
                  <vargte respident="RESPONSE_q18">50.615928000000004</vargte>
                  <varlte respident="RESPONSE_q18">51.638472</varlte>
                </and>
              </or>
            </conditionvar>
            <setvar varname="SCORE" action="Set">3</setvar>
            <displayfeedback feedbacktype="Response" linkrefid="correct"/>
          </respcondition>
        </resprocessing>
        <itemfeedback ident="general_fb">
          <flow_mat>
            <material>
              <mattext texttype="text/plain">&lt;p&gt;Start with the given motion equation:&lt;/p&gt;
&lt;math xmlns="http://www.w3.org/1998/Math/MathML" display="inline"&gt;&lt;mrow&gt;&lt;msub&gt;&lt;mi&gt;a&lt;/mi&gt;&lt;mi&gt;x&lt;/mi&gt;&lt;/msub&gt;&lt;mo stretchy="false"&gt;&amp;#x00028;&lt;/mo&gt;&lt;mi&gt;t&lt;/mi&gt;&lt;mo stretchy="false"&gt;&amp;#x00029;&lt;/mo&gt;&lt;mo&gt;&amp;#x0003D;&lt;/mo&gt;&lt;mo&gt;&amp;#x02212;&lt;/mo&gt;&lt;mn&gt;0.2&lt;/mn&gt;&lt;msup&gt;&lt;mi&gt;e&lt;/mi&gt;&lt;mrow&gt;&lt;mo&gt;&amp;#x02212;&lt;/mo&gt;&lt;mn&gt;0.04&lt;/mn&gt;&lt;mi&gt;t&lt;/mi&gt;&lt;/mrow&gt;&lt;/msup&gt;&lt;/mrow&gt;&lt;/math&gt;

&lt;p&gt;Integrate once to get velocity and twice to get position:&lt;/p&gt;
&lt;p&gt;Integrate to get velocity&lt;/p&gt;
&lt;p&gt;Apply initial conditions &lt;math xmlns="http://www.w3.org/1998/Math/MathML" display="inline"&gt;&lt;mrow&gt;&lt;msub&gt;&lt;mi&gt;x&lt;/mi&gt;&lt;mn&gt;0&lt;/mn&gt;&lt;/msub&gt;&lt;mo&gt;&amp;#x0003D;&lt;/mo&gt;&lt;mn&gt;79.3&lt;/mn&gt;&lt;/mrow&gt;&lt;/math&gt;&amp;#x2C; &lt;math xmlns="http://www.w3.org/1998/Math/MathML" display="inline"&gt;&lt;mrow&gt;&lt;msub&gt;&lt;mi&gt;v&lt;/mi&gt;&lt;mrow&gt;&lt;mn&gt;0&lt;/mn&gt;&lt;mi&gt;x&lt;/mi&gt;&lt;/mrow&gt;&lt;/msub&gt;&lt;mo&gt;&amp;#x0003D;&lt;/mo&gt;&lt;mn&gt;19.3&lt;/mn&gt;&lt;/mrow&gt;&lt;/math&gt;.&lt;/p&gt;
&lt;p&gt;Evaluate position at &lt;math xmlns="http://www.w3.org/1998/Math/MathML" display="inline"&gt;&lt;mrow&gt;&lt;mi&gt;t&lt;/mi&gt;&lt;mo&gt;&amp;#x0003D;&lt;/mo&gt;&lt;mn&gt;2.68&lt;/mn&gt;&lt;/mrow&gt;&lt;/math&gt; and subtract &lt;math xmlns="http://www.w3.org/1998/Math/MathML" display="inline"&gt;&lt;mrow&gt;&lt;msub&gt;&lt;mi&gt;x&lt;/mi&gt;&lt;mn&gt;0&lt;/mn&gt;&lt;/msub&gt;&lt;/mrow&gt;&lt;/math&gt;:&lt;/p&gt;
&lt;math xmlns="http://www.w3.org/1998/Math/MathML" display="inline"&gt;&lt;mrow&gt;&lt;mi&gt;&amp;#x00394;&lt;/mi&gt;&lt;mi&gt;x&lt;/mi&gt;&lt;mo&gt;&amp;#x0003D;&lt;/mo&gt;&lt;mn&gt;51.13&lt;/mn&gt;&lt;mtext&gt;&amp;#x000A0;&lt;/mtext&gt;&lt;mtext&gt;m&lt;/mtext&gt;&lt;/mrow&gt;&lt;/math&gt;</mattext>
            </material>
          </flow_mat>
        </itemfeedback>
        <itemfeedback ident="correct_fb">
          <flow_mat>
            <material>
              <mattext texttype="text/plain">&lt;p&gt;Well done&amp;#x21;&lt;/p&gt;</mattext>
            </material>
          </flow_mat>
        </itemfeedback>
        <itemfeedback ident="general_incorrect_fb">
          <flow_mat>
            <material>
              <mattext texttype="text/plain">&lt;p&gt;Try again using full symbolic steps.&lt;/p&gt;</mattext>
            </material>
          </flow_mat>
        </itemfeedback>
      </item>
      <item ident="q19" title="Scenario 9 — distance">
        <itemmetadata>
          <qtimetadata>
            <qtimetadatafield>
              <fieldlabel>question_type</fieldlabel>
              <fieldentry>numerical_question</fieldentry>
            </qtimetadatafield>
          </qtimetadata>
        </itemmetadata>
        <presentation>
          <material>
            <mattext texttype="text/plain">&lt;p&gt;Scenario 9. An object moves from point A toward point B&amp;#x2C; starting &lt;math xmlns="http://www.w3.org/1998/Math/MathML" display="inline"&gt;&lt;mrow&gt;&lt;mn&gt;89.5&lt;/mn&gt;&lt;mtext&gt;&amp;#x000A0;&lt;/mtext&gt;&lt;mtext&gt;m&lt;/mtext&gt;&lt;/mrow&gt;&lt;/math&gt; away at &lt;math xmlns="http://www.w3.org/1998/Math/MathML" display="inline"&gt;&lt;mrow&gt;&lt;mn&gt;18.3&lt;/mn&gt;&lt;mtext&gt;&amp;#x000A0;&lt;/mtext&gt;&lt;mtext&gt;m/s&lt;/mtext&gt;&lt;/mrow&gt;&lt;/math&gt; for &lt;math xmlns="http://www.w3.org/1998/Math/MathML" display="inline"&gt;&lt;mrow&gt;&lt;mn&gt;10.4&lt;/mn&gt;&lt;mtext&gt;&amp;#x000A0;&lt;/mtext&gt;&lt;mtext&gt;s&lt;/mtext&gt;&lt;/mrow&gt;&lt;/math&gt;.&lt;/p&gt;</mattext>
          </material>
          <response_str ident="RESPONSE_q19" rcardinality="Single">
            <render_fib fibtype="Decimal" prompt="Box">
              <response_label ident="answer"/>
            </render_fib>
          </response_str>
        </presentation>
        <resprocessing>
          <outcomes>
            <decvar maxvalue="3" minvalue="0" varname="SCORE" vartype="Decimal"/>
          </outcomes>
          <respcondition continue="No">
            <conditionvar>
              <or>
                <varequal respident="RESPONSE_q19" margin="1.68778" margintype="absolute">168.778</varequal>
                <and>
                  <vargte respident="RESPONSE_q19">167.09022</vargte>
                  <varlte respident="RESPONSE_q19">170.46578</varlte>
                </and>
              </or>
            </conditionvar>
            <setvar varname="SCORE" action="Set">3</setvar>
            <displayfeedback feedbacktype="Response" linkrefid="correct"/>
          </respcondition>
        </resprocessing>
        <itemfeedback ident="general_fb">
          <flow_mat>
            <material>
              <mattext texttype="text/plain">&lt;p&gt;Start with the given motion equation:&lt;/p&gt;
&lt;math xmlns="http://www.w3.org/1998/Math/MathML" display="inline"&gt;&lt;mrow&gt;&lt;msub&gt;&lt;mi&gt;a&lt;/mi&gt;&lt;mi&gt;x&lt;/mi&gt;&lt;/msub&gt;&lt;mo stretchy="false"&gt;&amp;#x00028;&lt;/mo&gt;&lt;mi&gt;t&lt;/mi&gt;&lt;mo stretchy="false"&gt;&amp;#x00029;&lt;/mo&gt;&lt;mo&gt;&amp;#x0003D;&lt;/mo&gt;&lt;mo&gt;&amp;#x02212;&lt;/mo&gt;&lt;mn&gt;0.79&lt;/mn&gt;&lt;msup&gt;&lt;mi&gt;e&lt;/mi&gt;&lt;mrow&gt;&lt;mo&gt;&amp;#x02212;&lt;/mo&gt;&lt;mn&gt;0.23&lt;/mn&gt;&lt;mi&gt;t&lt;/mi&gt;&lt;/mrow&gt;&lt;/msup&gt;&lt;/mrow&gt;&lt;/math&gt;

&lt;p&gt;Integrate once to get velocity and twice to get position:&lt;/p&gt;
&lt;p&gt;Integrate to get velocity&lt;/p&gt;
&lt;p&gt;Apply initial conditions &lt;math xmlns="http://www.w3.org/1998/Math/MathML" display="inline"&gt;&lt;mrow&gt;&lt;msub&gt;&lt;mi&gt;x&lt;/mi&gt;&lt;mn&gt;0&lt;/mn&gt;&lt;/msub&gt;&lt;mo&gt;&amp;#x0003D;&lt;/mo&gt;&lt;mn&gt;89.5&lt;/mn&gt;&lt;/mrow&gt;&lt;/math&gt;&amp;#x2C; &lt;math xmlns="http://www.w3.org/1998/Math/MathML" display="inline"&gt;&lt;mrow&gt;&lt;msub&gt;&lt;mi&gt;v&lt;/mi&gt;&lt;mrow&gt;&lt;mn&gt;0&lt;/mn&gt;&lt;mi&gt;x&lt;/mi&gt;&lt;/mrow&gt;&lt;/msub&gt;&lt;mo&gt;&amp;#x0003D;&lt;/mo&gt;&lt;mn&gt;18.3&lt;/mn&gt;&lt;/mrow&gt;&lt;/math&gt;.&lt;/p&gt;
&lt;p&gt;Evaluate position at &lt;math xmlns="http://www.w3.org/1998/Math/MathML" display="inline"&gt;&lt;mrow&gt;&lt;mi&gt;t&lt;/mi&gt;&lt;mo&gt;&amp;#x0003D;&lt;/mo&gt;&lt;mn&gt;10.4&lt;/mn&gt;&lt;/mrow&gt;&lt;/math&gt; and subtract &lt;math xmlns="http://www.w3.org/1998/Math/MathML" display="inline"&gt;&lt;mrow&gt;&lt;msub&gt;&lt;mi&gt;x&lt;/mi&gt;&lt;mn&gt;0&lt;/mn&gt;&lt;/msub&gt;&lt;/mrow&gt;&lt;/math&gt;:&lt;/p&gt;
&lt;math xmlns="http://www.w3.org/1998/Math/MathML" display="inline"&gt;&lt;mrow&gt;&lt;mi&gt;&amp;#x00394;&lt;/mi&gt;&lt;mi&gt;x&lt;/mi&gt;&lt;mo&gt;&amp;#x0003D;&lt;/mo&gt;&lt;mn&gt;168.8&lt;/mn&gt;&lt;mtext&gt;&amp;#x000A0;&lt;/mtext&gt;&lt;mtext&gt;m&lt;/mtext&gt;&lt;/mrow&gt;&lt;/math&gt;</mattext>
            </material>
          </flow_mat>
        </itemfeedback>
        <itemfeedback ident="correct_fb">
          <flow_mat>
            <material>
              <mattext texttype="text/plain">&lt;p&gt;Well done&amp;#x21;&lt;/p&gt;</mattext>
            </material>
          </flow_mat>
        </itemfeedback>
        <itemfeedback ident="general_incorrect_fb">
          <flow_mat>
            <material>
              <mattext texttype="text/plain">&lt;p&gt;Try again using full symbolic steps.&lt;/p&gt;</mattext>
            </material>
          </flow_mat>
        </itemfeedback>
      </item>
      <item ident="q20" title="Scenario 10 — distance">
        <itemmetadata>
          <qtimetadata>
            <qtimetadatafield>
              <fieldlabel>question_type</fieldlabel>
              <fieldentry>numerical_question</fieldentry>
            </qtimetadatafield>
          </qtimetadata>
        </itemmetadata>
        <presentation>
          <material>
            <mattext texttype="text/plain">&lt;p&gt;Scenario 10. An object moves from point A toward point B&amp;#x2C; starting &lt;math xmlns="http://www.w3.org/1998/Math/MathML" display="inline"&gt;&lt;mrow&gt;&lt;mn&gt;86.6&lt;/mn&gt;&lt;mtext&gt;&amp;#x000A0;&lt;/mtext&gt;&lt;mtext&gt;m&lt;/mtext&gt;&lt;/mrow&gt;&lt;/math&gt; away at &lt;math xmlns="http://www.w3.org/1998/Math/MathML" display="inline"&gt;&lt;mrow&gt;&lt;mn&gt;2.62&lt;/mn&gt;&lt;mtext&gt;&amp;#x000A0;&lt;/mtext&gt;&lt;mtext&gt;m/s&lt;/mtext&gt;&lt;/mrow&gt;&lt;/math&gt; for &lt;math xmlns="http://www.w3.org/1998/Math/MathML" display="inline"&gt;&lt;mrow&gt;&lt;mn&gt;20&lt;/mn&gt;&lt;mtext&gt;&amp;#x000A0;&lt;/mtext&gt;&lt;mtext&gt;s&lt;/mtext&gt;&lt;/mrow&gt;&lt;/math&gt;.&lt;/p&gt;</mattext>
          </material>
          <response_str ident="RESPONSE_q20" rcardinality="Single">
            <render_fib fibtype="Decimal" prompt="Box">
              <response_label ident="answer"/>
            </render_fib>
          </response_str>
        </presentation>
        <resprocessing>
          <outcomes>
            <decvar maxvalue="3" minvalue="0" varname="SCORE" vartype="Decimal"/>
          </outcomes>
          <respcondition continue="No">
            <conditionvar>
              <or>
                <varequal respident="RESPONSE_q20" margin="0.709789" margintype="absolute">70.9789</varequal>
                <and>
                  <vargte respident="RESPONSE_q20">70.269111</vargte>
                  <varlte respident="RESPONSE_q20">71.688689</varlte>
                </and>
              </or>
            </conditionvar>
            <setvar varname="SCORE" action="Set">3</setvar>
            <displayfeedback feedbacktype="Response" linkrefid="correct"/>
          </respcondition>
        </resprocessing>
        <itemfeedback ident="general_fb">
          <flow_mat>
            <material>
              <mattext texttype="text/plain">&lt;p&gt;Start with the given motion equation:&lt;/p&gt;
&lt;math xmlns="http://www.w3.org/1998/Math/MathML" display="inline"&gt;&lt;mrow&gt;&lt;msub&gt;&lt;mi&gt;a&lt;/mi&gt;&lt;mi&gt;x&lt;/mi&gt;&lt;/msub&gt;&lt;mo stretchy="false"&gt;&amp;#x00028;&lt;/mo&gt;&lt;mi&gt;t&lt;/mi&gt;&lt;mo stretchy="false"&gt;&amp;#x00029;&lt;/mo&gt;&lt;mo&gt;&amp;#x0003D;&lt;/mo&gt;&lt;mn&gt;0.78&lt;/mn&gt;&lt;mo stretchy="false"&gt;&amp;#x00028;&lt;/mo&gt;&lt;mn&gt;1&lt;/mn&gt;&lt;mo&gt;&amp;#x02212;&lt;/mo&gt;&lt;msup&gt;&lt;mi&gt;e&lt;/mi&gt;&lt;mrow&gt;&lt;mo&gt;&amp;#x02212;&lt;/mo&gt;&lt;mn&gt;0.02&lt;/mn&gt;&lt;mi&gt;t&lt;/mi&gt;&lt;/mrow&gt;&lt;/msup&gt;&lt;mo stretchy="false"&gt;&amp;#x00029;&lt;/mo&gt;&lt;/mrow&gt;&lt;/math&gt;

&lt;p&gt;Integrate once to get velocity and twice to get position:&lt;/p&gt;
&lt;p&gt;Integrate to get velocity&lt;/p&gt;
&lt;p&gt;Apply initial conditions &lt;math xmlns="http://www.w3.org/1998/Math/MathML" display="inline"&gt;&lt;mrow&gt;&lt;msub&gt;&lt;mi&gt;x&lt;/mi&gt;&lt;mn&gt;0&lt;/mn&gt;&lt;/msub&gt;&lt;mo&gt;&amp;#x0003D;&lt;/mo&gt;&lt;mn&gt;86.6&lt;/mn&gt;&lt;/mrow&gt;&lt;/math&gt;&amp;#x2C; &lt;math xmlns="http://www.w3.org/1998/Math/MathML" display="inline"&gt;&lt;mrow&gt;&lt;msub&gt;&lt;mi&gt;v&lt;/mi&gt;&lt;mrow&gt;&lt;mn&gt;0&lt;/mn&gt;&lt;mi&gt;x&lt;/mi&gt;&lt;/mrow&gt;&lt;/msub&gt;&lt;mo&gt;&amp;#x0003D;&lt;/mo&gt;&lt;mn&gt;2.62&lt;/mn&gt;&lt;/mrow&gt;&lt;/math&gt;.&lt;/p&gt;
&lt;p&gt;Evaluate position at &lt;math xmlns="http://www.w3.org/1998/Math/MathML" display="inline"&gt;&lt;mrow&gt;&lt;mi&gt;t&lt;/mi&gt;&lt;mo&gt;&amp;#x0003D;&lt;/mo&gt;&lt;mn&gt;20&lt;/mn&gt;&lt;/mrow&gt;&lt;/math&gt; and subtract &lt;math xmlns="http://www.w3.org/1998/Math/MathML" display="inline"&gt;&lt;mrow&gt;&lt;msub&gt;&lt;mi&gt;x&lt;/mi&gt;&lt;mn&gt;0&lt;/mn&gt;&lt;/msub&gt;&lt;/mrow&gt;&lt;/math&gt;:&lt;/p&gt;
&lt;math xmlns="http://www.w3.org/1998/Math/MathML" display="inline"&gt;&lt;mrow&gt;&lt;mi&gt;&amp;#x00394;&lt;/mi&gt;&lt;mi&gt;x&lt;/mi&gt;&lt;mo&gt;&amp;#x0003D;&lt;/mo&gt;&lt;mn&gt;70.98&lt;/mn&gt;&lt;mtext&gt;&amp;#x000A0;&lt;/mtext&gt;&lt;mtext&gt;m&lt;/mtext&gt;&lt;/mrow&gt;&lt;/math&gt;</mattext>
            </material>
          </flow_mat>
        </itemfeedback>
        <itemfeedback ident="correct_fb">
          <flow_mat>
            <material>
              <mattext texttype="text/plain">&lt;p&gt;Well done&amp;#x21;&lt;/p&gt;</mattext>
            </material>
          </flow_mat>
        </itemfeedback>
        <itemfeedback ident="general_incorrect_fb">
          <flow_mat>
            <material>
              <mattext texttype="text/plain">&lt;p&gt;Try again using full symbolic steps.&lt;/p&gt;</mattext>
            </material>
          </flow_mat>
        </itemfeedback>
      </item>
    </section>
  </assessment>
</questestinterop>
