<?xml version="1.0"?>
<manifest xmlns="http://www.imsglobal.org/xsd/imsccv1p1/imscp_v1p1" xmlns:lom="http://ltsc.ieee.org/xsd/imsccv1p1/LOM/resource" xmlns:imsmd="http://www.imsglobal.org/xsd/imsmd_v1p2" xmlns:xsi="http://www.w3.org/2001/XMLSchema-instance" identifier="11ebc333d73aeb31815f5b817077e4ce" xsi:schemaLocation="http://www.imsglobal.org/xsd/imsccv1p1/imscp_v1p1 http://www.imsglobal.org/xsd/imscp_v1p1.xsd http://ltsc.ieee.org/xsd/imsccv1p1/LOM/resource http://www.imsglobal.org/profile/cc/ccv1p1/LOM/ccv1p1_lomresource_v1p0.xsd http://www.imsglobal.org/xsd/imsmd_v1p2 http://www.imsglobal.org/xsd/imsmd_v1p2p2.xsd">
  <metadata>
    <schema>IMS Content</schema>
    <schemaversion>1.1.3</schemaversion>
    <imsmd:lom>
      <imsmd:general>
        <imsmd:title>
          <imsmd:string>QTI Quiz Export for </imsmd:string>
        </imsmd:title>
      </imsmd:general>
      <imsmd:lifeCycle>
        <imsmd:contribute>
          <imsmd:date>
            <imsmd:dateTime>2025-09-18</imsmd:dateTime>
          </imsmd:date>
        </imsmd:contribute>
      </imsmd:lifeCycle>
      <imsmd:rights>
        <imsmd:copyrightAndOtherRestrictions>
          <imsmd:value>yes</imsmd:value>
        </imsmd:copyrightAndOtherRestrictions>
        <imsmd:description>
          <imsmd:string>Private (Copyrighted) - http://en.wikipedia.org/wiki/Copyright</imsmd:string>
        </imsmd:description>
      </imsmd:rights>
    </imsmd:lom>
  </metadata>
  <organizations/>
  <resources>
    <resource identifier="gf09d513384e125d4e3e1f3dea0956091" type="imsqti_xmlv1p2">
      <file href="gf09d513384e125d4e3e1f3dea0956091/gf09d513384e125d4e3e1f3dea0956091.xml"/>
      <dependency identifierref="60474fb4934dc6c216d6d14d3376ea70"/>
    </resource>
    <resource identifier="60474fb4934dc6c216d6d14d3376ea70" type="associatedcontent/imscc_xmlv1p1/learning-application-resource" href="gf09d513384e125d4e3e1f3dea0956091/assessment_meta.xml">
      <file href="gf09d513384e125d4e3e1f3dea0956091/assessment_meta.xml"/>
    </resource>
    <resource identifier="gbc76c1062aaa5a539af9c86a25433348" type="associatedcontent/imscc_xmlv1p1/learning-application-resource" href="non_cc_assessments/gbc76c1062aaa5a539af9c86a25433348.xml.qti">
      <file href="non_cc_assessments/gbc76c1062aaa5a539af9c86a25433348.xml.qti"/>
    </resource>
  </resources>
</manifest>
