<?xml version="1.0"?>
<questestinterop xmlns="http://www.imsglobal.org/xsd/ims_qtiasiv1p2" xmlns:xsi="http://www.w3.org/2001/XMLSchema-instance" xsi:schemaLocation="http://www.imsglobal.org/xsd/ims_qtiasiv1p2 http://www.imsglobal.org/xsd/ims_qtiasiv1p2p1.xsd">
  <assessment ident="gf09d513384e125d4e3e1f3dea0956091" title="PHY1-1DM-UAM1-09012025 " external_assignment_id="7320280">
    <qtimetadata>
      <qtimetadatafield>
        <fieldlabel>cc_maxattempts</fieldlabel>
        <fieldentry>1</fieldentry>
      </qtimetadatafield>
    </qtimetadata>
    <section ident="root_section">
      <bankentry_item sourcebank_ref="gbc76c1062aaa5a539af9c86a25433348" item_ref="ac05114fdce62d4486cb845617f8a916" points_possible="1.0" entry_type="Item"/>
      <bankentry_item sourcebank_ref="gbc76c1062aaa5a539af9c86a25433348" item_ref="37116b8c2f1540dc29c6f05abe9fb48e" points_possible="1.0" entry_type="Item"/>
      <bankentry_item sourcebank_ref="gbc76c1062aaa5a539af9c86a25433348" item_ref="5e649237a387e72550f562de7c774cec" points_possible="1.0" entry_type="Item"/>
      <bankentry_item sourcebank_ref="gbc76c1062aaa5a539af9c86a25433348" item_ref="94d18f6f6254895c2e32413c0e758eda" points_possible="1.0" entry_type="Item"/>
      <bankentry_item sourcebank_ref="gbc76c1062aaa5a539af9c86a25433348" item_ref="4f78eda5fe0c7a37a9b75d936d8dae05" points_possible="1.0" entry_type="Item"/>
      <bankentry_item sourcebank_ref="gbc76c1062aaa5a539af9c86a25433348" item_ref="a3f33199bc9ace24b02ee1e42bf5cf4a" points_possible="1.0" entry_type="Item"/>
      <bankentry_item sourcebank_ref="gbc76c1062aaa5a539af9c86a25433348" item_ref="603dee0ac0dbc314da7abe01127ad7c5" points_possible="1.0" entry_type="Item"/>
      <bankentry_item sourcebank_ref="gbc76c1062aaa5a539af9c86a25433348" item_ref="f4b39ccf6b4e32d9c248cb92b246a1c2" points_possible="1.0" entry_type="Item"/>
    </section>
  </assessment>
</questestinterop>
