<?xml version='1.0' encoding='utf-8'?>
<questestinterop xmlns="http://www.imsglobal.org/xsd/ims_qtiasiv1p2" xmlns:xsi="http://www.w3.org/2001/XMLSchema-instance" xsi:schemaLocation="http://www.imsglobal.org/xsd/ims_qtiasiv1p2 http://www.imsglobal.org/xsd/ims_qtiasiv1p2p1.xsd">
  <assessment ident="qti" title="Comparison of flight time in parabolic trajectory">
    <qtimetadata>
      <qtimetadatafield>
        <fieldlabel>cc_maxattempts</fieldlabel>
        <fieldentry>1</fieldentry>
      </qtimetadatafield>
    </qtimetadata>
    <section ident="root_section">
      <item ident="q-1" title="Projectile Motion - Q-1">
        <itemmetadata>
          <qtimetadata>
            <qtimetadatafield>
              <fieldlabel>question_type</fieldlabel>
              <fieldentry>multiple_choice_question</fieldentry>
            </qtimetadatafield>
          </qtimetadata>
        </itemmetadata>
        <presentation>
          <material>
            <mattext texttype="text/plain">&lt;p&gt;Three engineering students test launchers that fire identical steel spheres from the same ground-level point. The three projectiles (A&amp;#x2C; B&amp;#x2C; and C) follow distinct parabolic paths and land back on the ground. Their trajectories are shown in the figure.
Which of the following represents the correct ranking of their time of flight?&lt;/p&gt;&lt;img src='$IMS-CC-FILEBASE$/media/q-1.png' alt='Figure' /&gt;</mattext>
          </material>
          <response_lid ident="RESPONSE_q-1" rcardinality="Single">
            <render_choice shuffle="Yes">
              <response_label ident="CHOICE_1">
                <material>
                  <mattext texttype="text/plain">C &lt; A &lt; B</mattext>
                </material>
              </response_label>
              <response_label ident="CHOICE_2">
                <material>
                  <mattext texttype="text/plain">A &gt; B &gt; C</mattext>
                </material>
              </response_label>
              <response_label ident="CHOICE_3">
                <material>
                  <mattext texttype="text/plain">A &lt; B &lt; C</mattext>
                </material>
              </response_label>
              <response_label ident="CHOICE_4">
                <material>
                  <mattext texttype="text/plain">A = C &lt; B</mattext>
                </material>
              </response_label>
            </render_choice>
          </response_lid>
        </presentation>
        <resprocessing>
          <outcomes>
            <decvar varname="SCORE" vartype="Decimal" minvalue="0" maxvalue="100"/>
          </outcomes>
          <respcondition continue="No">
            <conditionvar>
              <varequal respident="RESPONSE_q-1">CHOICE_2</varequal>
            </conditionvar>
            <setvar action="Set" varname="SCORE">1</setvar>
          </respcondition>
        </resprocessing>
        <itemfeedback ident="general_fb">
          <flow_mat>
            <material>
              <mattext texttype="text/plain">&lt;p&gt;For projectile motion&amp;#x2C; it can be shown that both the flight time and the height of the trajectory are directly proportional to the y-component of the initial velocity. So the higher the trajectory&amp;#x2C; the longer it takes for the projectile to hit the ground. The range&amp;#x2C; on the other hand&amp;#x2C; is determined by both the flight time and the x-component of the initial velocity&amp;#x2C; so one cannot compare the flight time directly from the range of the trajectory.&lt;/p&gt;</mattext>
            </material>
          </flow_mat>
        </itemfeedback>
      </item>
      <item ident="q-2" title="Projectile Motion - Q-2">
        <itemmetadata>
          <qtimetadata>
            <qtimetadatafield>
              <fieldlabel>question_type</fieldlabel>
              <fieldentry>multiple_choice_question</fieldentry>
            </qtimetadatafield>
          </qtimetadata>
        </itemmetadata>
        <presentation>
          <material>
            <mattext texttype="text/plain">&lt;p&gt;Three contestants at a physics fair use custom catapults to launch metal balls (A&amp;#x2C; B&amp;#x2C; and C) from the same spot. The figure shows the distinct trajectories of each ball&amp;#x2C; all of which return to the ground.
Based on the figure&amp;#x2C; what is the correct comparison of the time each ball spends in the air?&lt;/p&gt;&lt;img src='$IMS-CC-FILEBASE$/media/q-2.png' alt='Figure' /&gt;</mattext>
          </material>
          <response_lid ident="RESPONSE_q-2" rcardinality="Single">
            <render_choice shuffle="Yes">
              <response_label ident="CHOICE_1">
                <material>
                  <mattext texttype="text/plain">B &gt; A &gt; C</mattext>
                </material>
              </response_label>
              <response_label ident="CHOICE_2">
                <material>
                  <mattext texttype="text/plain">A &gt; B &gt; C</mattext>
                </material>
              </response_label>
              <response_label ident="CHOICE_3">
                <material>
                  <mattext texttype="text/plain">A = B &lt; C</mattext>
                </material>
              </response_label>
              <response_label ident="CHOICE_4">
                <material>
                  <mattext texttype="text/plain">C = B &lt; A</mattext>
                </material>
              </response_label>
            </render_choice>
          </response_lid>
        </presentation>
        <resprocessing>
          <outcomes>
            <decvar varname="SCORE" vartype="Decimal" minvalue="0" maxvalue="100"/>
          </outcomes>
          <respcondition continue="No">
            <conditionvar>
              <varequal respident="RESPONSE_q-2">CHOICE_2</varequal>
            </conditionvar>
            <setvar action="Set" varname="SCORE">1</setvar>
          </respcondition>
        </resprocessing>
        <itemfeedback ident="general_fb">
          <flow_mat>
            <material>
              <mattext texttype="text/plain">&lt;p&gt;For projectile motion&amp;#x2C; it can be shown that both the flight time and the height of the trajectory are directly proportional to the y-component of the initial velocity. So the higher the trajectory&amp;#x2C; the longer it takes for the projectile to hit the ground. The range&amp;#x2C; on the other hand&amp;#x2C; is determined by both the flight time and the x-component of the initial velocity&amp;#x2C; so one cannot compare the flight time directly from the range of the trajectory.&lt;/p&gt;</mattext>
            </material>
          </flow_mat>
        </itemfeedback>
      </item>
      <item ident="q-3" title="Projectile Motion - Q-3">
        <itemmetadata>
          <qtimetadata>
            <qtimetadatafield>
              <fieldlabel>question_type</fieldlabel>
              <fieldentry>multiple_choice_question</fieldentry>
            </qtimetadatafield>
          </qtimetadata>
        </itemmetadata>
        <presentation>
          <material>
            <mattext texttype="text/plain">&lt;p&gt;During a robotics competition&amp;#x2C; three autonomous soccer robots kick soccer balls (A&amp;#x2C; B&amp;#x2C; and C) into the air from the same spot. The trajectories of the balls are shown in the figure&amp;#x2C; and each ball returns to the ground.
Which of the following correctly ranks the time each ball is in the air?&lt;/p&gt;&lt;img src='$IMS-CC-FILEBASE$/media/q-3.png' alt='Figure' /&gt;</mattext>
          </material>
          <response_lid ident="RESPONSE_q-3" rcardinality="Single">
            <render_choice shuffle="Yes">
              <response_label ident="CHOICE_1">
                <material>
                  <mattext texttype="text/plain">A &gt; C &gt; B</mattext>
                </material>
              </response_label>
              <response_label ident="CHOICE_2">
                <material>
                  <mattext texttype="text/plain">A &lt; C &lt; B</mattext>
                </material>
              </response_label>
              <response_label ident="CHOICE_3">
                <material>
                  <mattext texttype="text/plain">B &gt; C = A</mattext>
                </material>
              </response_label>
              <response_label ident="CHOICE_4">
                <material>
                  <mattext texttype="text/plain">B &gt; A &gt; C</mattext>
                </material>
              </response_label>
            </render_choice>
          </response_lid>
        </presentation>
        <resprocessing>
          <outcomes>
            <decvar varname="SCORE" vartype="Decimal" minvalue="0" maxvalue="100"/>
          </outcomes>
          <respcondition continue="No">
            <conditionvar>
              <varequal respident="RESPONSE_q-3">CHOICE_1</varequal>
            </conditionvar>
            <setvar action="Set" varname="SCORE">1</setvar>
          </respcondition>
        </resprocessing>
        <itemfeedback ident="general_fb">
          <flow_mat>
            <material>
              <mattext texttype="text/plain">&lt;p&gt;For projectile motion&amp;#x2C; it can be shown that both the flight time and the height of the trajectory are directly proportional to the y-component of the initial velocity. So the higher the trajectory&amp;#x2C; the longer it takes for the projectile to hit the ground. The range&amp;#x2C; on the other hand&amp;#x2C; is determined by both the flight time and the x-component of the initial velocity&amp;#x2C; so one cannot compare the flight time directly from the range of the trajectory.&lt;/p&gt;</mattext>
            </material>
          </flow_mat>
        </itemfeedback>
      </item>
      <item ident="q-4" title="Projectile Motion - Q-4">
        <itemmetadata>
          <qtimetadata>
            <qtimetadatafield>
              <fieldlabel>question_type</fieldlabel>
              <fieldentry>multiple_choice_question</fieldentry>
            </qtimetadatafield>
          </qtimetadata>
        </itemmetadata>
        <presentation>
          <material>
            <mattext texttype="text/plain">&lt;p&gt;Three contestants at a physics fair use custom catapults to launch metal balls (A&amp;#x2C; B&amp;#x2C; and C) from the same spot. The figure shows the distinct trajectories of each ball&amp;#x2C; all of which return to the ground.
Based on the figure&amp;#x2C; what is the correct comparison of the time each ball spends in the air?&lt;/p&gt;&lt;img src='$IMS-CC-FILEBASE$/media/q-4.png' alt='Figure' /&gt;</mattext>
          </material>
          <response_lid ident="RESPONSE_q-4" rcardinality="Single">
            <render_choice shuffle="Yes">
              <response_label ident="CHOICE_1">
                <material>
                  <mattext texttype="text/plain">A &gt; C &gt; B</mattext>
                </material>
              </response_label>
              <response_label ident="CHOICE_2">
                <material>
                  <mattext texttype="text/plain">C &lt; B = A</mattext>
                </material>
              </response_label>
              <response_label ident="CHOICE_3">
                <material>
                  <mattext texttype="text/plain">A = C &lt; B</mattext>
                </material>
              </response_label>
              <response_label ident="CHOICE_4">
                <material>
                  <mattext texttype="text/plain">C = A &gt; B</mattext>
                </material>
              </response_label>
            </render_choice>
          </response_lid>
        </presentation>
        <resprocessing>
          <outcomes>
            <decvar varname="SCORE" vartype="Decimal" minvalue="0" maxvalue="100"/>
          </outcomes>
          <respcondition continue="No">
            <conditionvar>
              <varequal respident="RESPONSE_q-4">CHOICE_1</varequal>
            </conditionvar>
            <setvar action="Set" varname="SCORE">1</setvar>
          </respcondition>
        </resprocessing>
        <itemfeedback ident="general_fb">
          <flow_mat>
            <material>
              <mattext texttype="text/plain">&lt;p&gt;For projectile motion&amp;#x2C; it can be shown that both the flight time and the height of the trajectory are directly proportional to the y-component of the initial velocity. So the higher the trajectory&amp;#x2C; the longer it takes for the projectile to hit the ground. The range&amp;#x2C; on the other hand&amp;#x2C; is determined by both the flight time and the x-component of the initial velocity&amp;#x2C; so one cannot compare the flight time directly from the range of the trajectory.&lt;/p&gt;</mattext>
            </material>
          </flow_mat>
        </itemfeedback>
      </item>
      <item ident="q-5" title="Projectile Motion - Q-5">
        <itemmetadata>
          <qtimetadata>
            <qtimetadatafield>
              <fieldlabel>question_type</fieldlabel>
              <fieldentry>multiple_choice_question</fieldentry>
            </qtimetadatafield>
          </qtimetadata>
        </itemmetadata>
        <presentation>
          <material>
            <mattext texttype="text/plain">&lt;p&gt;Three pirate ships anchored side by side each fire a cannonball from the same position on the deck. The cannonballs (A&amp;#x2C; B&amp;#x2C; and C) travel along different paths&amp;#x2C; landing back on the sea-level surface. Their trajectories are shown in the figure.
Based on the figure&amp;#x2C; what is the correct ranking of the time each cannonball takes to reach the ground?&lt;/p&gt;&lt;img src='$IMS-CC-FILEBASE$/media/q-5.png' alt='Figure' /&gt;</mattext>
          </material>
          <response_lid ident="RESPONSE_q-5" rcardinality="Single">
            <render_choice shuffle="Yes">
              <response_label ident="CHOICE_1">
                <material>
                  <mattext texttype="text/plain">B &gt; A &gt; C</mattext>
                </material>
              </response_label>
              <response_label ident="CHOICE_2">
                <material>
                  <mattext texttype="text/plain">B = C &gt; A</mattext>
                </material>
              </response_label>
              <response_label ident="CHOICE_3">
                <material>
                  <mattext texttype="text/plain">C &gt; B &gt; A</mattext>
                </material>
              </response_label>
              <response_label ident="CHOICE_4">
                <material>
                  <mattext texttype="text/plain">B &lt; A &lt; C</mattext>
                </material>
              </response_label>
            </render_choice>
          </response_lid>
        </presentation>
        <resprocessing>
          <outcomes>
            <decvar varname="SCORE" vartype="Decimal" minvalue="0" maxvalue="100"/>
          </outcomes>
          <respcondition continue="No">
            <conditionvar>
              <varequal respident="RESPONSE_q-5">CHOICE_1</varequal>
            </conditionvar>
            <setvar action="Set" varname="SCORE">1</setvar>
          </respcondition>
        </resprocessing>
        <itemfeedback ident="general_fb">
          <flow_mat>
            <material>
              <mattext texttype="text/plain">&lt;p&gt;For projectile motion&amp;#x2C; it can be shown that both the flight time and the height of the trajectory are directly proportional to the y-component of the initial velocity. So the higher the trajectory&amp;#x2C; the longer it takes for the projectile to hit the ground. The range&amp;#x2C; on the other hand&amp;#x2C; is determined by both the flight time and the x-component of the initial velocity&amp;#x2C; so one cannot compare the flight time directly from the range of the trajectory.&lt;/p&gt;</mattext>
            </material>
          </flow_mat>
        </itemfeedback>
      </item>
      <item ident="q-6" title="Projectile Motion - Q-6">
        <itemmetadata>
          <qtimetadata>
            <qtimetadatafield>
              <fieldlabel>question_type</fieldlabel>
              <fieldentry>multiple_choice_question</fieldentry>
            </qtimetadatafield>
          </qtimetadata>
        </itemmetadata>
        <presentation>
          <material>
            <mattext texttype="text/plain">&lt;p&gt;As part of a lunar gravity training simulation&amp;#x2C; three astronauts launch metal spheres (A&amp;#x2C; B&amp;#x2C; and C) from the same point. Each sphere follows a unique parabolic path and lands back on the ground&amp;#x2C; as illustrated.
Based on the figure&amp;#x2C; which of the following shows the correct ranking of the time each sphere spends in the air?&lt;/p&gt;&lt;img src='$IMS-CC-FILEBASE$/media/q-6.png' alt='Figure' /&gt;</mattext>
          </material>
          <response_lid ident="RESPONSE_q-6" rcardinality="Single">
            <render_choice shuffle="Yes">
              <response_label ident="CHOICE_1">
                <material>
                  <mattext texttype="text/plain">C = B &lt; A</mattext>
                </material>
              </response_label>
              <response_label ident="CHOICE_2">
                <material>
                  <mattext texttype="text/plain">B &gt; A &gt; C</mattext>
                </material>
              </response_label>
              <response_label ident="CHOICE_3">
                <material>
                  <mattext texttype="text/plain">A = B &lt; C</mattext>
                </material>
              </response_label>
              <response_label ident="CHOICE_4">
                <material>
                  <mattext texttype="text/plain">B &lt; A = C</mattext>
                </material>
              </response_label>
            </render_choice>
          </response_lid>
        </presentation>
        <resprocessing>
          <outcomes>
            <decvar varname="SCORE" vartype="Decimal" minvalue="0" maxvalue="100"/>
          </outcomes>
          <respcondition continue="No">
            <conditionvar>
              <varequal respident="RESPONSE_q-6">CHOICE_2</varequal>
            </conditionvar>
            <setvar action="Set" varname="SCORE">1</setvar>
          </respcondition>
        </resprocessing>
        <itemfeedback ident="general_fb">
          <flow_mat>
            <material>
              <mattext texttype="text/plain">&lt;p&gt;For projectile motion&amp;#x2C; it can be shown that both the flight time and the height of the trajectory are directly proportional to the y-component of the initial velocity. So the higher the trajectory&amp;#x2C; the longer it takes for the projectile to hit the ground. The range&amp;#x2C; on the other hand&amp;#x2C; is determined by both the flight time and the x-component of the initial velocity&amp;#x2C; so one cannot compare the flight time directly from the range of the trajectory.&lt;/p&gt;</mattext>
            </material>
          </flow_mat>
        </itemfeedback>
      </item>
      <item ident="q-7" title="Projectile Motion - Q-7">
        <itemmetadata>
          <qtimetadata>
            <qtimetadatafield>
              <fieldlabel>question_type</fieldlabel>
              <fieldentry>multiple_choice_question</fieldentry>
            </qtimetadatafield>
          </qtimetadata>
        </itemmetadata>
        <presentation>
          <material>
            <mattext texttype="text/plain">&lt;p&gt;At a military training facility&amp;#x2C; three artillery guns are fired from the same position. The shells (A&amp;#x2C; B&amp;#x2C; and C) follow three distinct parabolic trajectories&amp;#x2C; all starting and ending at ground level&amp;#x2C; as shown in the figure.
Which of the following represents the correct comparison of their flight times?&lt;/p&gt;&lt;img src='$IMS-CC-FILEBASE$/media/q-7.png' alt='Figure' /&gt;</mattext>
          </material>
          <response_lid ident="RESPONSE_q-7" rcardinality="Single">
            <render_choice shuffle="Yes">
              <response_label ident="CHOICE_1">
                <material>
                  <mattext texttype="text/plain">B &gt; C &gt; A</mattext>
                </material>
              </response_label>
              <response_label ident="CHOICE_2">
                <material>
                  <mattext texttype="text/plain">B &lt; C &lt; A</mattext>
                </material>
              </response_label>
              <response_label ident="CHOICE_3">
                <material>
                  <mattext texttype="text/plain">C &gt; A = B</mattext>
                </material>
              </response_label>
              <response_label ident="CHOICE_4">
                <material>
                  <mattext texttype="text/plain">A &gt; C = B</mattext>
                </material>
              </response_label>
            </render_choice>
          </response_lid>
        </presentation>
        <resprocessing>
          <outcomes>
            <decvar varname="SCORE" vartype="Decimal" minvalue="0" maxvalue="100"/>
          </outcomes>
          <respcondition continue="No">
            <conditionvar>
              <varequal respident="RESPONSE_q-7">CHOICE_1</varequal>
            </conditionvar>
            <setvar action="Set" varname="SCORE">1</setvar>
          </respcondition>
        </resprocessing>
        <itemfeedback ident="general_fb">
          <flow_mat>
            <material>
              <mattext texttype="text/plain">&lt;p&gt;For projectile motion&amp;#x2C; it can be shown that both the flight time and the height of the trajectory are directly proportional to the y-component of the initial velocity. So the higher the trajectory&amp;#x2C; the longer it takes for the projectile to hit the ground. The range&amp;#x2C; on the other hand&amp;#x2C; is determined by both the flight time and the x-component of the initial velocity&amp;#x2C; so one cannot compare the flight time directly from the range of the trajectory.&lt;/p&gt;</mattext>
            </material>
          </flow_mat>
        </itemfeedback>
      </item>
      <item ident="q-8" title="Projectile Motion - Q-8">
        <itemmetadata>
          <qtimetadata>
            <qtimetadatafield>
              <fieldlabel>question_type</fieldlabel>
              <fieldentry>multiple_choice_question</fieldentry>
            </qtimetadatafield>
          </qtimetadata>
        </itemmetadata>
        <presentation>
          <material>
            <mattext texttype="text/plain">&lt;p&gt;Three engineering students test launchers that fire identical steel spheres from the same ground-level point. The three projectiles (A&amp;#x2C; B&amp;#x2C; and C) follow distinct parabolic paths and land back on the ground. Their trajectories are shown in the figure.
Which of the following represents the correct ranking of their time of flight?&lt;/p&gt;&lt;img src='$IMS-CC-FILEBASE$/media/q-8.png' alt='Figure' /&gt;</mattext>
          </material>
          <response_lid ident="RESPONSE_q-8" rcardinality="Single">
            <render_choice shuffle="Yes">
              <response_label ident="CHOICE_1">
                <material>
                  <mattext texttype="text/plain">A = C &gt; B</mattext>
                </material>
              </response_label>
              <response_label ident="CHOICE_2">
                <material>
                  <mattext texttype="text/plain">B = C &lt; A</mattext>
                </material>
              </response_label>
              <response_label ident="CHOICE_3">
                <material>
                  <mattext texttype="text/plain">C &lt; A &lt; B</mattext>
                </material>
              </response_label>
              <response_label ident="CHOICE_4">
                <material>
                  <mattext texttype="text/plain">B &gt; C &gt; A</mattext>
                </material>
              </response_label>
            </render_choice>
          </response_lid>
        </presentation>
        <resprocessing>
          <outcomes>
            <decvar varname="SCORE" vartype="Decimal" minvalue="0" maxvalue="100"/>
          </outcomes>
          <respcondition continue="No">
            <conditionvar>
              <varequal respident="RESPONSE_q-8">CHOICE_4</varequal>
            </conditionvar>
            <setvar action="Set" varname="SCORE">1</setvar>
          </respcondition>
        </resprocessing>
        <itemfeedback ident="general_fb">
          <flow_mat>
            <material>
              <mattext texttype="text/plain">&lt;p&gt;For projectile motion&amp;#x2C; it can be shown that both the flight time and the height of the trajectory are directly proportional to the y-component of the initial velocity. So the higher the trajectory&amp;#x2C; the longer it takes for the projectile to hit the ground. The range&amp;#x2C; on the other hand&amp;#x2C; is determined by both the flight time and the x-component of the initial velocity&amp;#x2C; so one cannot compare the flight time directly from the range of the trajectory.&lt;/p&gt;</mattext>
            </material>
          </flow_mat>
        </itemfeedback>
      </item>
      <item ident="q-9" title="Projectile Motion - Q-9">
        <itemmetadata>
          <qtimetadata>
            <qtimetadatafield>
              <fieldlabel>question_type</fieldlabel>
              <fieldentry>multiple_choice_question</fieldentry>
            </qtimetadatafield>
          </qtimetadata>
        </itemmetadata>
        <presentation>
          <material>
            <mattext texttype="text/plain">&lt;p&gt;During a robotics competition&amp;#x2C; three autonomous soccer robots kick soccer balls (A&amp;#x2C; B&amp;#x2C; and C) into the air from the same spot. The trajectories of the balls are shown in the figure&amp;#x2C; and each ball returns to the ground.
Which of the following correctly ranks the time each ball is in the air?&lt;/p&gt;&lt;img src='$IMS-CC-FILEBASE$/media/q-9.png' alt='Figure' /&gt;</mattext>
          </material>
          <response_lid ident="RESPONSE_q-9" rcardinality="Single">
            <render_choice shuffle="Yes">
              <response_label ident="CHOICE_1">
                <material>
                  <mattext texttype="text/plain">A &lt; C = B</mattext>
                </material>
              </response_label>
              <response_label ident="CHOICE_2">
                <material>
                  <mattext texttype="text/plain">B &lt; A = C</mattext>
                </material>
              </response_label>
              <response_label ident="CHOICE_3">
                <material>
                  <mattext texttype="text/plain">C &gt; A &gt; B</mattext>
                </material>
              </response_label>
              <response_label ident="CHOICE_4">
                <material>
                  <mattext texttype="text/plain">C &lt; A &lt; B</mattext>
                </material>
              </response_label>
            </render_choice>
          </response_lid>
        </presentation>
        <resprocessing>
          <outcomes>
            <decvar varname="SCORE" vartype="Decimal" minvalue="0" maxvalue="100"/>
          </outcomes>
          <respcondition continue="No">
            <conditionvar>
              <varequal respident="RESPONSE_q-9">CHOICE_3</varequal>
            </conditionvar>
            <setvar action="Set" varname="SCORE">1</setvar>
          </respcondition>
        </resprocessing>
        <itemfeedback ident="general_fb">
          <flow_mat>
            <material>
              <mattext texttype="text/plain">&lt;p&gt;For projectile motion&amp;#x2C; it can be shown that both the flight time and the height of the trajectory are directly proportional to the y-component of the initial velocity. So the higher the trajectory&amp;#x2C; the longer it takes for the projectile to hit the ground. The range&amp;#x2C; on the other hand&amp;#x2C; is determined by both the flight time and the x-component of the initial velocity&amp;#x2C; so one cannot compare the flight time directly from the range of the trajectory.&lt;/p&gt;</mattext>
            </material>
          </flow_mat>
        </itemfeedback>
      </item>
      <item ident="q-10" title="Projectile Motion - Q-10">
        <itemmetadata>
          <qtimetadata>
            <qtimetadatafield>
              <fieldlabel>question_type</fieldlabel>
              <fieldentry>multiple_choice_question</fieldentry>
            </qtimetadatafield>
          </qtimetadata>
        </itemmetadata>
        <presentation>
          <material>
            <mattext texttype="text/plain">&lt;p&gt;At a military training facility&amp;#x2C; three artillery guns are fired from the same position. The shells (A&amp;#x2C; B&amp;#x2C; and C) follow three distinct parabolic trajectories&amp;#x2C; all starting and ending at ground level&amp;#x2C; as shown in the figure.
Which of the following represents the correct comparison of their flight times?&lt;/p&gt;&lt;img src='$IMS-CC-FILEBASE$/media/q-10.png' alt='Figure' /&gt;</mattext>
          </material>
          <response_lid ident="RESPONSE_q-10" rcardinality="Single">
            <render_choice shuffle="Yes">
              <response_label ident="CHOICE_1">
                <material>
                  <mattext texttype="text/plain">C = A &lt; B</mattext>
                </material>
              </response_label>
              <response_label ident="CHOICE_2">
                <material>
                  <mattext texttype="text/plain">C &lt; A &lt; B</mattext>
                </material>
              </response_label>
              <response_label ident="CHOICE_3">
                <material>
                  <mattext texttype="text/plain">B &lt; C = A</mattext>
                </material>
              </response_label>
              <response_label ident="CHOICE_4">
                <material>
                  <mattext texttype="text/plain">C &gt; A &gt; B</mattext>
                </material>
              </response_label>
            </render_choice>
          </response_lid>
        </presentation>
        <resprocessing>
          <outcomes>
            <decvar varname="SCORE" vartype="Decimal" minvalue="0" maxvalue="100"/>
          </outcomes>
          <respcondition continue="No">
            <conditionvar>
              <varequal respident="RESPONSE_q-10">CHOICE_4</varequal>
            </conditionvar>
            <setvar action="Set" varname="SCORE">1</setvar>
          </respcondition>
        </resprocessing>
        <itemfeedback ident="general_fb">
          <flow_mat>
            <material>
              <mattext texttype="text/plain">&lt;p&gt;For projectile motion&amp;#x2C; it can be shown that both the flight time and the height of the trajectory are directly proportional to the y-component of the initial velocity. So the higher the trajectory&amp;#x2C; the longer it takes for the projectile to hit the ground. The range&amp;#x2C; on the other hand&amp;#x2C; is determined by both the flight time and the x-component of the initial velocity&amp;#x2C; so one cannot compare the flight time directly from the range of the trajectory.&lt;/p&gt;</mattext>
            </material>
          </flow_mat>
        </itemfeedback>
      </item>
      <item ident="q-11" title="Projectile Motion - Q-11">
        <itemmetadata>
          <qtimetadata>
            <qtimetadatafield>
              <fieldlabel>question_type</fieldlabel>
              <fieldentry>multiple_choice_question</fieldentry>
            </qtimetadatafield>
          </qtimetadata>
        </itemmetadata>
        <presentation>
          <material>
            <mattext texttype="text/plain">&lt;p&gt;Three pirate ships anchored side by side each fire a cannonball from the same position on the deck. The cannonballs (A&amp;#x2C; B&amp;#x2C; and C) travel along different paths&amp;#x2C; landing back on the sea-level surface. Their trajectories are shown in the figure.
Based on the figure&amp;#x2C; what is the correct ranking of the time each cannonball takes to reach the ground?&lt;/p&gt;&lt;img src='$IMS-CC-FILEBASE$/media/q-11.png' alt='Figure' /&gt;</mattext>
          </material>
          <response_lid ident="RESPONSE_q-11" rcardinality="Single">
            <render_choice shuffle="Yes">
              <response_label ident="CHOICE_1">
                <material>
                  <mattext texttype="text/plain">C &lt; B &lt; A</mattext>
                </material>
              </response_label>
              <response_label ident="CHOICE_2">
                <material>
                  <mattext texttype="text/plain">C &gt; B &gt; A</mattext>
                </material>
              </response_label>
              <response_label ident="CHOICE_3">
                <material>
                  <mattext texttype="text/plain">A &lt; B &lt; C</mattext>
                </material>
              </response_label>
              <response_label ident="CHOICE_4">
                <material>
                  <mattext texttype="text/plain">C &lt; A = B</mattext>
                </material>
              </response_label>
            </render_choice>
          </response_lid>
        </presentation>
        <resprocessing>
          <outcomes>
            <decvar varname="SCORE" vartype="Decimal" minvalue="0" maxvalue="100"/>
          </outcomes>
          <respcondition continue="No">
            <conditionvar>
              <varequal respident="RESPONSE_q-11">CHOICE_2</varequal>
            </conditionvar>
            <setvar action="Set" varname="SCORE">1</setvar>
          </respcondition>
        </resprocessing>
        <itemfeedback ident="general_fb">
          <flow_mat>
            <material>
              <mattext texttype="text/plain">&lt;p&gt;For projectile motion&amp;#x2C; it can be shown that both the flight time and the height of the trajectory are directly proportional to the y-component of the initial velocity. So the higher the trajectory&amp;#x2C; the longer it takes for the projectile to hit the ground. The range&amp;#x2C; on the other hand&amp;#x2C; is determined by both the flight time and the x-component of the initial velocity&amp;#x2C; so one cannot compare the flight time directly from the range of the trajectory.&lt;/p&gt;</mattext>
            </material>
          </flow_mat>
        </itemfeedback>
      </item>
      <item ident="q-12" title="Projectile Motion - Q-12">
        <itemmetadata>
          <qtimetadata>
            <qtimetadatafield>
              <fieldlabel>question_type</fieldlabel>
              <fieldentry>multiple_choice_question</fieldentry>
            </qtimetadatafield>
          </qtimetadata>
        </itemmetadata>
        <presentation>
          <material>
            <mattext texttype="text/plain">&lt;p&gt;As part of a lunar gravity training simulation&amp;#x2C; three astronauts launch metal spheres (A&amp;#x2C; B&amp;#x2C; and C) from the same point. Each sphere follows a unique parabolic path and lands back on the ground&amp;#x2C; as illustrated.
Based on the figure&amp;#x2C; which of the following shows the correct ranking of the time each sphere spends in the air?&lt;/p&gt;&lt;img src='$IMS-CC-FILEBASE$/media/q-12.png' alt='Figure' /&gt;</mattext>
          </material>
          <response_lid ident="RESPONSE_q-12" rcardinality="Single">
            <render_choice shuffle="Yes">
              <response_label ident="CHOICE_1">
                <material>
                  <mattext texttype="text/plain">C &gt; A &gt; B</mattext>
                </material>
              </response_label>
              <response_label ident="CHOICE_2">
                <material>
                  <mattext texttype="text/plain">C &gt; B &gt; A</mattext>
                </material>
              </response_label>
              <response_label ident="CHOICE_3">
                <material>
                  <mattext texttype="text/plain">C = B &lt; A</mattext>
                </material>
              </response_label>
              <response_label ident="CHOICE_4">
                <material>
                  <mattext texttype="text/plain">C &lt; A &lt; B</mattext>
                </material>
              </response_label>
            </render_choice>
          </response_lid>
        </presentation>
        <resprocessing>
          <outcomes>
            <decvar varname="SCORE" vartype="Decimal" minvalue="0" maxvalue="100"/>
          </outcomes>
          <respcondition continue="No">
            <conditionvar>
              <varequal respident="RESPONSE_q-12">CHOICE_2</varequal>
            </conditionvar>
            <setvar action="Set" varname="SCORE">1</setvar>
          </respcondition>
        </resprocessing>
        <itemfeedback ident="general_fb">
          <flow_mat>
            <material>
              <mattext texttype="text/plain">&lt;p&gt;For projectile motion&amp;#x2C; it can be shown that both the flight time and the height of the trajectory are directly proportional to the y-component of the initial velocity. So the higher the trajectory&amp;#x2C; the longer it takes for the projectile to hit the ground. The range&amp;#x2C; on the other hand&amp;#x2C; is determined by both the flight time and the x-component of the initial velocity&amp;#x2C; so one cannot compare the flight time directly from the range of the trajectory.&lt;/p&gt;</mattext>
            </material>
          </flow_mat>
        </itemfeedback>
      </item>
      <item ident="q-13" title="Projectile Motion - Q-13">
        <itemmetadata>
          <qtimetadata>
            <qtimetadatafield>
              <fieldlabel>question_type</fieldlabel>
              <fieldentry>multiple_choice_question</fieldentry>
            </qtimetadatafield>
          </qtimetadata>
        </itemmetadata>
        <presentation>
          <material>
            <mattext texttype="text/plain">&lt;p&gt;In a physics design challenge&amp;#x2C; three teams launch potatoes (A&amp;#x2C; B&amp;#x2C; and C) from trucks using mechanical launchers. The potatoes are launched from and return to ground level. The figure shows their trajectories.
Which of the following correctly ranks the time of flight for each projectile?&lt;/p&gt;&lt;img src='$IMS-CC-FILEBASE$/media/q-13.png' alt='Figure' /&gt;</mattext>
          </material>
          <response_lid ident="RESPONSE_q-13" rcardinality="Single">
            <render_choice shuffle="Yes">
              <response_label ident="CHOICE_1">
                <material>
                  <mattext texttype="text/plain">A = B &gt; C</mattext>
                </material>
              </response_label>
              <response_label ident="CHOICE_2">
                <material>
                  <mattext texttype="text/plain">A = B &lt; C</mattext>
                </material>
              </response_label>
              <response_label ident="CHOICE_3">
                <material>
                  <mattext texttype="text/plain">A &lt; B &lt; C</mattext>
                </material>
              </response_label>
              <response_label ident="CHOICE_4">
                <material>
                  <mattext texttype="text/plain">A &gt; B = C</mattext>
                </material>
              </response_label>
            </render_choice>
          </response_lid>
        </presentation>
        <resprocessing>
          <outcomes>
            <decvar varname="SCORE" vartype="Decimal" minvalue="0" maxvalue="100"/>
          </outcomes>
          <respcondition continue="No">
            <conditionvar>
              <varequal respident="RESPONSE_q-13">CHOICE_1</varequal>
            </conditionvar>
            <setvar action="Set" varname="SCORE">1</setvar>
          </respcondition>
        </resprocessing>
        <itemfeedback ident="general_fb">
          <flow_mat>
            <material>
              <mattext texttype="text/plain">&lt;p&gt;For projectile motion&amp;#x2C; it can be shown that both the flight time and the height of the trajectory are directly proportional to the y-component of the initial velocity. So the higher the trajectory&amp;#x2C; the longer it takes for the projectile to hit the ground. The range&amp;#x2C; on the other hand&amp;#x2C; is determined by both the flight time and the x-component of the initial velocity&amp;#x2C; so one cannot compare the flight time directly from the range of the trajectory.&lt;/p&gt;</mattext>
            </material>
          </flow_mat>
        </itemfeedback>
      </item>
      <item ident="q-14" title="Projectile Motion - Q-14">
        <itemmetadata>
          <qtimetadata>
            <qtimetadatafield>
              <fieldlabel>question_type</fieldlabel>
              <fieldentry>multiple_choice_question</fieldentry>
            </qtimetadatafield>
          </qtimetadata>
        </itemmetadata>
        <presentation>
          <material>
            <mattext texttype="text/plain">&lt;p&gt;Three contestants at a physics fair use custom catapults to launch metal balls (A&amp;#x2C; B&amp;#x2C; and C) from the same spot. The figure shows the distinct trajectories of each ball&amp;#x2C; all of which return to the ground.
Based on the figure&amp;#x2C; what is the correct comparison of the time each ball spends in the air?&lt;/p&gt;&lt;img src='$IMS-CC-FILEBASE$/media/q-14.png' alt='Figure' /&gt;</mattext>
          </material>
          <response_lid ident="RESPONSE_q-14" rcardinality="Single">
            <render_choice shuffle="Yes">
              <response_label ident="CHOICE_1">
                <material>
                  <mattext texttype="text/plain">B &lt; A = C</mattext>
                </material>
              </response_label>
              <response_label ident="CHOICE_2">
                <material>
                  <mattext texttype="text/plain">A &gt; C = B</mattext>
                </material>
              </response_label>
              <response_label ident="CHOICE_3">
                <material>
                  <mattext texttype="text/plain">A = B &gt; C</mattext>
                </material>
              </response_label>
              <response_label ident="CHOICE_4">
                <material>
                  <mattext texttype="text/plain">A &gt; B = C</mattext>
                </material>
              </response_label>
            </render_choice>
          </response_lid>
        </presentation>
        <resprocessing>
          <outcomes>
            <decvar varname="SCORE" vartype="Decimal" minvalue="0" maxvalue="100"/>
          </outcomes>
          <respcondition continue="No">
            <conditionvar>
              <varequal respident="RESPONSE_q-14">CHOICE_3</varequal>
            </conditionvar>
            <setvar action="Set" varname="SCORE">1</setvar>
          </respcondition>
        </resprocessing>
        <itemfeedback ident="general_fb">
          <flow_mat>
            <material>
              <mattext texttype="text/plain">&lt;p&gt;For projectile motion&amp;#x2C; it can be shown that both the flight time and the height of the trajectory are directly proportional to the y-component of the initial velocity. So the higher the trajectory&amp;#x2C; the longer it takes for the projectile to hit the ground. The range&amp;#x2C; on the other hand&amp;#x2C; is determined by both the flight time and the x-component of the initial velocity&amp;#x2C; so one cannot compare the flight time directly from the range of the trajectory.&lt;/p&gt;</mattext>
            </material>
          </flow_mat>
        </itemfeedback>
      </item>
      <item ident="q-15" title="Projectile Motion - Q-15">
        <itemmetadata>
          <qtimetadata>
            <qtimetadatafield>
              <fieldlabel>question_type</fieldlabel>
              <fieldentry>multiple_choice_question</fieldentry>
            </qtimetadatafield>
          </qtimetadata>
        </itemmetadata>
        <presentation>
          <material>
            <mattext texttype="text/plain">&lt;p&gt;Three pirate ships anchored side by side each fire a cannonball from the same position on the deck. The cannonballs (A&amp;#x2C; B&amp;#x2C; and C) travel along different paths&amp;#x2C; landing back on the sea-level surface. Their trajectories are shown in the figure.
Based on the figure&amp;#x2C; what is the correct ranking of the time each cannonball takes to reach the ground?&lt;/p&gt;&lt;img src='$IMS-CC-FILEBASE$/media/q-15.png' alt='Figure' /&gt;</mattext>
          </material>
          <response_lid ident="RESPONSE_q-15" rcardinality="Single">
            <render_choice shuffle="Yes">
              <response_label ident="CHOICE_1">
                <material>
                  <mattext texttype="text/plain">B &lt; A = C</mattext>
                </material>
              </response_label>
              <response_label ident="CHOICE_2">
                <material>
                  <mattext texttype="text/plain">C = B &gt; A</mattext>
                </material>
              </response_label>
              <response_label ident="CHOICE_3">
                <material>
                  <mattext texttype="text/plain">A &lt; B = C</mattext>
                </material>
              </response_label>
              <response_label ident="CHOICE_4">
                <material>
                  <mattext texttype="text/plain">A = B &lt; C</mattext>
                </material>
              </response_label>
            </render_choice>
          </response_lid>
        </presentation>
        <resprocessing>
          <outcomes>
            <decvar varname="SCORE" vartype="Decimal" minvalue="0" maxvalue="100"/>
          </outcomes>
          <respcondition continue="No">
            <conditionvar>
              <varequal respident="RESPONSE_q-15">CHOICE_4</varequal>
            </conditionvar>
            <setvar action="Set" varname="SCORE">1</setvar>
          </respcondition>
        </resprocessing>
        <itemfeedback ident="general_fb">
          <flow_mat>
            <material>
              <mattext texttype="text/plain">&lt;p&gt;For projectile motion&amp;#x2C; it can be shown that both the flight time and the height of the trajectory are directly proportional to the y-component of the initial velocity. So the higher the trajectory&amp;#x2C; the longer it takes for the projectile to hit the ground. The range&amp;#x2C; on the other hand&amp;#x2C; is determined by both the flight time and the x-component of the initial velocity&amp;#x2C; so one cannot compare the flight time directly from the range of the trajectory.&lt;/p&gt;</mattext>
            </material>
          </flow_mat>
        </itemfeedback>
      </item>
      <item ident="q-16" title="Projectile Motion - Q-16">
        <itemmetadata>
          <qtimetadata>
            <qtimetadatafield>
              <fieldlabel>question_type</fieldlabel>
              <fieldentry>multiple_choice_question</fieldentry>
            </qtimetadatafield>
          </qtimetadata>
        </itemmetadata>
        <presentation>
          <material>
            <mattext texttype="text/plain">&lt;p&gt;In a historical simulation&amp;#x2C; three siege weapons launch heavy stones (A&amp;#x2C; B&amp;#x2C; and C) from the same field location. The stones follow parabolic trajectories and land back on the ground&amp;#x2C; as illustrated.
Which of the following correctly represents the ranking of their time of flight?&lt;/p&gt;&lt;img src='$IMS-CC-FILEBASE$/media/q-16.png' alt='Figure' /&gt;</mattext>
          </material>
          <response_lid ident="RESPONSE_q-16" rcardinality="Single">
            <render_choice shuffle="Yes">
              <response_label ident="CHOICE_1">
                <material>
                  <mattext texttype="text/plain">A = B &lt; C</mattext>
                </material>
              </response_label>
              <response_label ident="CHOICE_2">
                <material>
                  <mattext texttype="text/plain">C &lt; B &lt; A</mattext>
                </material>
              </response_label>
              <response_label ident="CHOICE_3">
                <material>
                  <mattext texttype="text/plain">A = C &lt; B</mattext>
                </material>
              </response_label>
              <response_label ident="CHOICE_4">
                <material>
                  <mattext texttype="text/plain">A &gt; B &gt; C</mattext>
                </material>
              </response_label>
            </render_choice>
          </response_lid>
        </presentation>
        <resprocessing>
          <outcomes>
            <decvar varname="SCORE" vartype="Decimal" minvalue="0" maxvalue="100"/>
          </outcomes>
          <respcondition continue="No">
            <conditionvar>
              <varequal respident="RESPONSE_q-16">CHOICE_1</varequal>
            </conditionvar>
            <setvar action="Set" varname="SCORE">1</setvar>
          </respcondition>
        </resprocessing>
        <itemfeedback ident="general_fb">
          <flow_mat>
            <material>
              <mattext texttype="text/plain">&lt;p&gt;For projectile motion&amp;#x2C; it can be shown that both the flight time and the height of the trajectory are directly proportional to the y-component of the initial velocity. So the higher the trajectory&amp;#x2C; the longer it takes for the projectile to hit the ground. The range&amp;#x2C; on the other hand&amp;#x2C; is determined by both the flight time and the x-component of the initial velocity&amp;#x2C; so one cannot compare the flight time directly from the range of the trajectory.&lt;/p&gt;</mattext>
            </material>
          </flow_mat>
        </itemfeedback>
      </item>
      <item ident="q-17" title="Projectile Motion - Q-17">
        <itemmetadata>
          <qtimetadata>
            <qtimetadatafield>
              <fieldlabel>question_type</fieldlabel>
              <fieldentry>multiple_choice_question</fieldentry>
            </qtimetadatafield>
          </qtimetadata>
        </itemmetadata>
        <presentation>
          <material>
            <mattext texttype="text/plain">&lt;p&gt;Three contestants at a physics fair use custom catapults to launch metal balls (A&amp;#x2C; B&amp;#x2C; and C) from the same spot. The figure shows the distinct trajectories of each ball&amp;#x2C; all of which return to the ground.
Based on the figure&amp;#x2C; what is the correct comparison of the time each ball spends in the air?&lt;/p&gt;&lt;img src='$IMS-CC-FILEBASE$/media/q-17.png' alt='Figure' /&gt;</mattext>
          </material>
          <response_lid ident="RESPONSE_q-17" rcardinality="Single">
            <render_choice shuffle="Yes">
              <response_label ident="CHOICE_1">
                <material>
                  <mattext texttype="text/plain">A &lt; C &lt; B</mattext>
                </material>
              </response_label>
              <response_label ident="CHOICE_2">
                <material>
                  <mattext texttype="text/plain">C &lt; A &lt; B</mattext>
                </material>
              </response_label>
              <response_label ident="CHOICE_3">
                <material>
                  <mattext texttype="text/plain">A = B &gt; C</mattext>
                </material>
              </response_label>
              <response_label ident="CHOICE_4">
                <material>
                  <mattext texttype="text/plain">A = C &gt; B</mattext>
                </material>
              </response_label>
            </render_choice>
          </response_lid>
        </presentation>
        <resprocessing>
          <outcomes>
            <decvar varname="SCORE" vartype="Decimal" minvalue="0" maxvalue="100"/>
          </outcomes>
          <respcondition continue="No">
            <conditionvar>
              <varequal respident="RESPONSE_q-17">CHOICE_4</varequal>
            </conditionvar>
            <setvar action="Set" varname="SCORE">1</setvar>
          </respcondition>
        </resprocessing>
        <itemfeedback ident="general_fb">
          <flow_mat>
            <material>
              <mattext texttype="text/plain">&lt;p&gt;For projectile motion&amp;#x2C; it can be shown that both the flight time and the height of the trajectory are directly proportional to the y-component of the initial velocity. So the higher the trajectory&amp;#x2C; the longer it takes for the projectile to hit the ground. The range&amp;#x2C; on the other hand&amp;#x2C; is determined by both the flight time and the x-component of the initial velocity&amp;#x2C; so one cannot compare the flight time directly from the range of the trajectory.&lt;/p&gt;</mattext>
            </material>
          </flow_mat>
        </itemfeedback>
      </item>
      <item ident="q-18" title="Projectile Motion - Q-18">
        <itemmetadata>
          <qtimetadata>
            <qtimetadatafield>
              <fieldlabel>question_type</fieldlabel>
              <fieldentry>multiple_choice_question</fieldentry>
            </qtimetadatafield>
          </qtimetadata>
        </itemmetadata>
        <presentation>
          <material>
            <mattext texttype="text/plain">&lt;p&gt;Three identical cannons (labeled A&amp;#x2C; B&amp;#x2C; and C) are fired from the same location on a battlefield. Each cannonball follows a different trajectory&amp;#x2C; as shown in the figure. All cannonballs land back on the ground.
Which of the following correctly ranks the time it takes for each cannonball to hit the ground?&lt;/p&gt;&lt;img src='$IMS-CC-FILEBASE$/media/q-18.png' alt='Figure' /&gt;</mattext>
          </material>
          <response_lid ident="RESPONSE_q-18" rcardinality="Single">
            <render_choice shuffle="Yes">
              <response_label ident="CHOICE_1">
                <material>
                  <mattext texttype="text/plain">A &gt; B = C</mattext>
                </material>
              </response_label>
              <response_label ident="CHOICE_2">
                <material>
                  <mattext texttype="text/plain">B &lt; C &lt; A</mattext>
                </material>
              </response_label>
              <response_label ident="CHOICE_3">
                <material>
                  <mattext texttype="text/plain">A &gt; C = B</mattext>
                </material>
              </response_label>
              <response_label ident="CHOICE_4">
                <material>
                  <mattext texttype="text/plain">A = C &gt; B</mattext>
                </material>
              </response_label>
            </render_choice>
          </response_lid>
        </presentation>
        <resprocessing>
          <outcomes>
            <decvar varname="SCORE" vartype="Decimal" minvalue="0" maxvalue="100"/>
          </outcomes>
          <respcondition continue="No">
            <conditionvar>
              <varequal respident="RESPONSE_q-18">CHOICE_4</varequal>
            </conditionvar>
            <setvar action="Set" varname="SCORE">1</setvar>
          </respcondition>
        </resprocessing>
        <itemfeedback ident="general_fb">
          <flow_mat>
            <material>
              <mattext texttype="text/plain">&lt;p&gt;For projectile motion&amp;#x2C; it can be shown that both the flight time and the height of the trajectory are directly proportional to the y-component of the initial velocity. So the higher the trajectory&amp;#x2C; the longer it takes for the projectile to hit the ground. The range&amp;#x2C; on the other hand&amp;#x2C; is determined by both the flight time and the x-component of the initial velocity&amp;#x2C; so one cannot compare the flight time directly from the range of the trajectory.&lt;/p&gt;</mattext>
            </material>
          </flow_mat>
        </itemfeedback>
      </item>
      <item ident="q-19" title="Projectile Motion - Q-19">
        <itemmetadata>
          <qtimetadata>
            <qtimetadatafield>
              <fieldlabel>question_type</fieldlabel>
              <fieldentry>multiple_choice_question</fieldentry>
            </qtimetadatafield>
          </qtimetadata>
        </itemmetadata>
        <presentation>
          <material>
            <mattext texttype="text/plain">&lt;p&gt;Three contestants at a physics fair use custom catapults to launch metal balls (A&amp;#x2C; B&amp;#x2C; and C) from the same spot. The figure shows the distinct trajectories of each ball&amp;#x2C; all of which return to the ground.
Based on the figure&amp;#x2C; what is the correct comparison of the time each ball spends in the air?&lt;/p&gt;&lt;img src='$IMS-CC-FILEBASE$/media/q-19.png' alt='Figure' /&gt;</mattext>
          </material>
          <response_lid ident="RESPONSE_q-19" rcardinality="Single">
            <render_choice shuffle="Yes">
              <response_label ident="CHOICE_1">
                <material>
                  <mattext texttype="text/plain">A = C &lt; B</mattext>
                </material>
              </response_label>
              <response_label ident="CHOICE_2">
                <material>
                  <mattext texttype="text/plain">A &lt; C = B</mattext>
                </material>
              </response_label>
              <response_label ident="CHOICE_3">
                <material>
                  <mattext texttype="text/plain">C &lt; A = B</mattext>
                </material>
              </response_label>
              <response_label ident="CHOICE_4">
                <material>
                  <mattext texttype="text/plain">B = A &gt; C</mattext>
                </material>
              </response_label>
            </render_choice>
          </response_lid>
        </presentation>
        <resprocessing>
          <outcomes>
            <decvar varname="SCORE" vartype="Decimal" minvalue="0" maxvalue="100"/>
          </outcomes>
          <respcondition continue="No">
            <conditionvar>
              <varequal respident="RESPONSE_q-19">CHOICE_1</varequal>
            </conditionvar>
            <setvar action="Set" varname="SCORE">1</setvar>
          </respcondition>
        </resprocessing>
        <itemfeedback ident="general_fb">
          <flow_mat>
            <material>
              <mattext texttype="text/plain">&lt;p&gt;For projectile motion&amp;#x2C; it can be shown that both the flight time and the height of the trajectory are directly proportional to the y-component of the initial velocity. So the higher the trajectory&amp;#x2C; the longer it takes for the projectile to hit the ground. The range&amp;#x2C; on the other hand&amp;#x2C; is determined by both the flight time and the x-component of the initial velocity&amp;#x2C; so one cannot compare the flight time directly from the range of the trajectory.&lt;/p&gt;</mattext>
            </material>
          </flow_mat>
        </itemfeedback>
      </item>
      <item ident="q-20" title="Projectile Motion - Q-20">
        <itemmetadata>
          <qtimetadata>
            <qtimetadatafield>
              <fieldlabel>question_type</fieldlabel>
              <fieldentry>multiple_choice_question</fieldentry>
            </qtimetadatafield>
          </qtimetadata>
        </itemmetadata>
        <presentation>
          <material>
            <mattext texttype="text/plain">&lt;p&gt;Three pirate ships anchored side by side each fire a cannonball from the same position on the deck. The cannonballs (A&amp;#x2C; B&amp;#x2C; and C) travel along different paths&amp;#x2C; landing back on the sea-level surface. Their trajectories are shown in the figure.
Based on the figure&amp;#x2C; what is the correct ranking of the time each cannonball takes to reach the ground?&lt;/p&gt;&lt;img src='$IMS-CC-FILEBASE$/media/q-20.png' alt='Figure' /&gt;</mattext>
          </material>
          <response_lid ident="RESPONSE_q-20" rcardinality="Single">
            <render_choice shuffle="Yes">
              <response_label ident="CHOICE_1">
                <material>
                  <mattext texttype="text/plain">A = C &lt; B</mattext>
                </material>
              </response_label>
              <response_label ident="CHOICE_2">
                <material>
                  <mattext texttype="text/plain">A &gt; C &gt; B</mattext>
                </material>
              </response_label>
              <response_label ident="CHOICE_3">
                <material>
                  <mattext texttype="text/plain">C &lt; B = A</mattext>
                </material>
              </response_label>
              <response_label ident="CHOICE_4">
                <material>
                  <mattext texttype="text/plain">C = A &lt; B</mattext>
                </material>
              </response_label>
            </render_choice>
          </response_lid>
        </presentation>
        <resprocessing>
          <outcomes>
            <decvar varname="SCORE" vartype="Decimal" minvalue="0" maxvalue="100"/>
          </outcomes>
          <respcondition continue="No">
            <conditionvar>
              <varequal respident="RESPONSE_q-20">CHOICE_1</varequal>
            </conditionvar>
            <setvar action="Set" varname="SCORE">1</setvar>
          </respcondition>
        </resprocessing>
        <itemfeedback ident="general_fb">
          <flow_mat>
            <material>
              <mattext texttype="text/plain">&lt;p&gt;For projectile motion&amp;#x2C; it can be shown that both the flight time and the height of the trajectory are directly proportional to the y-component of the initial velocity. So the higher the trajectory&amp;#x2C; the longer it takes for the projectile to hit the ground. The range&amp;#x2C; on the other hand&amp;#x2C; is determined by both the flight time and the x-component of the initial velocity&amp;#x2C; so one cannot compare the flight time directly from the range of the trajectory.&lt;/p&gt;</mattext>
            </material>
          </flow_mat>
        </itemfeedback>
      </item>
      <item ident="q-21" title="Projectile Motion - Q-21">
        <itemmetadata>
          <qtimetadata>
            <qtimetadatafield>
              <fieldlabel>question_type</fieldlabel>
              <fieldentry>multiple_choice_question</fieldentry>
            </qtimetadatafield>
          </qtimetadata>
        </itemmetadata>
        <presentation>
          <material>
            <mattext texttype="text/plain">&lt;p&gt;Three engineering students test launchers that fire identical steel spheres from the same ground-level point. The three projectiles (A&amp;#x2C; B&amp;#x2C; and C) follow distinct parabolic paths and land back on the ground. Their trajectories are shown in the figure.
Which of the following represents the correct ranking of their time of flight?&lt;/p&gt;&lt;img src='$IMS-CC-FILEBASE$/media/q-21.png' alt='Figure' /&gt;</mattext>
          </material>
          <response_lid ident="RESPONSE_q-21" rcardinality="Single">
            <render_choice shuffle="Yes">
              <response_label ident="CHOICE_1">
                <material>
                  <mattext texttype="text/plain">B = A &gt; C</mattext>
                </material>
              </response_label>
              <response_label ident="CHOICE_2">
                <material>
                  <mattext texttype="text/plain">B &lt; C &lt; A</mattext>
                </material>
              </response_label>
              <response_label ident="CHOICE_3">
                <material>
                  <mattext texttype="text/plain">B = C &gt; A</mattext>
                </material>
              </response_label>
              <response_label ident="CHOICE_4">
                <material>
                  <mattext texttype="text/plain">C = B &gt; A</mattext>
                </material>
              </response_label>
            </render_choice>
          </response_lid>
        </presentation>
        <resprocessing>
          <outcomes>
            <decvar varname="SCORE" vartype="Decimal" minvalue="0" maxvalue="100"/>
          </outcomes>
          <respcondition continue="No">
            <conditionvar>
              <varequal respident="RESPONSE_q-21">CHOICE_3</varequal>
            </conditionvar>
            <setvar action="Set" varname="SCORE">1</setvar>
          </respcondition>
        </resprocessing>
        <itemfeedback ident="general_fb">
          <flow_mat>
            <material>
              <mattext texttype="text/plain">&lt;p&gt;For projectile motion&amp;#x2C; it can be shown that both the flight time and the height of the trajectory are directly proportional to the y-component of the initial velocity. So the higher the trajectory&amp;#x2C; the longer it takes for the projectile to hit the ground. The range&amp;#x2C; on the other hand&amp;#x2C; is determined by both the flight time and the x-component of the initial velocity&amp;#x2C; so one cannot compare the flight time directly from the range of the trajectory.&lt;/p&gt;</mattext>
            </material>
          </flow_mat>
        </itemfeedback>
      </item>
      <item ident="q-22" title="Projectile Motion - Q-22">
        <itemmetadata>
          <qtimetadata>
            <qtimetadatafield>
              <fieldlabel>question_type</fieldlabel>
              <fieldentry>multiple_choice_question</fieldentry>
            </qtimetadatafield>
          </qtimetadata>
        </itemmetadata>
        <presentation>
          <material>
            <mattext texttype="text/plain">&lt;p&gt;As part of a lunar gravity training simulation&amp;#x2C; three astronauts launch metal spheres (A&amp;#x2C; B&amp;#x2C; and C) from the same point. Each sphere follows a unique parabolic path and lands back on the ground&amp;#x2C; as illustrated.
Based on the figure&amp;#x2C; which of the following shows the correct ranking of the time each sphere spends in the air?&lt;/p&gt;&lt;img src='$IMS-CC-FILEBASE$/media/q-22.png' alt='Figure' /&gt;</mattext>
          </material>
          <response_lid ident="RESPONSE_q-22" rcardinality="Single">
            <render_choice shuffle="Yes">
              <response_label ident="CHOICE_1">
                <material>
                  <mattext texttype="text/plain">A = B &gt; C</mattext>
                </material>
              </response_label>
              <response_label ident="CHOICE_2">
                <material>
                  <mattext texttype="text/plain">B = C &gt; A</mattext>
                </material>
              </response_label>
              <response_label ident="CHOICE_3">
                <material>
                  <mattext texttype="text/plain">B &gt; C = A</mattext>
                </material>
              </response_label>
              <response_label ident="CHOICE_4">
                <material>
                  <mattext texttype="text/plain">A = C &lt; B</mattext>
                </material>
              </response_label>
            </render_choice>
          </response_lid>
        </presentation>
        <resprocessing>
          <outcomes>
            <decvar varname="SCORE" vartype="Decimal" minvalue="0" maxvalue="100"/>
          </outcomes>
          <respcondition continue="No">
            <conditionvar>
              <varequal respident="RESPONSE_q-22">CHOICE_2</varequal>
            </conditionvar>
            <setvar action="Set" varname="SCORE">1</setvar>
          </respcondition>
        </resprocessing>
        <itemfeedback ident="general_fb">
          <flow_mat>
            <material>
              <mattext texttype="text/plain">&lt;p&gt;For projectile motion&amp;#x2C; it can be shown that both the flight time and the height of the trajectory are directly proportional to the y-component of the initial velocity. So the higher the trajectory&amp;#x2C; the longer it takes for the projectile to hit the ground. The range&amp;#x2C; on the other hand&amp;#x2C; is determined by both the flight time and the x-component of the initial velocity&amp;#x2C; so one cannot compare the flight time directly from the range of the trajectory.&lt;/p&gt;</mattext>
            </material>
          </flow_mat>
        </itemfeedback>
      </item>
      <item ident="q-23" title="Projectile Motion - Q-23">
        <itemmetadata>
          <qtimetadata>
            <qtimetadatafield>
              <fieldlabel>question_type</fieldlabel>
              <fieldentry>multiple_choice_question</fieldentry>
            </qtimetadatafield>
          </qtimetadata>
        </itemmetadata>
        <presentation>
          <material>
            <mattext texttype="text/plain">&lt;p&gt;Three pirate ships anchored side by side each fire a cannonball from the same position on the deck. The cannonballs (A&amp;#x2C; B&amp;#x2C; and C) travel along different paths&amp;#x2C; landing back on the sea-level surface. Their trajectories are shown in the figure.
Based on the figure&amp;#x2C; what is the correct ranking of the time each cannonball takes to reach the ground?&lt;/p&gt;&lt;img src='$IMS-CC-FILEBASE$/media/q-23.png' alt='Figure' /&gt;</mattext>
          </material>
          <response_lid ident="RESPONSE_q-23" rcardinality="Single">
            <render_choice shuffle="Yes">
              <response_label ident="CHOICE_1">
                <material>
                  <mattext texttype="text/plain">B = C &lt; A</mattext>
                </material>
              </response_label>
              <response_label ident="CHOICE_2">
                <material>
                  <mattext texttype="text/plain">B &lt; C = A</mattext>
                </material>
              </response_label>
              <response_label ident="CHOICE_3">
                <material>
                  <mattext texttype="text/plain">B = A &gt; C</mattext>
                </material>
              </response_label>
              <response_label ident="CHOICE_4">
                <material>
                  <mattext texttype="text/plain">B &gt; A = C</mattext>
                </material>
              </response_label>
            </render_choice>
          </response_lid>
        </presentation>
        <resprocessing>
          <outcomes>
            <decvar varname="SCORE" vartype="Decimal" minvalue="0" maxvalue="100"/>
          </outcomes>
          <respcondition continue="No">
            <conditionvar>
              <varequal respident="RESPONSE_q-23">CHOICE_1</varequal>
            </conditionvar>
            <setvar action="Set" varname="SCORE">1</setvar>
          </respcondition>
        </resprocessing>
        <itemfeedback ident="general_fb">
          <flow_mat>
            <material>
              <mattext texttype="text/plain">&lt;p&gt;For projectile motion&amp;#x2C; it can be shown that both the flight time and the height of the trajectory are directly proportional to the y-component of the initial velocity. So the higher the trajectory&amp;#x2C; the longer it takes for the projectile to hit the ground. The range&amp;#x2C; on the other hand&amp;#x2C; is determined by both the flight time and the x-component of the initial velocity&amp;#x2C; so one cannot compare the flight time directly from the range of the trajectory.&lt;/p&gt;</mattext>
            </material>
          </flow_mat>
        </itemfeedback>
      </item>
      <item ident="q-24" title="Projectile Motion - Q-24">
        <itemmetadata>
          <qtimetadata>
            <qtimetadatafield>
              <fieldlabel>question_type</fieldlabel>
              <fieldentry>multiple_choice_question</fieldentry>
            </qtimetadatafield>
          </qtimetadata>
        </itemmetadata>
        <presentation>
          <material>
            <mattext texttype="text/plain">&lt;p&gt;Three engineering students test launchers that fire identical steel spheres from the same ground-level point. The three projectiles (A&amp;#x2C; B&amp;#x2C; and C) follow distinct parabolic paths and land back on the ground. Their trajectories are shown in the figure.
Which of the following represents the correct ranking of their time of flight?&lt;/p&gt;&lt;img src='$IMS-CC-FILEBASE$/media/q-24.png' alt='Figure' /&gt;</mattext>
          </material>
          <response_lid ident="RESPONSE_q-24" rcardinality="Single">
            <render_choice shuffle="Yes">
              <response_label ident="CHOICE_1">
                <material>
                  <mattext texttype="text/plain">B = C &lt; A</mattext>
                </material>
              </response_label>
              <response_label ident="CHOICE_2">
                <material>
                  <mattext texttype="text/plain">A &gt; C &gt; B</mattext>
                </material>
              </response_label>
              <response_label ident="CHOICE_3">
                <material>
                  <mattext texttype="text/plain">B = A &lt; C</mattext>
                </material>
              </response_label>
              <response_label ident="CHOICE_4">
                <material>
                  <mattext texttype="text/plain">B &gt; C &gt; A</mattext>
                </material>
              </response_label>
            </render_choice>
          </response_lid>
        </presentation>
        <resprocessing>
          <outcomes>
            <decvar varname="SCORE" vartype="Decimal" minvalue="0" maxvalue="100"/>
          </outcomes>
          <respcondition continue="No">
            <conditionvar>
              <varequal respident="RESPONSE_q-24">CHOICE_1</varequal>
            </conditionvar>
            <setvar action="Set" varname="SCORE">1</setvar>
          </respcondition>
        </resprocessing>
        <itemfeedback ident="general_fb">
          <flow_mat>
            <material>
              <mattext texttype="text/plain">&lt;p&gt;For projectile motion&amp;#x2C; it can be shown that both the flight time and the height of the trajectory are directly proportional to the y-component of the initial velocity. So the higher the trajectory&amp;#x2C; the longer it takes for the projectile to hit the ground. The range&amp;#x2C; on the other hand&amp;#x2C; is determined by both the flight time and the x-component of the initial velocity&amp;#x2C; so one cannot compare the flight time directly from the range of the trajectory.&lt;/p&gt;</mattext>
            </material>
          </flow_mat>
        </itemfeedback>
      </item>
      <item ident="q-25" title="Projectile Motion - Q-25">
        <itemmetadata>
          <qtimetadata>
            <qtimetadatafield>
              <fieldlabel>question_type</fieldlabel>
              <fieldentry>multiple_choice_question</fieldentry>
            </qtimetadatafield>
          </qtimetadata>
        </itemmetadata>
        <presentation>
          <material>
            <mattext texttype="text/plain">&lt;p&gt;Three engineering students test launchers that fire identical steel spheres from the same ground-level point. The three projectiles (A&amp;#x2C; B&amp;#x2C; and C) follow distinct parabolic paths and land back on the ground. Their trajectories are shown in the figure.
Which of the following represents the correct ranking of their time of flight?&lt;/p&gt;&lt;img src='$IMS-CC-FILEBASE$/media/q-25.png' alt='Figure' /&gt;</mattext>
          </material>
          <response_lid ident="RESPONSE_q-25" rcardinality="Single">
            <render_choice shuffle="Yes">
              <response_label ident="CHOICE_1">
                <material>
                  <mattext texttype="text/plain">B &gt; C = A</mattext>
                </material>
              </response_label>
              <response_label ident="CHOICE_2">
                <material>
                  <mattext texttype="text/plain">A &lt; B &lt; C</mattext>
                </material>
              </response_label>
              <response_label ident="CHOICE_3">
                <material>
                  <mattext texttype="text/plain">B &lt; A = C</mattext>
                </material>
              </response_label>
              <response_label ident="CHOICE_4">
                <material>
                  <mattext texttype="text/plain">A = B = C</mattext>
                </material>
              </response_label>
            </render_choice>
          </response_lid>
        </presentation>
        <resprocessing>
          <outcomes>
            <decvar varname="SCORE" vartype="Decimal" minvalue="0" maxvalue="100"/>
          </outcomes>
          <respcondition continue="No">
            <conditionvar>
              <varequal respident="RESPONSE_q-25">CHOICE_4</varequal>
            </conditionvar>
            <setvar action="Set" varname="SCORE">1</setvar>
          </respcondition>
        </resprocessing>
        <itemfeedback ident="general_fb">
          <flow_mat>
            <material>
              <mattext texttype="text/plain">&lt;p&gt;For projectile motion&amp;#x2C; it can be shown that both the flight time and the height of the trajectory are directly proportional to the y-component of the initial velocity. So the higher the trajectory&amp;#x2C; the longer it takes for the projectile to hit the ground. The range&amp;#x2C; on the other hand&amp;#x2C; is determined by both the flight time and the x-component of the initial velocity&amp;#x2C; so one cannot compare the flight time directly from the range of the trajectory.&lt;/p&gt;</mattext>
            </material>
          </flow_mat>
        </itemfeedback>
      </item>
      <item ident="q-26" title="Projectile Motion - Q-26">
        <itemmetadata>
          <qtimetadata>
            <qtimetadatafield>
              <fieldlabel>question_type</fieldlabel>
              <fieldentry>multiple_choice_question</fieldentry>
            </qtimetadatafield>
          </qtimetadata>
        </itemmetadata>
        <presentation>
          <material>
            <mattext texttype="text/plain">&lt;p&gt;Three contestants at a physics fair use custom catapults to launch metal balls (A&amp;#x2C; B&amp;#x2C; and C) from the same spot. The figure shows the distinct trajectories of each ball&amp;#x2C; all of which return to the ground.
Based on the figure&amp;#x2C; what is the correct comparison of the time each ball spends in the air?&lt;/p&gt;&lt;img src='$IMS-CC-FILEBASE$/media/q-26.png' alt='Figure' /&gt;</mattext>
          </material>
          <response_lid ident="RESPONSE_q-26" rcardinality="Single">
            <render_choice shuffle="Yes">
              <response_label ident="CHOICE_1">
                <material>
                  <mattext texttype="text/plain">A = B = C</mattext>
                </material>
              </response_label>
              <response_label ident="CHOICE_2">
                <material>
                  <mattext texttype="text/plain">C = A &gt; B</mattext>
                </material>
              </response_label>
              <response_label ident="CHOICE_3">
                <material>
                  <mattext texttype="text/plain">C &gt; B = A</mattext>
                </material>
              </response_label>
              <response_label ident="CHOICE_4">
                <material>
                  <mattext texttype="text/plain">A &gt; B &gt; C</mattext>
                </material>
              </response_label>
            </render_choice>
          </response_lid>
        </presentation>
        <resprocessing>
          <outcomes>
            <decvar varname="SCORE" vartype="Decimal" minvalue="0" maxvalue="100"/>
          </outcomes>
          <respcondition continue="No">
            <conditionvar>
              <varequal respident="RESPONSE_q-26">CHOICE_1</varequal>
            </conditionvar>
            <setvar action="Set" varname="SCORE">1</setvar>
          </respcondition>
        </resprocessing>
        <itemfeedback ident="general_fb">
          <flow_mat>
            <material>
              <mattext texttype="text/plain">&lt;p&gt;For projectile motion&amp;#x2C; it can be shown that both the flight time and the height of the trajectory are directly proportional to the y-component of the initial velocity. So the higher the trajectory&amp;#x2C; the longer it takes for the projectile to hit the ground. The range&amp;#x2C; on the other hand&amp;#x2C; is determined by both the flight time and the x-component of the initial velocity&amp;#x2C; so one cannot compare the flight time directly from the range of the trajectory.&lt;/p&gt;</mattext>
            </material>
          </flow_mat>
        </itemfeedback>
      </item>
    </section>
  </assessment>
</questestinterop>
