<?xml version='1.0' encoding='utf-8'?>
<questestinterop xmlns="http://www.imsglobal.org/xsd/ims_qtiasiv1p2" xmlns:xsi="http://www.w3.org/2001/XMLSchema-instance" xsi:schemaLocation="http://www.imsglobal.org/xsd/ims_qtiasiv1p2 http://www.imsglobal.org/xsd/ims_qtiasiv1p2p1.xsd">
  <assessment ident="qti" title="Calculation of Work Done by Varying Force">
    <qtimetadata>
      <qtimetadatafield>
        <fieldlabel>cc_maxattempts</fieldlabel>
        <fieldentry>1</fieldentry>
      </qtimetadatafield>
    </qtimetadata>
    <section ident="root_section">
      <item ident="work_problem_1" title="Work Done by a Variable Force 1">
        <itemmetadata>
          <qtimetadata>
            <qtimetadatafield>
              <fieldlabel>question_type</fieldlabel>
              <fieldentry>multiple_choice_question</fieldentry>
            </qtimetadatafield>
          </qtimetadata>
        </itemmetadata>
        <presentation>
          <material>
            <mattext texttype="text/plain">&lt;p&gt;&lt;b&gt;Situation:&lt;/b&gt;&lt;/p&gt;
&lt;p&gt;An object moves along the x-axis under the influence of a single force given by the expression &lt;math xmlns="http://www.w3.org/1998/Math/MathML" display="inline"&gt;&lt;mrow&gt;&lt;mi&gt;F&lt;/mi&gt;&lt;mo stretchy="false"&gt;&amp;#x00028;&lt;/mo&gt;&lt;mi&gt;x&lt;/mi&gt;&lt;mo stretchy="false"&gt;&amp;#x00029;&lt;/mo&gt;&lt;mo&gt;&amp;#x0003D;&lt;/mo&gt;&lt;mn&gt;5&lt;/mn&gt;&lt;msup&gt;&lt;mi&gt;x&lt;/mi&gt;&lt;mn&gt;4&lt;/mn&gt;&lt;/msup&gt;&lt;mo&gt;&amp;#x02212;&lt;/mo&gt;&lt;mn&gt;2&lt;/mn&gt;&lt;msup&gt;&lt;mi&gt;x&lt;/mi&gt;&lt;mn&gt;3&lt;/mn&gt;&lt;/msup&gt;&lt;mo&gt;&amp;#x0002B;&lt;/mo&gt;&lt;mn&gt;7&lt;/mn&gt;&lt;msup&gt;&lt;mi&gt;x&lt;/mi&gt;&lt;mn&gt;2&lt;/mn&gt;&lt;/msup&gt;&lt;mo&gt;&amp;#x02212;&lt;/mo&gt;&lt;mn&gt;10&lt;/mn&gt;&lt;/mrow&gt;&lt;/math&gt;.&lt;/p&gt;
&lt;p&gt;&lt;b&gt;Question:&lt;/b&gt;&lt;/p&gt;
&lt;p&gt;What is the work done by this force as the object moves from &lt;math xmlns="http://www.w3.org/1998/Math/MathML" display="inline"&gt;&lt;mrow&gt;&lt;mi&gt;x&lt;/mi&gt;&lt;mo&gt;&amp;#x0003D;&lt;/mo&gt;&lt;mi&gt;a&lt;/mi&gt;&lt;/mrow&gt;&lt;/math&gt; to &lt;math xmlns="http://www.w3.org/1998/Math/MathML" display="inline"&gt;&lt;mrow&gt;&lt;mi&gt;x&lt;/mi&gt;&lt;mo&gt;&amp;#x0003D;&lt;/mo&gt;&lt;mi&gt;b&lt;/mi&gt;&lt;/mrow&gt;&lt;/math&gt;?&lt;/p&gt;</mattext>
          </material>
          <response_lid ident="RESPONSE_work_problem_1" rcardinality="Single">
            <render_choice shuffle="Yes">
              <response_label ident="CHOICE_1">
                <material>
                  <mattext texttype="text/plain">&lt;latex&gt;(5x^4-2x^3+7x^2-10)(b-a)&lt;/latex&gt;</mattext>
                </material>
              </response_label>
              <response_label ident="CHOICE_2">
                <material>
                  <mattext texttype="text/plain">&lt;latex&gt;[(5)/5x^5+(-2)/4x^4+(7)/3x^3-10x]_{b}^{a}&lt;/latex&gt;</mattext>
                </material>
              </response_label>
              <response_label ident="CHOICE_3">
                <material>
                  <mattext texttype="text/plain">&lt;latex&gt;\frac{d}{dx}[(5)/5x^5+(-2)/4x^4+(7)/3x^3-10x]&lt;/latex&gt;</mattext>
                </material>
              </response_label>
              <response_label ident="CHOICE_4">
                <material>
                  <mattext texttype="text/plain">&lt;latex&gt;[(5)/5x^5+(-2)/4x^4+(7)/3x^3-10x]_{a}^{b}&lt;/latex&gt;</mattext>
                </material>
              </response_label>
              <response_label ident="CHOICE_5">
                <material>
                  <mattext texttype="text/plain">&lt;latex&gt;[5x^4-2x^3+7x^2-10]_{a}^{b}&lt;/latex&gt;</mattext>
                </material>
              </response_label>
            </render_choice>
          </response_lid>
        </presentation>
        <resprocessing>
          <outcomes>
            <decvar varname="SCORE" vartype="Decimal" minvalue="0" maxvalue="100"/>
          </outcomes>
          <respcondition continue="No">
            <conditionvar>
              <varequal respident="RESPONSE_work_problem_1">CHOICE_4</varequal>
            </conditionvar>
            <setvar action="Set" varname="SCORE">1</setvar>
          </respcondition>
        </resprocessing>
      </item>
      <item ident="work_problem_2" title="Work Done by a Variable Force 2">
        <itemmetadata>
          <qtimetadata>
            <qtimetadatafield>
              <fieldlabel>question_type</fieldlabel>
              <fieldentry>multiple_choice_question</fieldentry>
            </qtimetadatafield>
          </qtimetadata>
        </itemmetadata>
        <presentation>
          <material>
            <mattext texttype="text/plain">&lt;p&gt;&lt;b&gt;Situation:&lt;/b&gt;&lt;/p&gt;
&lt;p&gt;A particle travels along the x-axis while being acted upon by a net force described by the function &lt;math xmlns="http://www.w3.org/1998/Math/MathML" display="inline"&gt;&lt;mrow&gt;&lt;mi&gt;F&lt;/mi&gt;&lt;mo stretchy="false"&gt;&amp;#x00028;&lt;/mo&gt;&lt;mi&gt;x&lt;/mi&gt;&lt;mo stretchy="false"&gt;&amp;#x00029;&lt;/mo&gt;&lt;mo&gt;&amp;#x0003D;&lt;/mo&gt;&lt;mo&gt;&amp;#x02212;&lt;/mo&gt;&lt;msup&gt;&lt;mi&gt;x&lt;/mi&gt;&lt;mn&gt;4&lt;/mn&gt;&lt;/msup&gt;&lt;mo&gt;&amp;#x0002B;&lt;/mo&gt;&lt;mn&gt;6&lt;/mn&gt;&lt;msup&gt;&lt;mi&gt;x&lt;/mi&gt;&lt;mn&gt;3&lt;/mn&gt;&lt;/msup&gt;&lt;mo&gt;&amp;#x02212;&lt;/mo&gt;&lt;mn&gt;3&lt;/mn&gt;&lt;msup&gt;&lt;mi&gt;x&lt;/mi&gt;&lt;mn&gt;2&lt;/mn&gt;&lt;/msup&gt;&lt;mo&gt;&amp;#x0002B;&lt;/mo&gt;&lt;mn&gt;4&lt;/mn&gt;&lt;/mrow&gt;&lt;/math&gt;.&lt;/p&gt;
&lt;p&gt;&lt;b&gt;Question:&lt;/b&gt;&lt;/p&gt;
&lt;p&gt;What is the work done by this force as the object moves from &lt;math xmlns="http://www.w3.org/1998/Math/MathML" display="inline"&gt;&lt;mrow&gt;&lt;mi&gt;x&lt;/mi&gt;&lt;mo&gt;&amp;#x0003D;&lt;/mo&gt;&lt;msub&gt;&lt;mi&gt;x&lt;/mi&gt;&lt;mn&gt;1&lt;/mn&gt;&lt;/msub&gt;&lt;/mrow&gt;&lt;/math&gt; to &lt;math xmlns="http://www.w3.org/1998/Math/MathML" display="inline"&gt;&lt;mrow&gt;&lt;mi&gt;x&lt;/mi&gt;&lt;mo&gt;&amp;#x0003D;&lt;/mo&gt;&lt;msub&gt;&lt;mi&gt;x&lt;/mi&gt;&lt;mn&gt;2&lt;/mn&gt;&lt;/msub&gt;&lt;/mrow&gt;&lt;/math&gt;?&lt;/p&gt;</mattext>
          </material>
          <response_lid ident="RESPONSE_work_problem_2" rcardinality="Single">
            <render_choice shuffle="Yes">
              <response_label ident="CHOICE_1">
                <material>
                  <mattext texttype="text/plain">&lt;latex&gt;(-x^4+6x^3-3x^2+4)(x_2-x_1)&lt;/latex&gt;</mattext>
                </material>
              </response_label>
              <response_label ident="CHOICE_2">
                <material>
                  <mattext texttype="text/plain">&lt;latex&gt;[-1/5x^5+(6)/4x^4+(-3)/3x^3++4x]_{x_2}^{x_1}&lt;/latex&gt;</mattext>
                </material>
              </response_label>
              <response_label ident="CHOICE_3">
                <material>
                  <mattext texttype="text/plain">&lt;latex&gt;\frac{d}{dx}[-1/5x^5+(6)/4x^4+(-3)/3x^3++4x]&lt;/latex&gt;</mattext>
                </material>
              </response_label>
              <response_label ident="CHOICE_4">
                <material>
                  <mattext texttype="text/plain">&lt;latex&gt;[-1/5x^5+(6)/4x^4+(-3)/3x^3++4x]_{x_1}^{x_2}&lt;/latex&gt;</mattext>
                </material>
              </response_label>
              <response_label ident="CHOICE_5">
                <material>
                  <mattext texttype="text/plain">&lt;latex&gt;[-x^4+6x^3-3x^2+4]_{x_1}^{x_2}&lt;/latex&gt;</mattext>
                </material>
              </response_label>
            </render_choice>
          </response_lid>
        </presentation>
        <resprocessing>
          <outcomes>
            <decvar varname="SCORE" vartype="Decimal" minvalue="0" maxvalue="100"/>
          </outcomes>
          <respcondition continue="No">
            <conditionvar>
              <varequal respident="RESPONSE_work_problem_2">CHOICE_4</varequal>
            </conditionvar>
            <setvar action="Set" varname="SCORE">1</setvar>
          </respcondition>
        </resprocessing>
      </item>
      <item ident="work_problem_3" title="Work Done by a Variable Force 3">
        <itemmetadata>
          <qtimetadata>
            <qtimetadatafield>
              <fieldlabel>question_type</fieldlabel>
              <fieldentry>multiple_choice_question</fieldentry>
            </qtimetadatafield>
          </qtimetadata>
        </itemmetadata>
        <presentation>
          <material>
            <mattext texttype="text/plain">&lt;p&gt;&lt;b&gt;Situation:&lt;/b&gt;&lt;/p&gt;
&lt;p&gt;Consider an object displaced along the x-axis by a variable force given by &lt;math xmlns="http://www.w3.org/1998/Math/MathML" display="inline"&gt;&lt;mrow&gt;&lt;mi&gt;F&lt;/mi&gt;&lt;mo stretchy="false"&gt;&amp;#x00028;&lt;/mo&gt;&lt;mi&gt;x&lt;/mi&gt;&lt;mo stretchy="false"&gt;&amp;#x00029;&lt;/mo&gt;&lt;mo&gt;&amp;#x0003D;&lt;/mo&gt;&lt;mn&gt;1&lt;/mn&gt;&lt;mo&gt;&amp;#x0002F;&lt;/mo&gt;&lt;mn&gt;2&lt;/mn&gt;&lt;msup&gt;&lt;mi&gt;x&lt;/mi&gt;&lt;mn&gt;4&lt;/mn&gt;&lt;/msup&gt;&lt;mo&gt;&amp;#x0002B;&lt;/mo&gt;&lt;mn&gt;4&lt;/mn&gt;&lt;msup&gt;&lt;mi&gt;x&lt;/mi&gt;&lt;mn&gt;3&lt;/mn&gt;&lt;/msup&gt;&lt;mo&gt;&amp;#x02212;&lt;/mo&gt;&lt;msup&gt;&lt;mi&gt;x&lt;/mi&gt;&lt;mn&gt;2&lt;/mn&gt;&lt;/msup&gt;&lt;mo&gt;&amp;#x0002B;&lt;/mo&gt;&lt;mn&gt;9&lt;/mn&gt;&lt;/mrow&gt;&lt;/math&gt;.&lt;/p&gt;
&lt;p&gt;&lt;b&gt;Question:&lt;/b&gt;&lt;/p&gt;
&lt;p&gt;What is the work done by this force as the object moves from &lt;math xmlns="http://www.w3.org/1998/Math/MathML" display="inline"&gt;&lt;mrow&gt;&lt;mi&gt;x&lt;/mi&gt;&lt;mo&gt;&amp;#x0003D;&lt;/mo&gt;&lt;mn&gt;0&lt;/mn&gt;&lt;/mrow&gt;&lt;/math&gt; to &lt;math xmlns="http://www.w3.org/1998/Math/MathML" display="inline"&gt;&lt;mrow&gt;&lt;mi&gt;x&lt;/mi&gt;&lt;mo&gt;&amp;#x0003D;&lt;/mo&gt;&lt;mi&gt;L&lt;/mi&gt;&lt;/mrow&gt;&lt;/math&gt;?&lt;/p&gt;</mattext>
          </material>
          <response_lid ident="RESPONSE_work_problem_3" rcardinality="Single">
            <render_choice shuffle="Yes">
              <response_label ident="CHOICE_1">
                <material>
                  <mattext texttype="text/plain">&lt;latex&gt;(1/2x^4+4x^3-x^2+9)(L-0)&lt;/latex&gt;</mattext>
                </material>
              </response_label>
              <response_label ident="CHOICE_2">
                <material>
                  <mattext texttype="text/plain">&lt;latex&gt;[(1/2)/5x^5+(4)/4x^4-1/3x^3++9x]_{L}^{0}&lt;/latex&gt;</mattext>
                </material>
              </response_label>
              <response_label ident="CHOICE_3">
                <material>
                  <mattext texttype="text/plain">&lt;latex&gt;\frac{d}{dx}[(1/2)/5x^5+(4)/4x^4-1/3x^3++9x]&lt;/latex&gt;</mattext>
                </material>
              </response_label>
              <response_label ident="CHOICE_4">
                <material>
                  <mattext texttype="text/plain">&lt;latex&gt;[(1/2)/5x^5+(4)/4x^4-1/3x^3++9x]_{0}^{L}&lt;/latex&gt;</mattext>
                </material>
              </response_label>
              <response_label ident="CHOICE_5">
                <material>
                  <mattext texttype="text/plain">&lt;latex&gt;[1/2x^4+4x^3-x^2+9]_{0}^{L}&lt;/latex&gt;</mattext>
                </material>
              </response_label>
            </render_choice>
          </response_lid>
        </presentation>
        <resprocessing>
          <outcomes>
            <decvar varname="SCORE" vartype="Decimal" minvalue="0" maxvalue="100"/>
          </outcomes>
          <respcondition continue="No">
            <conditionvar>
              <varequal respident="RESPONSE_work_problem_3">CHOICE_4</varequal>
            </conditionvar>
            <setvar action="Set" varname="SCORE">1</setvar>
          </respcondition>
        </resprocessing>
      </item>
      <item ident="work_problem_4" title="Work Done by a Variable Force 4">
        <itemmetadata>
          <qtimetadata>
            <qtimetadatafield>
              <fieldlabel>question_type</fieldlabel>
              <fieldentry>multiple_choice_question</fieldentry>
            </qtimetadatafield>
          </qtimetadata>
        </itemmetadata>
        <presentation>
          <material>
            <mattext texttype="text/plain">&lt;p&gt;&lt;b&gt;Situation:&lt;/b&gt;&lt;/p&gt;
&lt;p&gt;A block on a horizontal surface is pushed by a force that varies with position according to &lt;math xmlns="http://www.w3.org/1998/Math/MathML" display="inline"&gt;&lt;mrow&gt;&lt;mi&gt;F&lt;/mi&gt;&lt;mo stretchy="false"&gt;&amp;#x00028;&lt;/mo&gt;&lt;mi&gt;x&lt;/mi&gt;&lt;mo stretchy="false"&gt;&amp;#x00029;&lt;/mo&gt;&lt;mo&gt;&amp;#x0003D;&lt;/mo&gt;&lt;mn&gt;8&lt;/mn&gt;&lt;msup&gt;&lt;mi&gt;x&lt;/mi&gt;&lt;mn&gt;4&lt;/mn&gt;&lt;/msup&gt;&lt;mo&gt;&amp;#x0002B;&lt;/mo&gt;&lt;msup&gt;&lt;mi&gt;x&lt;/mi&gt;&lt;mn&gt;3&lt;/mn&gt;&lt;/msup&gt;&lt;mo&gt;&amp;#x02212;&lt;/mo&gt;&lt;mn&gt;5&lt;/mn&gt;&lt;msup&gt;&lt;mi&gt;x&lt;/mi&gt;&lt;mn&gt;2&lt;/mn&gt;&lt;/msup&gt;&lt;mo&gt;&amp;#x02212;&lt;/mo&gt;&lt;mn&gt;3&lt;/mn&gt;&lt;/mrow&gt;&lt;/math&gt;.&lt;/p&gt;
&lt;p&gt;&lt;b&gt;Question:&lt;/b&gt;&lt;/p&gt;
&lt;p&gt;What is the work done by this force as the object moves from &lt;math xmlns="http://www.w3.org/1998/Math/MathML" display="inline"&gt;&lt;mrow&gt;&lt;mi&gt;x&lt;/mi&gt;&lt;mo&gt;&amp;#x0003D;&lt;/mo&gt;&lt;mo&gt;&amp;#x02212;&lt;/mo&gt;&lt;mi&gt;d&lt;/mi&gt;&lt;/mrow&gt;&lt;/math&gt; to &lt;math xmlns="http://www.w3.org/1998/Math/MathML" display="inline"&gt;&lt;mrow&gt;&lt;mi&gt;x&lt;/mi&gt;&lt;mo&gt;&amp;#x0003D;&lt;/mo&gt;&lt;mi&gt;d&lt;/mi&gt;&lt;/mrow&gt;&lt;/math&gt;?&lt;/p&gt;</mattext>
          </material>
          <response_lid ident="RESPONSE_work_problem_4" rcardinality="Single">
            <render_choice shuffle="Yes">
              <response_label ident="CHOICE_1">
                <material>
                  <mattext texttype="text/plain">&lt;latex&gt;(8x^4+x^3-5x^2-3)(d--d)&lt;/latex&gt;</mattext>
                </material>
              </response_label>
              <response_label ident="CHOICE_2">
                <material>
                  <mattext texttype="text/plain">&lt;latex&gt;[(8)/5x^5+1/4x^4+(-5)/3x^3-3x]_{d}^{-d}&lt;/latex&gt;</mattext>
                </material>
              </response_label>
              <response_label ident="CHOICE_3">
                <material>
                  <mattext texttype="text/plain">&lt;latex&gt;\frac{d}{dx}[(8)/5x^5+1/4x^4+(-5)/3x^3-3x]&lt;/latex&gt;</mattext>
                </material>
              </response_label>
              <response_label ident="CHOICE_4">
                <material>
                  <mattext texttype="text/plain">&lt;latex&gt;[(8)/5x^5+1/4x^4+(-5)/3x^3-3x]_{-d}^{d}&lt;/latex&gt;</mattext>
                </material>
              </response_label>
              <response_label ident="CHOICE_5">
                <material>
                  <mattext texttype="text/plain">&lt;latex&gt;[8x^4+x^3-5x^2-3]_{-d}^{d}&lt;/latex&gt;</mattext>
                </material>
              </response_label>
            </render_choice>
          </response_lid>
        </presentation>
        <resprocessing>
          <outcomes>
            <decvar varname="SCORE" vartype="Decimal" minvalue="0" maxvalue="100"/>
          </outcomes>
          <respcondition continue="No">
            <conditionvar>
              <varequal respident="RESPONSE_work_problem_4">CHOICE_4</varequal>
            </conditionvar>
            <setvar action="Set" varname="SCORE">1</setvar>
          </respcondition>
        </resprocessing>
      </item>
      <item ident="work_problem_5" title="Work Done by a Variable Force 5">
        <itemmetadata>
          <qtimetadata>
            <qtimetadatafield>
              <fieldlabel>question_type</fieldlabel>
              <fieldentry>multiple_choice_question</fieldentry>
            </qtimetadatafield>
          </qtimetadata>
        </itemmetadata>
        <presentation>
          <material>
            <mattext texttype="text/plain">&lt;p&gt;&lt;b&gt;Situation:&lt;/b&gt;&lt;/p&gt;
&lt;p&gt;An external one-dimensional force acts on a body with &lt;math xmlns="http://www.w3.org/1998/Math/MathML" display="inline"&gt;&lt;mrow&gt;&lt;mi&gt;F&lt;/mi&gt;&lt;mo stretchy="false"&gt;&amp;#x00028;&lt;/mo&gt;&lt;mi&gt;x&lt;/mi&gt;&lt;mo stretchy="false"&gt;&amp;#x00029;&lt;/mo&gt;&lt;mo&gt;&amp;#x0003D;&lt;/mo&gt;&lt;msub&gt;&lt;mi&gt;k&lt;/mi&gt;&lt;mn&gt;1&lt;/mn&gt;&lt;/msub&gt;&lt;msup&gt;&lt;mi&gt;x&lt;/mi&gt;&lt;mn&gt;4&lt;/mn&gt;&lt;/msup&gt;&lt;mo&gt;&amp;#x02212;&lt;/mo&gt;&lt;msub&gt;&lt;mi&gt;k&lt;/mi&gt;&lt;mn&gt;2&lt;/mn&gt;&lt;/msub&gt;&lt;msup&gt;&lt;mi&gt;x&lt;/mi&gt;&lt;mn&gt;3&lt;/mn&gt;&lt;/msup&gt;&lt;mo&gt;&amp;#x0002B;&lt;/mo&gt;&lt;msub&gt;&lt;mi&gt;k&lt;/mi&gt;&lt;mn&gt;3&lt;/mn&gt;&lt;/msub&gt;&lt;msup&gt;&lt;mi&gt;x&lt;/mi&gt;&lt;mn&gt;2&lt;/mn&gt;&lt;/msup&gt;&lt;mo&gt;&amp;#x0002B;&lt;/mo&gt;&lt;msub&gt;&lt;mi&gt;k&lt;/mi&gt;&lt;mn&gt;4&lt;/mn&gt;&lt;/msub&gt;&lt;/mrow&gt;&lt;/math&gt;.&lt;/p&gt;
&lt;p&gt;&lt;b&gt;Question:&lt;/b&gt;&lt;/p&gt;
&lt;p&gt;What is the work done by this force as the object moves from &lt;math xmlns="http://www.w3.org/1998/Math/MathML" display="inline"&gt;&lt;mrow&gt;&lt;mi&gt;x&lt;/mi&gt;&lt;mo&gt;&amp;#x0003D;&lt;/mo&gt;&lt;msub&gt;&lt;mi&gt;x&lt;/mi&gt;&lt;mi&gt;i&lt;/mi&gt;&lt;/msub&gt;&lt;/mrow&gt;&lt;/math&gt; to &lt;math xmlns="http://www.w3.org/1998/Math/MathML" display="inline"&gt;&lt;mrow&gt;&lt;mi&gt;x&lt;/mi&gt;&lt;mo&gt;&amp;#x0003D;&lt;/mo&gt;&lt;msub&gt;&lt;mi&gt;x&lt;/mi&gt;&lt;mi&gt;f&lt;/mi&gt;&lt;/msub&gt;&lt;/mrow&gt;&lt;/math&gt;?&lt;/p&gt;</mattext>
          </material>
          <response_lid ident="RESPONSE_work_problem_5" rcardinality="Single">
            <render_choice shuffle="Yes">
              <response_label ident="CHOICE_1">
                <material>
                  <mattext texttype="text/plain">&lt;latex&gt;(k_1x^4-k_2x^3+k_3x^2+k_4)(x_f-x_i)&lt;/latex&gt;</mattext>
                </material>
              </response_label>
              <response_label ident="CHOICE_2">
                <material>
                  <mattext texttype="text/plain">&lt;latex&gt;[(k_1)/5x^5+(-k_2)/4x^4+(k_3)/3x^3++k_4x]_{x_f}^{x_i}&lt;/latex&gt;</mattext>
                </material>
              </response_label>
              <response_label ident="CHOICE_3">
                <material>
                  <mattext texttype="text/plain">&lt;latex&gt;\frac{d}{dx}[(k_1)/5x^5+(-k_2)/4x^4+(k_3)/3x^3++k_4x]&lt;/latex&gt;</mattext>
                </material>
              </response_label>
              <response_label ident="CHOICE_4">
                <material>
                  <mattext texttype="text/plain">&lt;latex&gt;[(k_1)/5x^5+(-k_2)/4x^4+(k_3)/3x^3++k_4x]_{x_i}^{x_f}&lt;/latex&gt;</mattext>
                </material>
              </response_label>
              <response_label ident="CHOICE_5">
                <material>
                  <mattext texttype="text/plain">&lt;latex&gt;[k_1x^4-k_2x^3+k_3x^2+k_4]_{x_i}^{x_f}&lt;/latex&gt;</mattext>
                </material>
              </response_label>
            </render_choice>
          </response_lid>
        </presentation>
        <resprocessing>
          <outcomes>
            <decvar varname="SCORE" vartype="Decimal" minvalue="0" maxvalue="100"/>
          </outcomes>
          <respcondition continue="No">
            <conditionvar>
              <varequal respident="RESPONSE_work_problem_5">CHOICE_4</varequal>
            </conditionvar>
            <setvar action="Set" varname="SCORE">1</setvar>
          </respcondition>
        </resprocessing>
      </item>
      <item ident="work_problem_6" title="Work Done by a Variable Force 6">
        <itemmetadata>
          <qtimetadata>
            <qtimetadatafield>
              <fieldlabel>question_type</fieldlabel>
              <fieldentry>multiple_choice_question</fieldentry>
            </qtimetadatafield>
          </qtimetadata>
        </itemmetadata>
        <presentation>
          <material>
            <mattext texttype="text/plain">&lt;p&gt;&lt;b&gt;Situation:&lt;/b&gt;&lt;/p&gt;
&lt;p&gt;An object moves along the x-axis under the influence of a single force given by the expression &lt;math xmlns="http://www.w3.org/1998/Math/MathML" display="inline"&gt;&lt;mrow&gt;&lt;mi&gt;F&lt;/mi&gt;&lt;mo stretchy="false"&gt;&amp;#x00028;&lt;/mo&gt;&lt;mi&gt;x&lt;/mi&gt;&lt;mo stretchy="false"&gt;&amp;#x00029;&lt;/mo&gt;&lt;mo&gt;&amp;#x0003D;&lt;/mo&gt;&lt;mo&gt;&amp;#x02212;&lt;/mo&gt;&lt;mn&gt;3&lt;/mn&gt;&lt;msup&gt;&lt;mi&gt;x&lt;/mi&gt;&lt;mn&gt;4&lt;/mn&gt;&lt;/msup&gt;&lt;mo&gt;&amp;#x0002B;&lt;/mo&gt;&lt;mn&gt;8&lt;/mn&gt;&lt;msup&gt;&lt;mi&gt;x&lt;/mi&gt;&lt;mn&gt;3&lt;/mn&gt;&lt;/msup&gt;&lt;mo&gt;&amp;#x02212;&lt;/mo&gt;&lt;mn&gt;6&lt;/mn&gt;&lt;msup&gt;&lt;mi&gt;x&lt;/mi&gt;&lt;mn&gt;2&lt;/mn&gt;&lt;/msup&gt;&lt;mo&gt;&amp;#x0002B;&lt;/mo&gt;&lt;mn&gt;12&lt;/mn&gt;&lt;/mrow&gt;&lt;/math&gt;.&lt;/p&gt;
&lt;p&gt;&lt;b&gt;Question:&lt;/b&gt;&lt;/p&gt;
&lt;p&gt;What is the work done by this force as the object moves from &lt;math xmlns="http://www.w3.org/1998/Math/MathML" display="inline"&gt;&lt;mrow&gt;&lt;mi&gt;x&lt;/mi&gt;&lt;mo&gt;&amp;#x0003D;&lt;/mo&gt;&lt;msub&gt;&lt;mi&gt;x&lt;/mi&gt;&lt;mn&gt;0&lt;/mn&gt;&lt;/msub&gt;&lt;/mrow&gt;&lt;/math&gt; to &lt;math xmlns="http://www.w3.org/1998/Math/MathML" display="inline"&gt;&lt;mrow&gt;&lt;mi&gt;x&lt;/mi&gt;&lt;mo&gt;&amp;#x0003D;&lt;/mo&gt;&lt;mn&gt;3&lt;/mn&gt;&lt;msub&gt;&lt;mi&gt;x&lt;/mi&gt;&lt;mn&gt;0&lt;/mn&gt;&lt;/msub&gt;&lt;/mrow&gt;&lt;/math&gt;?&lt;/p&gt;</mattext>
          </material>
          <response_lid ident="RESPONSE_work_problem_6" rcardinality="Single">
            <render_choice shuffle="Yes">
              <response_label ident="CHOICE_1">
                <material>
                  <mattext texttype="text/plain">&lt;latex&gt;(-3x^4+8x^3-6x^2+12)(3x_0-x_0)&lt;/latex&gt;</mattext>
                </material>
              </response_label>
              <response_label ident="CHOICE_2">
                <material>
                  <mattext texttype="text/plain">&lt;latex&gt;[(-3)/5x^5+(8)/4x^4+(-6)/3x^3++12x]_{3x_0}^{x_0}&lt;/latex&gt;</mattext>
                </material>
              </response_label>
              <response_label ident="CHOICE_3">
                <material>
                  <mattext texttype="text/plain">&lt;latex&gt;\frac{d}{dx}[(-3)/5x^5+(8)/4x^4+(-6)/3x^3++12x]&lt;/latex&gt;</mattext>
                </material>
              </response_label>
              <response_label ident="CHOICE_4">
                <material>
                  <mattext texttype="text/plain">&lt;latex&gt;[(-3)/5x^5+(8)/4x^4+(-6)/3x^3++12x]_{x_0}^{3x_0}&lt;/latex&gt;</mattext>
                </material>
              </response_label>
              <response_label ident="CHOICE_5">
                <material>
                  <mattext texttype="text/plain">&lt;latex&gt;[-3x^4+8x^3-6x^2+12]_{x_0}^{3x_0}&lt;/latex&gt;</mattext>
                </material>
              </response_label>
            </render_choice>
          </response_lid>
        </presentation>
        <resprocessing>
          <outcomes>
            <decvar varname="SCORE" vartype="Decimal" minvalue="0" maxvalue="100"/>
          </outcomes>
          <respcondition continue="No">
            <conditionvar>
              <varequal respident="RESPONSE_work_problem_6">CHOICE_4</varequal>
            </conditionvar>
            <setvar action="Set" varname="SCORE">1</setvar>
          </respcondition>
        </resprocessing>
      </item>
      <item ident="work_problem_7" title="Work Done by a Variable Force 7">
        <itemmetadata>
          <qtimetadata>
            <qtimetadatafield>
              <fieldlabel>question_type</fieldlabel>
              <fieldentry>multiple_choice_question</fieldentry>
            </qtimetadatafield>
          </qtimetadata>
        </itemmetadata>
        <presentation>
          <material>
            <mattext texttype="text/plain">&lt;p&gt;&lt;b&gt;Situation:&lt;/b&gt;&lt;/p&gt;
&lt;p&gt;A particle travels along the x-axis while being acted upon by a net force described by the function &lt;math xmlns="http://www.w3.org/1998/Math/MathML" display="inline"&gt;&lt;mrow&gt;&lt;mi&gt;F&lt;/mi&gt;&lt;mo stretchy="false"&gt;&amp;#x00028;&lt;/mo&gt;&lt;mi&gt;x&lt;/mi&gt;&lt;mo stretchy="false"&gt;&amp;#x00029;&lt;/mo&gt;&lt;mo&gt;&amp;#x0003D;&lt;/mo&gt;&lt;mn&gt;10&lt;/mn&gt;&lt;msup&gt;&lt;mi&gt;x&lt;/mi&gt;&lt;mn&gt;4&lt;/mn&gt;&lt;/msup&gt;&lt;mo&gt;&amp;#x02212;&lt;/mo&gt;&lt;mn&gt;9&lt;/mn&gt;&lt;msup&gt;&lt;mi&gt;x&lt;/mi&gt;&lt;mn&gt;3&lt;/mn&gt;&lt;/msup&gt;&lt;mo&gt;&amp;#x0002B;&lt;/mo&gt;&lt;mn&gt;2&lt;/mn&gt;&lt;msup&gt;&lt;mi&gt;x&lt;/mi&gt;&lt;mn&gt;2&lt;/mn&gt;&lt;/msup&gt;&lt;mo&gt;&amp;#x02212;&lt;/mo&gt;&lt;mn&gt;5&lt;/mn&gt;&lt;/mrow&gt;&lt;/math&gt;.&lt;/p&gt;
&lt;p&gt;&lt;b&gt;Question:&lt;/b&gt;&lt;/p&gt;
&lt;p&gt;What is the work done by this force as the object moves from &lt;math xmlns="http://www.w3.org/1998/Math/MathML" display="inline"&gt;&lt;mrow&gt;&lt;mi&gt;x&lt;/mi&gt;&lt;mo&gt;&amp;#x0003D;&lt;/mo&gt;&lt;mo&gt;&amp;#x02212;&lt;/mo&gt;&lt;mi&gt;L&lt;/mi&gt;&lt;/mrow&gt;&lt;/math&gt; to &lt;math xmlns="http://www.w3.org/1998/Math/MathML" display="inline"&gt;&lt;mrow&gt;&lt;mi&gt;x&lt;/mi&gt;&lt;mo&gt;&amp;#x0003D;&lt;/mo&gt;&lt;mn&gt;2&lt;/mn&gt;&lt;mi&gt;L&lt;/mi&gt;&lt;/mrow&gt;&lt;/math&gt;?&lt;/p&gt;</mattext>
          </material>
          <response_lid ident="RESPONSE_work_problem_7" rcardinality="Single">
            <render_choice shuffle="Yes">
              <response_label ident="CHOICE_1">
                <material>
                  <mattext texttype="text/plain">&lt;latex&gt;(10x^4-9x^3+2x^2-5)(2L--L)&lt;/latex&gt;</mattext>
                </material>
              </response_label>
              <response_label ident="CHOICE_2">
                <material>
                  <mattext texttype="text/plain">&lt;latex&gt;[(10)/5x^5+(-9)/4x^4+(2)/3x^3-5x]_{2L}^{-L}&lt;/latex&gt;</mattext>
                </material>
              </response_label>
              <response_label ident="CHOICE_3">
                <material>
                  <mattext texttype="text/plain">&lt;latex&gt;\frac{d}{dx}[(10)/5x^5+(-9)/4x^4+(2)/3x^3-5x]&lt;/latex&gt;</mattext>
                </material>
              </response_label>
              <response_label ident="CHOICE_4">
                <material>
                  <mattext texttype="text/plain">&lt;latex&gt;[(10)/5x^5+(-9)/4x^4+(2)/3x^3-5x]_{-L}^{2L}&lt;/latex&gt;</mattext>
                </material>
              </response_label>
              <response_label ident="CHOICE_5">
                <material>
                  <mattext texttype="text/plain">&lt;latex&gt;[10x^4-9x^3+2x^2-5]_{-L}^{2L}&lt;/latex&gt;</mattext>
                </material>
              </response_label>
            </render_choice>
          </response_lid>
        </presentation>
        <resprocessing>
          <outcomes>
            <decvar varname="SCORE" vartype="Decimal" minvalue="0" maxvalue="100"/>
          </outcomes>
          <respcondition continue="No">
            <conditionvar>
              <varequal respident="RESPONSE_work_problem_7">CHOICE_4</varequal>
            </conditionvar>
            <setvar action="Set" varname="SCORE">1</setvar>
          </respcondition>
        </resprocessing>
      </item>
      <item ident="work_problem_8" title="Work Done by a Variable Force 8">
        <itemmetadata>
          <qtimetadata>
            <qtimetadatafield>
              <fieldlabel>question_type</fieldlabel>
              <fieldentry>multiple_choice_question</fieldentry>
            </qtimetadatafield>
          </qtimetadata>
        </itemmetadata>
        <presentation>
          <material>
            <mattext texttype="text/plain">&lt;p&gt;&lt;b&gt;Situation:&lt;/b&gt;&lt;/p&gt;
&lt;p&gt;Consider an object displaced along the x-axis by a variable force given by &lt;math xmlns="http://www.w3.org/1998/Math/MathML" display="inline"&gt;&lt;mrow&gt;&lt;mi&gt;F&lt;/mi&gt;&lt;mo stretchy="false"&gt;&amp;#x00028;&lt;/mo&gt;&lt;mi&gt;x&lt;/mi&gt;&lt;mo stretchy="false"&gt;&amp;#x00029;&lt;/mo&gt;&lt;mo&gt;&amp;#x0003D;&lt;/mo&gt;&lt;mn&gt;2.5&lt;/mn&gt;&lt;msup&gt;&lt;mi&gt;x&lt;/mi&gt;&lt;mn&gt;4&lt;/mn&gt;&lt;/msup&gt;&lt;mo&gt;&amp;#x0002B;&lt;/mo&gt;&lt;mn&gt;1.5&lt;/mn&gt;&lt;msup&gt;&lt;mi&gt;x&lt;/mi&gt;&lt;mn&gt;3&lt;/mn&gt;&lt;/msup&gt;&lt;mo&gt;&amp;#x02212;&lt;/mo&gt;&lt;mn&gt;4&lt;/mn&gt;&lt;msup&gt;&lt;mi&gt;x&lt;/mi&gt;&lt;mn&gt;2&lt;/mn&gt;&lt;/msup&gt;&lt;mo&gt;&amp;#x0002B;&lt;/mo&gt;&lt;mn&gt;1&lt;/mn&gt;&lt;/mrow&gt;&lt;/math&gt;.&lt;/p&gt;
&lt;p&gt;&lt;b&gt;Question:&lt;/b&gt;&lt;/p&gt;
&lt;p&gt;What is the work done by this force as the object moves from &lt;math xmlns="http://www.w3.org/1998/Math/MathML" display="inline"&gt;&lt;mrow&gt;&lt;mi&gt;x&lt;/mi&gt;&lt;mo&gt;&amp;#x0003D;&lt;/mo&gt;&lt;mn&gt;0&lt;/mn&gt;&lt;/mrow&gt;&lt;/math&gt; to &lt;math xmlns="http://www.w3.org/1998/Math/MathML" display="inline"&gt;&lt;mrow&gt;&lt;mi&gt;x&lt;/mi&gt;&lt;mo&gt;&amp;#x0003D;&lt;/mo&gt;&lt;msub&gt;&lt;mi&gt;x&lt;/mi&gt;&lt;mi&gt;f&lt;/mi&gt;&lt;/msub&gt;&lt;/mrow&gt;&lt;/math&gt;?&lt;/p&gt;</mattext>
          </material>
          <response_lid ident="RESPONSE_work_problem_8" rcardinality="Single">
            <render_choice shuffle="Yes">
              <response_label ident="CHOICE_1">
                <material>
                  <mattext texttype="text/plain">&lt;latex&gt;(2.5x^4+1.5x^3-4x^2+1)(x_f-0)&lt;/latex&gt;</mattext>
                </material>
              </response_label>
              <response_label ident="CHOICE_2">
                <material>
                  <mattext texttype="text/plain">&lt;latex&gt;[(2.5)/5x^5+(1.5)/4x^4+(-4)/3x^3++1x]_{x_f}^{0}&lt;/latex&gt;</mattext>
                </material>
              </response_label>
              <response_label ident="CHOICE_3">
                <material>
                  <mattext texttype="text/plain">&lt;latex&gt;\frac{d}{dx}[(2.5)/5x^5+(1.5)/4x^4+(-4)/3x^3++1x]&lt;/latex&gt;</mattext>
                </material>
              </response_label>
              <response_label ident="CHOICE_4">
                <material>
                  <mattext texttype="text/plain">&lt;latex&gt;[(2.5)/5x^5+(1.5)/4x^4+(-4)/3x^3++1x]_{0}^{x_f}&lt;/latex&gt;</mattext>
                </material>
              </response_label>
              <response_label ident="CHOICE_5">
                <material>
                  <mattext texttype="text/plain">&lt;latex&gt;[2.5x^4+1.5x^3-4x^2+1]_{0}^{x_f}&lt;/latex&gt;</mattext>
                </material>
              </response_label>
            </render_choice>
          </response_lid>
        </presentation>
        <resprocessing>
          <outcomes>
            <decvar varname="SCORE" vartype="Decimal" minvalue="0" maxvalue="100"/>
          </outcomes>
          <respcondition continue="No">
            <conditionvar>
              <varequal respident="RESPONSE_work_problem_8">CHOICE_4</varequal>
            </conditionvar>
            <setvar action="Set" varname="SCORE">1</setvar>
          </respcondition>
        </resprocessing>
      </item>
      <item ident="work_problem_9" title="Work Done by a Variable Force 9">
        <itemmetadata>
          <qtimetadata>
            <qtimetadatafield>
              <fieldlabel>question_type</fieldlabel>
              <fieldentry>multiple_choice_question</fieldentry>
            </qtimetadatafield>
          </qtimetadata>
        </itemmetadata>
        <presentation>
          <material>
            <mattext texttype="text/plain">&lt;p&gt;&lt;b&gt;Situation:&lt;/b&gt;&lt;/p&gt;
&lt;p&gt;A block on a horizontal surface is pushed by a force that varies with position according to &lt;math xmlns="http://www.w3.org/1998/Math/MathML" display="inline"&gt;&lt;mrow&gt;&lt;mi&gt;F&lt;/mi&gt;&lt;mo stretchy="false"&gt;&amp;#x00028;&lt;/mo&gt;&lt;mi&gt;x&lt;/mi&gt;&lt;mo stretchy="false"&gt;&amp;#x00029;&lt;/mo&gt;&lt;mo&gt;&amp;#x0003D;&lt;/mo&gt;&lt;mo&gt;&amp;#x02212;&lt;/mo&gt;&lt;mn&gt;4&lt;/mn&gt;&lt;msup&gt;&lt;mi&gt;x&lt;/mi&gt;&lt;mn&gt;4&lt;/mn&gt;&lt;/msup&gt;&lt;mo&gt;&amp;#x02212;&lt;/mo&gt;&lt;mn&gt;2&lt;/mn&gt;&lt;msup&gt;&lt;mi&gt;x&lt;/mi&gt;&lt;mn&gt;3&lt;/mn&gt;&lt;/msup&gt;&lt;mo&gt;&amp;#x0002B;&lt;/mo&gt;&lt;mn&gt;11&lt;/mn&gt;&lt;msup&gt;&lt;mi&gt;x&lt;/mi&gt;&lt;mn&gt;2&lt;/mn&gt;&lt;/msup&gt;&lt;mo&gt;&amp;#x0002B;&lt;/mo&gt;&lt;mn&gt;6&lt;/mn&gt;&lt;/mrow&gt;&lt;/math&gt;.&lt;/p&gt;
&lt;p&gt;&lt;b&gt;Question:&lt;/b&gt;&lt;/p&gt;
&lt;p&gt;What is the work done by this force as the object moves from &lt;math xmlns="http://www.w3.org/1998/Math/MathML" display="inline"&gt;&lt;mrow&gt;&lt;mi&gt;x&lt;/mi&gt;&lt;mo&gt;&amp;#x0003D;&lt;/mo&gt;&lt;msub&gt;&lt;mi&gt;x&lt;/mi&gt;&lt;mi&gt;i&lt;/mi&gt;&lt;/msub&gt;&lt;/mrow&gt;&lt;/math&gt; to &lt;math xmlns="http://www.w3.org/1998/Math/MathML" display="inline"&gt;&lt;mrow&gt;&lt;mi&gt;x&lt;/mi&gt;&lt;mo&gt;&amp;#x0003D;&lt;/mo&gt;&lt;mn&gt;0&lt;/mn&gt;&lt;/mrow&gt;&lt;/math&gt;?&lt;/p&gt;</mattext>
          </material>
          <response_lid ident="RESPONSE_work_problem_9" rcardinality="Single">
            <render_choice shuffle="Yes">
              <response_label ident="CHOICE_1">
                <material>
                  <mattext texttype="text/plain">&lt;latex&gt;(-4x^4-2x^3+11x^2+6)(0-x_i)&lt;/latex&gt;</mattext>
                </material>
              </response_label>
              <response_label ident="CHOICE_2">
                <material>
                  <mattext texttype="text/plain">&lt;latex&gt;[(-4)/5x^5+(-2)/4x^4+(11)/3x^3++6x]_{0}^{x_i}&lt;/latex&gt;</mattext>
                </material>
              </response_label>
              <response_label ident="CHOICE_3">
                <material>
                  <mattext texttype="text/plain">&lt;latex&gt;\frac{d}{dx}[(-4)/5x^5+(-2)/4x^4+(11)/3x^3++6x]&lt;/latex&gt;</mattext>
                </material>
              </response_label>
              <response_label ident="CHOICE_4">
                <material>
                  <mattext texttype="text/plain">&lt;latex&gt;[(-4)/5x^5+(-2)/4x^4+(11)/3x^3++6x]_{x_i}^{0}&lt;/latex&gt;</mattext>
                </material>
              </response_label>
              <response_label ident="CHOICE_5">
                <material>
                  <mattext texttype="text/plain">&lt;latex&gt;[-4x^4-2x^3+11x^2+6]_{x_i}^{0}&lt;/latex&gt;</mattext>
                </material>
              </response_label>
            </render_choice>
          </response_lid>
        </presentation>
        <resprocessing>
          <outcomes>
            <decvar varname="SCORE" vartype="Decimal" minvalue="0" maxvalue="100"/>
          </outcomes>
          <respcondition continue="No">
            <conditionvar>
              <varequal respident="RESPONSE_work_problem_9">CHOICE_4</varequal>
            </conditionvar>
            <setvar action="Set" varname="SCORE">1</setvar>
          </respcondition>
        </resprocessing>
      </item>
      <item ident="work_problem_10" title="Work Done by a Variable Force 10">
        <itemmetadata>
          <qtimetadata>
            <qtimetadatafield>
              <fieldlabel>question_type</fieldlabel>
              <fieldentry>multiple_choice_question</fieldentry>
            </qtimetadatafield>
          </qtimetadata>
        </itemmetadata>
        <presentation>
          <material>
            <mattext texttype="text/plain">&lt;p&gt;&lt;b&gt;Situation:&lt;/b&gt;&lt;/p&gt;
&lt;p&gt;An external one-dimensional force acts on a body with &lt;math xmlns="http://www.w3.org/1998/Math/MathML" display="inline"&gt;&lt;mrow&gt;&lt;mi&gt;F&lt;/mi&gt;&lt;mo stretchy="false"&gt;&amp;#x00028;&lt;/mo&gt;&lt;mi&gt;x&lt;/mi&gt;&lt;mo stretchy="false"&gt;&amp;#x00029;&lt;/mo&gt;&lt;mo&gt;&amp;#x0003D;&lt;/mo&gt;&lt;mi&gt;a&lt;/mi&gt;&lt;msup&gt;&lt;mi&gt;x&lt;/mi&gt;&lt;mn&gt;4&lt;/mn&gt;&lt;/msup&gt;&lt;mo&gt;&amp;#x0002B;&lt;/mo&gt;&lt;mi&gt;b&lt;/mi&gt;&lt;msup&gt;&lt;mi&gt;x&lt;/mi&gt;&lt;mn&gt;3&lt;/mn&gt;&lt;/msup&gt;&lt;mo&gt;&amp;#x0002B;&lt;/mo&gt;&lt;mi&gt;c&lt;/mi&gt;&lt;msup&gt;&lt;mi&gt;x&lt;/mi&gt;&lt;mn&gt;2&lt;/mn&gt;&lt;/msup&gt;&lt;mo&gt;&amp;#x0002B;&lt;/mo&gt;&lt;mi&gt;d&lt;/mi&gt;&lt;/mrow&gt;&lt;/math&gt;.&lt;/p&gt;
&lt;p&gt;&lt;b&gt;Question:&lt;/b&gt;&lt;/p&gt;
&lt;p&gt;What is the work done by this force as the object moves from &lt;math xmlns="http://www.w3.org/1998/Math/MathML" display="inline"&gt;&lt;mrow&gt;&lt;mi&gt;x&lt;/mi&gt;&lt;mo&gt;&amp;#x0003D;&lt;/mo&gt;&lt;msub&gt;&lt;mi&gt;x&lt;/mi&gt;&lt;mi&gt;A&lt;/mi&gt;&lt;/msub&gt;&lt;/mrow&gt;&lt;/math&gt; to &lt;math xmlns="http://www.w3.org/1998/Math/MathML" display="inline"&gt;&lt;mrow&gt;&lt;mi&gt;x&lt;/mi&gt;&lt;mo&gt;&amp;#x0003D;&lt;/mo&gt;&lt;msub&gt;&lt;mi&gt;x&lt;/mi&gt;&lt;mi&gt;B&lt;/mi&gt;&lt;/msub&gt;&lt;/mrow&gt;&lt;/math&gt;?&lt;/p&gt;</mattext>
          </material>
          <response_lid ident="RESPONSE_work_problem_10" rcardinality="Single">
            <render_choice shuffle="Yes">
              <response_label ident="CHOICE_1">
                <material>
                  <mattext texttype="text/plain">&lt;latex&gt;(ax^4+bx^3+cx^2+d)(x_B-x_A)&lt;/latex&gt;</mattext>
                </material>
              </response_label>
              <response_label ident="CHOICE_2">
                <material>
                  <mattext texttype="text/plain">&lt;latex&gt;[(a)/5x^5+(b)/4x^4+(c)/3x^3++dx]_{x_B}^{x_A}&lt;/latex&gt;</mattext>
                </material>
              </response_label>
              <response_label ident="CHOICE_3">
                <material>
                  <mattext texttype="text/plain">&lt;latex&gt;\frac{d}{dx}[(a)/5x^5+(b)/4x^4+(c)/3x^3++dx]&lt;/latex&gt;</mattext>
                </material>
              </response_label>
              <response_label ident="CHOICE_4">
                <material>
                  <mattext texttype="text/plain">&lt;latex&gt;[(a)/5x^5+(b)/4x^4+(c)/3x^3++dx]_{x_A}^{x_B}&lt;/latex&gt;</mattext>
                </material>
              </response_label>
              <response_label ident="CHOICE_5">
                <material>
                  <mattext texttype="text/plain">&lt;latex&gt;[ax^4+bx^3+cx^2+d]_{x_A}^{x_B}&lt;/latex&gt;</mattext>
                </material>
              </response_label>
            </render_choice>
          </response_lid>
        </presentation>
        <resprocessing>
          <outcomes>
            <decvar varname="SCORE" vartype="Decimal" minvalue="0" maxvalue="100"/>
          </outcomes>
          <respcondition continue="No">
            <conditionvar>
              <varequal respident="RESPONSE_work_problem_10">CHOICE_4</varequal>
            </conditionvar>
            <setvar action="Set" varname="SCORE">1</setvar>
          </respcondition>
        </resprocessing>
      </item>
      <item ident="work_problem_11" title="Work Done by a Variable Force 11">
        <itemmetadata>
          <qtimetadata>
            <qtimetadatafield>
              <fieldlabel>question_type</fieldlabel>
              <fieldentry>multiple_choice_question</fieldentry>
            </qtimetadatafield>
          </qtimetadata>
        </itemmetadata>
        <presentation>
          <material>
            <mattext texttype="text/plain">&lt;p&gt;&lt;b&gt;Situation:&lt;/b&gt;&lt;/p&gt;
&lt;p&gt;An object moves along the x-axis under the influence of a single force given by the expression &lt;math xmlns="http://www.w3.org/1998/Math/MathML" display="inline"&gt;&lt;mrow&gt;&lt;mi&gt;F&lt;/mi&gt;&lt;mo stretchy="false"&gt;&amp;#x00028;&lt;/mo&gt;&lt;mi&gt;x&lt;/mi&gt;&lt;mo stretchy="false"&gt;&amp;#x00029;&lt;/mo&gt;&lt;mo&gt;&amp;#x0003D;&lt;/mo&gt;&lt;mn&gt;3&lt;/mn&gt;&lt;msup&gt;&lt;mi&gt;x&lt;/mi&gt;&lt;mn&gt;4&lt;/mn&gt;&lt;/msup&gt;&lt;mo&gt;&amp;#x0002B;&lt;/mo&gt;&lt;mn&gt;5&lt;/mn&gt;&lt;msup&gt;&lt;mi&gt;x&lt;/mi&gt;&lt;mn&gt;3&lt;/mn&gt;&lt;/msup&gt;&lt;mo&gt;&amp;#x02212;&lt;/mo&gt;&lt;mn&gt;8&lt;/mn&gt;&lt;msup&gt;&lt;mi&gt;x&lt;/mi&gt;&lt;mn&gt;2&lt;/mn&gt;&lt;/msup&gt;&lt;mo&gt;&amp;#x0002B;&lt;/mo&gt;&lt;mn&gt;3&lt;/mn&gt;&lt;/mrow&gt;&lt;/math&gt;.&lt;/p&gt;
&lt;p&gt;&lt;b&gt;Question:&lt;/b&gt;&lt;/p&gt;
&lt;p&gt;What is the work done by this force as the object moves from &lt;math xmlns="http://www.w3.org/1998/Math/MathML" display="inline"&gt;&lt;mrow&gt;&lt;mi&gt;x&lt;/mi&gt;&lt;mo&gt;&amp;#x0003D;&lt;/mo&gt;&lt;mo&gt;&amp;#x02212;&lt;/mo&gt;&lt;mi&gt;L&lt;/mi&gt;&lt;mo&gt;&amp;#x0002F;&lt;/mo&gt;&lt;mn&gt;2&lt;/mn&gt;&lt;/mrow&gt;&lt;/math&gt; to &lt;math xmlns="http://www.w3.org/1998/Math/MathML" display="inline"&gt;&lt;mrow&gt;&lt;mi&gt;x&lt;/mi&gt;&lt;mo&gt;&amp;#x0003D;&lt;/mo&gt;&lt;mi&gt;L&lt;/mi&gt;&lt;mo&gt;&amp;#x0002F;&lt;/mo&gt;&lt;mn&gt;2&lt;/mn&gt;&lt;/mrow&gt;&lt;/math&gt;?&lt;/p&gt;</mattext>
          </material>
          <response_lid ident="RESPONSE_work_problem_11" rcardinality="Single">
            <render_choice shuffle="Yes">
              <response_label ident="CHOICE_1">
                <material>
                  <mattext texttype="text/plain">&lt;latex&gt;(3x^4+5x^3-8x^2+3)(L/2--L/2)&lt;/latex&gt;</mattext>
                </material>
              </response_label>
              <response_label ident="CHOICE_2">
                <material>
                  <mattext texttype="text/plain">&lt;latex&gt;[(3)/5x^5+(5)/4x^4+(-8)/3x^3++3x]_{L/2}^{-L/2}&lt;/latex&gt;</mattext>
                </material>
              </response_label>
              <response_label ident="CHOICE_3">
                <material>
                  <mattext texttype="text/plain">&lt;latex&gt;\frac{d}{dx}[(3)/5x^5+(5)/4x^4+(-8)/3x^3++3x]&lt;/latex&gt;</mattext>
                </material>
              </response_label>
              <response_label ident="CHOICE_4">
                <material>
                  <mattext texttype="text/plain">&lt;latex&gt;[(3)/5x^5+(5)/4x^4+(-8)/3x^3++3x]_{-L/2}^{L/2}&lt;/latex&gt;</mattext>
                </material>
              </response_label>
              <response_label ident="CHOICE_5">
                <material>
                  <mattext texttype="text/plain">&lt;latex&gt;[3x^4+5x^3-8x^2+3]_{-L/2}^{L/2}&lt;/latex&gt;</mattext>
                </material>
              </response_label>
            </render_choice>
          </response_lid>
        </presentation>
        <resprocessing>
          <outcomes>
            <decvar varname="SCORE" vartype="Decimal" minvalue="0" maxvalue="100"/>
          </outcomes>
          <respcondition continue="No">
            <conditionvar>
              <varequal respident="RESPONSE_work_problem_11">CHOICE_4</varequal>
            </conditionvar>
            <setvar action="Set" varname="SCORE">1</setvar>
          </respcondition>
        </resprocessing>
      </item>
      <item ident="work_problem_12" title="Work Done by a Variable Force 12">
        <itemmetadata>
          <qtimetadata>
            <qtimetadatafield>
              <fieldlabel>question_type</fieldlabel>
              <fieldentry>multiple_choice_question</fieldentry>
            </qtimetadatafield>
          </qtimetadata>
        </itemmetadata>
        <presentation>
          <material>
            <mattext texttype="text/plain">&lt;p&gt;&lt;b&gt;Situation:&lt;/b&gt;&lt;/p&gt;
&lt;p&gt;A particle travels along the x-axis while being acted upon by a net force described by the function &lt;math xmlns="http://www.w3.org/1998/Math/MathML" display="inline"&gt;&lt;mrow&gt;&lt;mi&gt;F&lt;/mi&gt;&lt;mo stretchy="false"&gt;&amp;#x00028;&lt;/mo&gt;&lt;mi&gt;x&lt;/mi&gt;&lt;mo stretchy="false"&gt;&amp;#x00029;&lt;/mo&gt;&lt;mo&gt;&amp;#x0003D;&lt;/mo&gt;&lt;mo&gt;&amp;#x02212;&lt;/mo&gt;&lt;msup&gt;&lt;mi&gt;x&lt;/mi&gt;&lt;mn&gt;4&lt;/mn&gt;&lt;/msup&gt;&lt;mo&gt;&amp;#x0002B;&lt;/mo&gt;&lt;mn&gt;4&lt;/mn&gt;&lt;msup&gt;&lt;mi&gt;x&lt;/mi&gt;&lt;mn&gt;3&lt;/mn&gt;&lt;/msup&gt;&lt;mo&gt;&amp;#x02212;&lt;/mo&gt;&lt;mn&gt;7&lt;/mn&gt;&lt;msup&gt;&lt;mi&gt;x&lt;/mi&gt;&lt;mn&gt;2&lt;/mn&gt;&lt;/msup&gt;&lt;mo&gt;&amp;#x0002B;&lt;/mo&gt;&lt;mn&gt;2&lt;/mn&gt;&lt;/mrow&gt;&lt;/math&gt;.&lt;/p&gt;
&lt;p&gt;&lt;b&gt;Question:&lt;/b&gt;&lt;/p&gt;
&lt;p&gt;What is the work done by this force as the object moves from &lt;math xmlns="http://www.w3.org/1998/Math/MathML" display="inline"&gt;&lt;mrow&gt;&lt;mi&gt;x&lt;/mi&gt;&lt;mo&gt;&amp;#x0003D;&lt;/mo&gt;&lt;mi&gt;a&lt;/mi&gt;&lt;/mrow&gt;&lt;/math&gt; to &lt;math xmlns="http://www.w3.org/1998/Math/MathML" display="inline"&gt;&lt;mrow&gt;&lt;mi&gt;x&lt;/mi&gt;&lt;mo&gt;&amp;#x0003D;&lt;/mo&gt;&lt;mn&gt;2&lt;/mn&gt;&lt;mi&gt;a&lt;/mi&gt;&lt;/mrow&gt;&lt;/math&gt;?&lt;/p&gt;</mattext>
          </material>
          <response_lid ident="RESPONSE_work_problem_12" rcardinality="Single">
            <render_choice shuffle="Yes">
              <response_label ident="CHOICE_1">
                <material>
                  <mattext texttype="text/plain">&lt;latex&gt;(-x^4+4x^3-7x^2+2)(2a-a)&lt;/latex&gt;</mattext>
                </material>
              </response_label>
              <response_label ident="CHOICE_2">
                <material>
                  <mattext texttype="text/plain">&lt;latex&gt;[-1/5x^5+(4)/4x^4+(-7)/3x^3++2x]_{2a}^{a}&lt;/latex&gt;</mattext>
                </material>
              </response_label>
              <response_label ident="CHOICE_3">
                <material>
                  <mattext texttype="text/plain">&lt;latex&gt;\frac{d}{dx}[-1/5x^5+(4)/4x^4+(-7)/3x^3++2x]&lt;/latex&gt;</mattext>
                </material>
              </response_label>
              <response_label ident="CHOICE_4">
                <material>
                  <mattext texttype="text/plain">&lt;latex&gt;[-1/5x^5+(4)/4x^4+(-7)/3x^3++2x]_{a}^{2a}&lt;/latex&gt;</mattext>
                </material>
              </response_label>
              <response_label ident="CHOICE_5">
                <material>
                  <mattext texttype="text/plain">&lt;latex&gt;[-x^4+4x^3-7x^2+2]_{a}^{2a}&lt;/latex&gt;</mattext>
                </material>
              </response_label>
            </render_choice>
          </response_lid>
        </presentation>
        <resprocessing>
          <outcomes>
            <decvar varname="SCORE" vartype="Decimal" minvalue="0" maxvalue="100"/>
          </outcomes>
          <respcondition continue="No">
            <conditionvar>
              <varequal respident="RESPONSE_work_problem_12">CHOICE_4</varequal>
            </conditionvar>
            <setvar action="Set" varname="SCORE">1</setvar>
          </respcondition>
        </resprocessing>
      </item>
      <item ident="work_problem_13" title="Work Done by a Variable Force 13">
        <itemmetadata>
          <qtimetadata>
            <qtimetadatafield>
              <fieldlabel>question_type</fieldlabel>
              <fieldentry>multiple_choice_question</fieldentry>
            </qtimetadatafield>
          </qtimetadata>
        </itemmetadata>
        <presentation>
          <material>
            <mattext texttype="text/plain">&lt;p&gt;&lt;b&gt;Situation:&lt;/b&gt;&lt;/p&gt;
&lt;p&gt;Consider an object displaced along the x-axis by a variable force given by &lt;math xmlns="http://www.w3.org/1998/Math/MathML" display="inline"&gt;&lt;mrow&gt;&lt;mi&gt;F&lt;/mi&gt;&lt;mo stretchy="false"&gt;&amp;#x00028;&lt;/mo&gt;&lt;mi&gt;x&lt;/mi&gt;&lt;mo stretchy="false"&gt;&amp;#x00029;&lt;/mo&gt;&lt;mo&gt;&amp;#x0003D;&lt;/mo&gt;&lt;mn&gt;6&lt;/mn&gt;&lt;msup&gt;&lt;mi&gt;x&lt;/mi&gt;&lt;mn&gt;4&lt;/mn&gt;&lt;/msup&gt;&lt;mo&gt;&amp;#x02212;&lt;/mo&gt;&lt;msup&gt;&lt;mi&gt;x&lt;/mi&gt;&lt;mn&gt;3&lt;/mn&gt;&lt;/msup&gt;&lt;mo&gt;&amp;#x0002B;&lt;/mo&gt;&lt;msup&gt;&lt;mi&gt;x&lt;/mi&gt;&lt;mn&gt;2&lt;/mn&gt;&lt;/msup&gt;&lt;mo&gt;&amp;#x02212;&lt;/mo&gt;&lt;mn&gt;12&lt;/mn&gt;&lt;/mrow&gt;&lt;/math&gt;.&lt;/p&gt;
&lt;p&gt;&lt;b&gt;Question:&lt;/b&gt;&lt;/p&gt;
&lt;p&gt;What is the work done by this force as the object moves from &lt;math xmlns="http://www.w3.org/1998/Math/MathML" display="inline"&gt;&lt;mrow&gt;&lt;mi&gt;x&lt;/mi&gt;&lt;mo&gt;&amp;#x0003D;&lt;/mo&gt;&lt;mo&gt;&amp;#x02212;&lt;/mo&gt;&lt;mi&gt;b&lt;/mi&gt;&lt;/mrow&gt;&lt;/math&gt; to &lt;math xmlns="http://www.w3.org/1998/Math/MathML" display="inline"&gt;&lt;mrow&gt;&lt;mi&gt;x&lt;/mi&gt;&lt;mo&gt;&amp;#x0003D;&lt;/mo&gt;&lt;mi&gt;b&lt;/mi&gt;&lt;/mrow&gt;&lt;/math&gt;?&lt;/p&gt;</mattext>
          </material>
          <response_lid ident="RESPONSE_work_problem_13" rcardinality="Single">
            <render_choice shuffle="Yes">
              <response_label ident="CHOICE_1">
                <material>
                  <mattext texttype="text/plain">&lt;latex&gt;(6x^4-x^3+x^2-12)(b--b)&lt;/latex&gt;</mattext>
                </material>
              </response_label>
              <response_label ident="CHOICE_2">
                <material>
                  <mattext texttype="text/plain">&lt;latex&gt;[(6)/5x^5-1/4x^4+1/3x^3-12x]_{b}^{-b}&lt;/latex&gt;</mattext>
                </material>
              </response_label>
              <response_label ident="CHOICE_3">
                <material>
                  <mattext texttype="text/plain">&lt;latex&gt;\frac{d}{dx}[(6)/5x^5-1/4x^4+1/3x^3-12x]&lt;/latex&gt;</mattext>
                </material>
              </response_label>
              <response_label ident="CHOICE_4">
                <material>
                  <mattext texttype="text/plain">&lt;latex&gt;[(6)/5x^5-1/4x^4+1/3x^3-12x]_{-b}^{b}&lt;/latex&gt;</mattext>
                </material>
              </response_label>
              <response_label ident="CHOICE_5">
                <material>
                  <mattext texttype="text/plain">&lt;latex&gt;[6x^4-x^3+x^2-12]_{-b}^{b}&lt;/latex&gt;</mattext>
                </material>
              </response_label>
            </render_choice>
          </response_lid>
        </presentation>
        <resprocessing>
          <outcomes>
            <decvar varname="SCORE" vartype="Decimal" minvalue="0" maxvalue="100"/>
          </outcomes>
          <respcondition continue="No">
            <conditionvar>
              <varequal respident="RESPONSE_work_problem_13">CHOICE_4</varequal>
            </conditionvar>
            <setvar action="Set" varname="SCORE">1</setvar>
          </respcondition>
        </resprocessing>
      </item>
      <item ident="work_problem_14" title="Work Done by a Variable Force 14">
        <itemmetadata>
          <qtimetadata>
            <qtimetadatafield>
              <fieldlabel>question_type</fieldlabel>
              <fieldentry>multiple_choice_question</fieldentry>
            </qtimetadatafield>
          </qtimetadata>
        </itemmetadata>
        <presentation>
          <material>
            <mattext texttype="text/plain">&lt;p&gt;&lt;b&gt;Situation:&lt;/b&gt;&lt;/p&gt;
&lt;p&gt;A block on a horizontal surface is pushed by a force that varies with position according to &lt;math xmlns="http://www.w3.org/1998/Math/MathML" display="inline"&gt;&lt;mrow&gt;&lt;mi&gt;F&lt;/mi&gt;&lt;mo stretchy="false"&gt;&amp;#x00028;&lt;/mo&gt;&lt;mi&gt;x&lt;/mi&gt;&lt;mo stretchy="false"&gt;&amp;#x00029;&lt;/mo&gt;&lt;mo&gt;&amp;#x0003D;&lt;/mo&gt;&lt;mo&gt;&amp;#x02212;&lt;/mo&gt;&lt;mn&gt;2&lt;/mn&gt;&lt;msup&gt;&lt;mi&gt;x&lt;/mi&gt;&lt;mn&gt;4&lt;/mn&gt;&lt;/msup&gt;&lt;mo&gt;&amp;#x0002B;&lt;/mo&gt;&lt;mn&gt;9&lt;/mn&gt;&lt;msup&gt;&lt;mi&gt;x&lt;/mi&gt;&lt;mn&gt;3&lt;/mn&gt;&lt;/msup&gt;&lt;mo&gt;&amp;#x02212;&lt;/mo&gt;&lt;mn&gt;3&lt;/mn&gt;&lt;msup&gt;&lt;mi&gt;x&lt;/mi&gt;&lt;mn&gt;2&lt;/mn&gt;&lt;/msup&gt;&lt;mo&gt;&amp;#x0002B;&lt;/mo&gt;&lt;mn&gt;7&lt;/mn&gt;&lt;/mrow&gt;&lt;/math&gt;.&lt;/p&gt;
&lt;p&gt;&lt;b&gt;Question:&lt;/b&gt;&lt;/p&gt;
&lt;p&gt;What is the work done by this force as the object moves from &lt;math xmlns="http://www.w3.org/1998/Math/MathML" display="inline"&gt;&lt;mrow&gt;&lt;mi&gt;x&lt;/mi&gt;&lt;mo&gt;&amp;#x0003D;&lt;/mo&gt;&lt;msub&gt;&lt;mi&gt;x&lt;/mi&gt;&lt;mn&gt;1&lt;/mn&gt;&lt;/msub&gt;&lt;/mrow&gt;&lt;/math&gt; to &lt;math xmlns="http://www.w3.org/1998/Math/MathML" display="inline"&gt;&lt;mrow&gt;&lt;mi&gt;x&lt;/mi&gt;&lt;mo&gt;&amp;#x0003D;&lt;/mo&gt;&lt;msub&gt;&lt;mi&gt;x&lt;/mi&gt;&lt;mn&gt;1&lt;/mn&gt;&lt;/msub&gt;&lt;mo&gt;&amp;#x0002B;&lt;/mo&gt;&lt;mi&gt;L&lt;/mi&gt;&lt;/mrow&gt;&lt;/math&gt;?&lt;/p&gt;</mattext>
          </material>
          <response_lid ident="RESPONSE_work_problem_14" rcardinality="Single">
            <render_choice shuffle="Yes">
              <response_label ident="CHOICE_1">
                <material>
                  <mattext texttype="text/plain">&lt;latex&gt;(-2x^4+9x^3-3x^2+7)(x_1+L-x_1)&lt;/latex&gt;</mattext>
                </material>
              </response_label>
              <response_label ident="CHOICE_2">
                <material>
                  <mattext texttype="text/plain">&lt;latex&gt;[(-2)/5x^5+(9)/4x^4+(-3)/3x^3++7x]_{x_1+L}^{x_1}&lt;/latex&gt;</mattext>
                </material>
              </response_label>
              <response_label ident="CHOICE_3">
                <material>
                  <mattext texttype="text/plain">&lt;latex&gt;\frac{d}{dx}[(-2)/5x^5+(9)/4x^4+(-3)/3x^3++7x]&lt;/latex&gt;</mattext>
                </material>
              </response_label>
              <response_label ident="CHOICE_4">
                <material>
                  <mattext texttype="text/plain">&lt;latex&gt;[(-2)/5x^5+(9)/4x^4+(-3)/3x^3++7x]_{x_1}^{x_1+L}&lt;/latex&gt;</mattext>
                </material>
              </response_label>
              <response_label ident="CHOICE_5">
                <material>
                  <mattext texttype="text/plain">&lt;latex&gt;[-2x^4+9x^3-3x^2+7]_{x_1}^{x_1+L}&lt;/latex&gt;</mattext>
                </material>
              </response_label>
            </render_choice>
          </response_lid>
        </presentation>
        <resprocessing>
          <outcomes>
            <decvar varname="SCORE" vartype="Decimal" minvalue="0" maxvalue="100"/>
          </outcomes>
          <respcondition continue="No">
            <conditionvar>
              <varequal respident="RESPONSE_work_problem_14">CHOICE_4</varequal>
            </conditionvar>
            <setvar action="Set" varname="SCORE">1</setvar>
          </respcondition>
        </resprocessing>
      </item>
      <item ident="work_problem_15" title="Work Done by a Variable Force 15">
        <itemmetadata>
          <qtimetadata>
            <qtimetadatafield>
              <fieldlabel>question_type</fieldlabel>
              <fieldentry>multiple_choice_question</fieldentry>
            </qtimetadatafield>
          </qtimetadata>
        </itemmetadata>
        <presentation>
          <material>
            <mattext texttype="text/plain">&lt;p&gt;&lt;b&gt;Situation:&lt;/b&gt;&lt;/p&gt;
&lt;p&gt;An external one-dimensional force acts on a body with &lt;math xmlns="http://www.w3.org/1998/Math/MathML" display="inline"&gt;&lt;mrow&gt;&lt;mi&gt;F&lt;/mi&gt;&lt;mo stretchy="false"&gt;&amp;#x00028;&lt;/mo&gt;&lt;mi&gt;x&lt;/mi&gt;&lt;mo stretchy="false"&gt;&amp;#x00029;&lt;/mo&gt;&lt;mo&gt;&amp;#x0003D;&lt;/mo&gt;&lt;mn&gt;7&lt;/mn&gt;&lt;msup&gt;&lt;mi&gt;x&lt;/mi&gt;&lt;mn&gt;4&lt;/mn&gt;&lt;/msup&gt;&lt;mo&gt;&amp;#x0002B;&lt;/mo&gt;&lt;mn&gt;0.5&lt;/mn&gt;&lt;msup&gt;&lt;mi&gt;x&lt;/mi&gt;&lt;mn&gt;3&lt;/mn&gt;&lt;/msup&gt;&lt;mo&gt;&amp;#x0002B;&lt;/mo&gt;&lt;mn&gt;2&lt;/mn&gt;&lt;msup&gt;&lt;mi&gt;x&lt;/mi&gt;&lt;mn&gt;2&lt;/mn&gt;&lt;/msup&gt;&lt;mo&gt;&amp;#x02212;&lt;/mo&gt;&lt;mn&gt;1&lt;/mn&gt;&lt;/mrow&gt;&lt;/math&gt;.&lt;/p&gt;
&lt;p&gt;&lt;b&gt;Question:&lt;/b&gt;&lt;/p&gt;
&lt;p&gt;What is the work done by this force as the object moves from &lt;math xmlns="http://www.w3.org/1998/Math/MathML" display="inline"&gt;&lt;mrow&gt;&lt;mi&gt;x&lt;/mi&gt;&lt;mo&gt;&amp;#x0003D;&lt;/mo&gt;&lt;mn&gt;0&lt;/mn&gt;&lt;/mrow&gt;&lt;/math&gt; to &lt;math xmlns="http://www.w3.org/1998/Math/MathML" display="inline"&gt;&lt;mrow&gt;&lt;mi&gt;x&lt;/mi&gt;&lt;mo&gt;&amp;#x0003D;&lt;/mo&gt;&lt;mi&gt;b&lt;/mi&gt;&lt;/mrow&gt;&lt;/math&gt;?&lt;/p&gt;</mattext>
          </material>
          <response_lid ident="RESPONSE_work_problem_15" rcardinality="Single">
            <render_choice shuffle="Yes">
              <response_label ident="CHOICE_1">
                <material>
                  <mattext texttype="text/plain">&lt;latex&gt;(7x^4+0.5x^3+2x^2-1)(b-0)&lt;/latex&gt;</mattext>
                </material>
              </response_label>
              <response_label ident="CHOICE_2">
                <material>
                  <mattext texttype="text/plain">&lt;latex&gt;[(7)/5x^5+(0.5)/4x^4+(2)/3x^3-1x]_{b}^{0}&lt;/latex&gt;</mattext>
                </material>
              </response_label>
              <response_label ident="CHOICE_3">
                <material>
                  <mattext texttype="text/plain">&lt;latex&gt;\frac{d}{dx}[(7)/5x^5+(0.5)/4x^4+(2)/3x^3-1x]&lt;/latex&gt;</mattext>
                </material>
              </response_label>
              <response_label ident="CHOICE_4">
                <material>
                  <mattext texttype="text/plain">&lt;latex&gt;[(7)/5x^5+(0.5)/4x^4+(2)/3x^3-1x]_{0}^{b}&lt;/latex&gt;</mattext>
                </material>
              </response_label>
              <response_label ident="CHOICE_5">
                <material>
                  <mattext texttype="text/plain">&lt;latex&gt;[7x^4+0.5x^3+2x^2-1]_{0}^{b}&lt;/latex&gt;</mattext>
                </material>
              </response_label>
            </render_choice>
          </response_lid>
        </presentation>
        <resprocessing>
          <outcomes>
            <decvar varname="SCORE" vartype="Decimal" minvalue="0" maxvalue="100"/>
          </outcomes>
          <respcondition continue="No">
            <conditionvar>
              <varequal respident="RESPONSE_work_problem_15">CHOICE_4</varequal>
            </conditionvar>
            <setvar action="Set" varname="SCORE">1</setvar>
          </respcondition>
        </resprocessing>
      </item>
      <item ident="work_problem_16" title="Work Done by a Variable Force 16">
        <itemmetadata>
          <qtimetadata>
            <qtimetadatafield>
              <fieldlabel>question_type</fieldlabel>
              <fieldentry>multiple_choice_question</fieldentry>
            </qtimetadatafield>
          </qtimetadata>
        </itemmetadata>
        <presentation>
          <material>
            <mattext texttype="text/plain">&lt;p&gt;&lt;b&gt;Situation:&lt;/b&gt;&lt;/p&gt;
&lt;p&gt;An object moves along the x-axis under the influence of a single force given by the expression &lt;math xmlns="http://www.w3.org/1998/Math/MathML" display="inline"&gt;&lt;mrow&gt;&lt;mi&gt;F&lt;/mi&gt;&lt;mo stretchy="false"&gt;&amp;#x00028;&lt;/mo&gt;&lt;mi&gt;x&lt;/mi&gt;&lt;mo stretchy="false"&gt;&amp;#x00029;&lt;/mo&gt;&lt;mo&gt;&amp;#x0003D;&lt;/mo&gt;&lt;mo&gt;&amp;#x02212;&lt;/mo&gt;&lt;mn&gt;5&lt;/mn&gt;&lt;msup&gt;&lt;mi&gt;x&lt;/mi&gt;&lt;mn&gt;4&lt;/mn&gt;&lt;/msup&gt;&lt;mo&gt;&amp;#x0002B;&lt;/mo&gt;&lt;mn&gt;2&lt;/mn&gt;&lt;msup&gt;&lt;mi&gt;x&lt;/mi&gt;&lt;mn&gt;3&lt;/mn&gt;&lt;/msup&gt;&lt;mo&gt;&amp;#x0002B;&lt;/mo&gt;&lt;mn&gt;4&lt;/mn&gt;&lt;msup&gt;&lt;mi&gt;x&lt;/mi&gt;&lt;mn&gt;2&lt;/mn&gt;&lt;/msup&gt;&lt;mo&gt;&amp;#x0002B;&lt;/mo&gt;&lt;mn&gt;9&lt;/mn&gt;&lt;/mrow&gt;&lt;/math&gt;.&lt;/p&gt;
&lt;p&gt;&lt;b&gt;Question:&lt;/b&gt;&lt;/p&gt;
&lt;p&gt;What is the work done by this force as the object moves from &lt;math xmlns="http://www.w3.org/1998/Math/MathML" display="inline"&gt;&lt;mrow&gt;&lt;mi&gt;x&lt;/mi&gt;&lt;mo&gt;&amp;#x0003D;&lt;/mo&gt;&lt;mi&gt;a&lt;/mi&gt;&lt;mo&gt;&amp;#x02212;&lt;/mo&gt;&lt;mi&gt;b&lt;/mi&gt;&lt;/mrow&gt;&lt;/math&gt; to &lt;math xmlns="http://www.w3.org/1998/Math/MathML" display="inline"&gt;&lt;mrow&gt;&lt;mi&gt;x&lt;/mi&gt;&lt;mo&gt;&amp;#x0003D;&lt;/mo&gt;&lt;mi&gt;a&lt;/mi&gt;&lt;mo&gt;&amp;#x0002B;&lt;/mo&gt;&lt;mi&gt;b&lt;/mi&gt;&lt;/mrow&gt;&lt;/math&gt;?&lt;/p&gt;</mattext>
          </material>
          <response_lid ident="RESPONSE_work_problem_16" rcardinality="Single">
            <render_choice shuffle="Yes">
              <response_label ident="CHOICE_1">
                <material>
                  <mattext texttype="text/plain">&lt;latex&gt;(-5x^4+2x^3+4x^2+9)(a+b-a-b)&lt;/latex&gt;</mattext>
                </material>
              </response_label>
              <response_label ident="CHOICE_2">
                <material>
                  <mattext texttype="text/plain">&lt;latex&gt;[(-5)/5x^5+(2)/4x^4+(4)/3x^3++9x]_{a+b}^{a-b}&lt;/latex&gt;</mattext>
                </material>
              </response_label>
              <response_label ident="CHOICE_3">
                <material>
                  <mattext texttype="text/plain">&lt;latex&gt;\frac{d}{dx}[(-5)/5x^5+(2)/4x^4+(4)/3x^3++9x]&lt;/latex&gt;</mattext>
                </material>
              </response_label>
              <response_label ident="CHOICE_4">
                <material>
                  <mattext texttype="text/plain">&lt;latex&gt;[(-5)/5x^5+(2)/4x^4+(4)/3x^3++9x]_{a-b}^{a+b}&lt;/latex&gt;</mattext>
                </material>
              </response_label>
              <response_label ident="CHOICE_5">
                <material>
                  <mattext texttype="text/plain">&lt;latex&gt;[-5x^4+2x^3+4x^2+9]_{a-b}^{a+b}&lt;/latex&gt;</mattext>
                </material>
              </response_label>
            </render_choice>
          </response_lid>
        </presentation>
        <resprocessing>
          <outcomes>
            <decvar varname="SCORE" vartype="Decimal" minvalue="0" maxvalue="100"/>
          </outcomes>
          <respcondition continue="No">
            <conditionvar>
              <varequal respident="RESPONSE_work_problem_16">CHOICE_4</varequal>
            </conditionvar>
            <setvar action="Set" varname="SCORE">1</setvar>
          </respcondition>
        </resprocessing>
      </item>
      <item ident="work_problem_17" title="Work Done by a Variable Force 17">
        <itemmetadata>
          <qtimetadata>
            <qtimetadatafield>
              <fieldlabel>question_type</fieldlabel>
              <fieldentry>multiple_choice_question</fieldentry>
            </qtimetadatafield>
          </qtimetadata>
        </itemmetadata>
        <presentation>
          <material>
            <mattext texttype="text/plain">&lt;p&gt;&lt;b&gt;Situation:&lt;/b&gt;&lt;/p&gt;
&lt;p&gt;A particle travels along the x-axis while being acted upon by a net force described by the function &lt;math xmlns="http://www.w3.org/1998/Math/MathML" display="inline"&gt;&lt;mrow&gt;&lt;mi&gt;F&lt;/mi&gt;&lt;mo stretchy="false"&gt;&amp;#x00028;&lt;/mo&gt;&lt;mi&gt;x&lt;/mi&gt;&lt;mo stretchy="false"&gt;&amp;#x00029;&lt;/mo&gt;&lt;mo&gt;&amp;#x0003D;&lt;/mo&gt;&lt;mn&gt;4&lt;/mn&gt;&lt;msup&gt;&lt;mi&gt;x&lt;/mi&gt;&lt;mn&gt;4&lt;/mn&gt;&lt;/msup&gt;&lt;mo&gt;&amp;#x0002B;&lt;/mo&gt;&lt;mn&gt;4&lt;/mn&gt;&lt;msup&gt;&lt;mi&gt;x&lt;/mi&gt;&lt;mn&gt;3&lt;/mn&gt;&lt;/msup&gt;&lt;mo&gt;&amp;#x0002B;&lt;/mo&gt;&lt;mn&gt;4&lt;/mn&gt;&lt;msup&gt;&lt;mi&gt;x&lt;/mi&gt;&lt;mn&gt;2&lt;/mn&gt;&lt;/msup&gt;&lt;mo&gt;&amp;#x0002B;&lt;/mo&gt;&lt;mn&gt;4&lt;/mn&gt;&lt;/mrow&gt;&lt;/math&gt;.&lt;/p&gt;
&lt;p&gt;&lt;b&gt;Question:&lt;/b&gt;&lt;/p&gt;
&lt;p&gt;What is the work done by this force as the object moves from &lt;math xmlns="http://www.w3.org/1998/Math/MathML" display="inline"&gt;&lt;mrow&gt;&lt;mi&gt;x&lt;/mi&gt;&lt;mo&gt;&amp;#x0003D;&lt;/mo&gt;&lt;msub&gt;&lt;mi&gt;x&lt;/mi&gt;&lt;mi&gt;i&lt;/mi&gt;&lt;/msub&gt;&lt;/mrow&gt;&lt;/math&gt; to &lt;math xmlns="http://www.w3.org/1998/Math/MathML" display="inline"&gt;&lt;mrow&gt;&lt;mi&gt;x&lt;/mi&gt;&lt;mo&gt;&amp;#x0003D;&lt;/mo&gt;&lt;msub&gt;&lt;mi&gt;x&lt;/mi&gt;&lt;mi&gt;i&lt;/mi&gt;&lt;/msub&gt;&lt;mo&gt;&amp;#x0002B;&lt;/mo&gt;&lt;mi&gt;h&lt;/mi&gt;&lt;/mrow&gt;&lt;/math&gt;?&lt;/p&gt;</mattext>
          </material>
          <response_lid ident="RESPONSE_work_problem_17" rcardinality="Single">
            <render_choice shuffle="Yes">
              <response_label ident="CHOICE_1">
                <material>
                  <mattext texttype="text/plain">&lt;latex&gt;(4x^4+4x^3+4x^2+4)(x_i+h-x_i)&lt;/latex&gt;</mattext>
                </material>
              </response_label>
              <response_label ident="CHOICE_2">
                <material>
                  <mattext texttype="text/plain">&lt;latex&gt;[(4)/5x^5+(4)/4x^4+(4)/3x^3++4x]_{x_i+h}^{x_i}&lt;/latex&gt;</mattext>
                </material>
              </response_label>
              <response_label ident="CHOICE_3">
                <material>
                  <mattext texttype="text/plain">&lt;latex&gt;\frac{d}{dx}[(4)/5x^5+(4)/4x^4+(4)/3x^3++4x]&lt;/latex&gt;</mattext>
                </material>
              </response_label>
              <response_label ident="CHOICE_4">
                <material>
                  <mattext texttype="text/plain">&lt;latex&gt;[(4)/5x^5+(4)/4x^4+(4)/3x^3++4x]_{x_i}^{x_i+h}&lt;/latex&gt;</mattext>
                </material>
              </response_label>
              <response_label ident="CHOICE_5">
                <material>
                  <mattext texttype="text/plain">&lt;latex&gt;[4x^4+4x^3+4x^2+4]_{x_i}^{x_i+h}&lt;/latex&gt;</mattext>
                </material>
              </response_label>
            </render_choice>
          </response_lid>
        </presentation>
        <resprocessing>
          <outcomes>
            <decvar varname="SCORE" vartype="Decimal" minvalue="0" maxvalue="100"/>
          </outcomes>
          <respcondition continue="No">
            <conditionvar>
              <varequal respident="RESPONSE_work_problem_17">CHOICE_4</varequal>
            </conditionvar>
            <setvar action="Set" varname="SCORE">1</setvar>
          </respcondition>
        </resprocessing>
      </item>
      <item ident="work_problem_18" title="Work Done by a Variable Force 18">
        <itemmetadata>
          <qtimetadata>
            <qtimetadatafield>
              <fieldlabel>question_type</fieldlabel>
              <fieldentry>multiple_choice_question</fieldentry>
            </qtimetadatafield>
          </qtimetadata>
        </itemmetadata>
        <presentation>
          <material>
            <mattext texttype="text/plain">&lt;p&gt;&lt;b&gt;Situation:&lt;/b&gt;&lt;/p&gt;
&lt;p&gt;Consider an object displaced along the x-axis by a variable force given by &lt;math xmlns="http://www.w3.org/1998/Math/MathML" display="inline"&gt;&lt;mrow&gt;&lt;mi&gt;F&lt;/mi&gt;&lt;mo stretchy="false"&gt;&amp;#x00028;&lt;/mo&gt;&lt;mi&gt;x&lt;/mi&gt;&lt;mo stretchy="false"&gt;&amp;#x00029;&lt;/mo&gt;&lt;mo&gt;&amp;#x0003D;&lt;/mo&gt;&lt;mo&gt;&amp;#x02212;&lt;/mo&gt;&lt;mn&gt;0.5&lt;/mn&gt;&lt;msup&gt;&lt;mi&gt;x&lt;/mi&gt;&lt;mn&gt;4&lt;/mn&gt;&lt;/msup&gt;&lt;mo&gt;&amp;#x0002B;&lt;/mo&gt;&lt;mn&gt;3&lt;/mn&gt;&lt;msup&gt;&lt;mi&gt;x&lt;/mi&gt;&lt;mn&gt;3&lt;/mn&gt;&lt;/msup&gt;&lt;mo&gt;&amp;#x02212;&lt;/mo&gt;&lt;mn&gt;2&lt;/mn&gt;&lt;msup&gt;&lt;mi&gt;x&lt;/mi&gt;&lt;mn&gt;2&lt;/mn&gt;&lt;/msup&gt;&lt;mo&gt;&amp;#x0002B;&lt;/mo&gt;&lt;mn&gt;5&lt;/mn&gt;&lt;/mrow&gt;&lt;/math&gt;.&lt;/p&gt;
&lt;p&gt;&lt;b&gt;Question:&lt;/b&gt;&lt;/p&gt;
&lt;p&gt;What is the work done by this force as the object moves from &lt;math xmlns="http://www.w3.org/1998/Math/MathML" display="inline"&gt;&lt;mrow&gt;&lt;mi&gt;x&lt;/mi&gt;&lt;mo&gt;&amp;#x0003D;&lt;/mo&gt;&lt;msub&gt;&lt;mi&gt;x&lt;/mi&gt;&lt;mi&gt;A&lt;/mi&gt;&lt;/msub&gt;&lt;/mrow&gt;&lt;/math&gt; to &lt;math xmlns="http://www.w3.org/1998/Math/MathML" display="inline"&gt;&lt;mrow&gt;&lt;mi&gt;x&lt;/mi&gt;&lt;mo&gt;&amp;#x0003D;&lt;/mo&gt;&lt;msub&gt;&lt;mi&gt;x&lt;/mi&gt;&lt;mi&gt;A&lt;/mi&gt;&lt;/msub&gt;&lt;mo&gt;&amp;#x0002B;&lt;/mo&gt;&lt;mn&gt;2&lt;/mn&gt;&lt;mi&gt;d&lt;/mi&gt;&lt;/mrow&gt;&lt;/math&gt;?&lt;/p&gt;</mattext>
          </material>
          <response_lid ident="RESPONSE_work_problem_18" rcardinality="Single">
            <render_choice shuffle="Yes">
              <response_label ident="CHOICE_1">
                <material>
                  <mattext texttype="text/plain">&lt;latex&gt;(-0.5x^4+3x^3-2x^2+5)(x_A+2d-x_A)&lt;/latex&gt;</mattext>
                </material>
              </response_label>
              <response_label ident="CHOICE_2">
                <material>
                  <mattext texttype="text/plain">&lt;latex&gt;[(-0.5)/5x^5+(3)/4x^4+(-2)/3x^3++5x]_{x_A+2d}^{x_A}&lt;/latex&gt;</mattext>
                </material>
              </response_label>
              <response_label ident="CHOICE_3">
                <material>
                  <mattext texttype="text/plain">&lt;latex&gt;\frac{d}{dx}[(-0.5)/5x^5+(3)/4x^4+(-2)/3x^3++5x]&lt;/latex&gt;</mattext>
                </material>
              </response_label>
              <response_label ident="CHOICE_4">
                <material>
                  <mattext texttype="text/plain">&lt;latex&gt;[(-0.5)/5x^5+(3)/4x^4+(-2)/3x^3++5x]_{x_A}^{x_A+2d}&lt;/latex&gt;</mattext>
                </material>
              </response_label>
              <response_label ident="CHOICE_5">
                <material>
                  <mattext texttype="text/plain">&lt;latex&gt;[-0.5x^4+3x^3-2x^2+5]_{x_A}^{x_A+2d}&lt;/latex&gt;</mattext>
                </material>
              </response_label>
            </render_choice>
          </response_lid>
        </presentation>
        <resprocessing>
          <outcomes>
            <decvar varname="SCORE" vartype="Decimal" minvalue="0" maxvalue="100"/>
          </outcomes>
          <respcondition continue="No">
            <conditionvar>
              <varequal respident="RESPONSE_work_problem_18">CHOICE_4</varequal>
            </conditionvar>
            <setvar action="Set" varname="SCORE">1</setvar>
          </respcondition>
        </resprocessing>
      </item>
      <item ident="work_problem_19" title="Work Done by a Variable Force 19">
        <itemmetadata>
          <qtimetadata>
            <qtimetadatafield>
              <fieldlabel>question_type</fieldlabel>
              <fieldentry>multiple_choice_question</fieldentry>
            </qtimetadatafield>
          </qtimetadata>
        </itemmetadata>
        <presentation>
          <material>
            <mattext texttype="text/plain">&lt;p&gt;&lt;b&gt;Situation:&lt;/b&gt;&lt;/p&gt;
&lt;p&gt;A block on a horizontal surface is pushed by a force that varies with position according to &lt;math xmlns="http://www.w3.org/1998/Math/MathML" display="inline"&gt;&lt;mrow&gt;&lt;mi&gt;F&lt;/mi&gt;&lt;mo stretchy="false"&gt;&amp;#x00028;&lt;/mo&gt;&lt;mi&gt;x&lt;/mi&gt;&lt;mo stretchy="false"&gt;&amp;#x00029;&lt;/mo&gt;&lt;mo&gt;&amp;#x0003D;&lt;/mo&gt;&lt;msup&gt;&lt;mi&gt;x&lt;/mi&gt;&lt;mn&gt;4&lt;/mn&gt;&lt;/msup&gt;&lt;mo&gt;&amp;#x0002B;&lt;/mo&gt;&lt;msup&gt;&lt;mi&gt;x&lt;/mi&gt;&lt;mn&gt;3&lt;/mn&gt;&lt;/msup&gt;&lt;mo&gt;&amp;#x0002B;&lt;/mo&gt;&lt;msup&gt;&lt;mi&gt;x&lt;/mi&gt;&lt;mn&gt;2&lt;/mn&gt;&lt;/msup&gt;&lt;mo&gt;&amp;#x0002B;&lt;/mo&gt;&lt;mn&gt;1&lt;/mn&gt;&lt;/mrow&gt;&lt;/math&gt;.&lt;/p&gt;
&lt;p&gt;&lt;b&gt;Question:&lt;/b&gt;&lt;/p&gt;
&lt;p&gt;What is the work done by this force as the object moves from &lt;math xmlns="http://www.w3.org/1998/Math/MathML" display="inline"&gt;&lt;mrow&gt;&lt;mi&gt;x&lt;/mi&gt;&lt;mo&gt;&amp;#x0003D;&lt;/mo&gt;&lt;mn&gt;1&lt;/mn&gt;&lt;/mrow&gt;&lt;/math&gt; to &lt;math xmlns="http://www.w3.org/1998/Math/MathML" display="inline"&gt;&lt;mrow&gt;&lt;mi&gt;x&lt;/mi&gt;&lt;mo&gt;&amp;#x0003D;&lt;/mo&gt;&lt;mi&gt;n&lt;/mi&gt;&lt;/mrow&gt;&lt;/math&gt;?&lt;/p&gt;</mattext>
          </material>
          <response_lid ident="RESPONSE_work_problem_19" rcardinality="Single">
            <render_choice shuffle="Yes">
              <response_label ident="CHOICE_1">
                <material>
                  <mattext texttype="text/plain">&lt;latex&gt;(x^4+x^3+x^2+1)(n-1)&lt;/latex&gt;</mattext>
                </material>
              </response_label>
              <response_label ident="CHOICE_2">
                <material>
                  <mattext texttype="text/plain">&lt;latex&gt;[1/5x^5+1/4x^4+1/3x^3++1x]_{n}^{1}&lt;/latex&gt;</mattext>
                </material>
              </response_label>
              <response_label ident="CHOICE_3">
                <material>
                  <mattext texttype="text/plain">&lt;latex&gt;\frac{d}{dx}[1/5x^5+1/4x^4+1/3x^3++1x]&lt;/latex&gt;</mattext>
                </material>
              </response_label>
              <response_label ident="CHOICE_4">
                <material>
                  <mattext texttype="text/plain">&lt;latex&gt;[1/5x^5+1/4x^4+1/3x^3++1x]_{1}^{n}&lt;/latex&gt;</mattext>
                </material>
              </response_label>
              <response_label ident="CHOICE_5">
                <material>
                  <mattext texttype="text/plain">&lt;latex&gt;[x^4+x^3+x^2+1]_{1}^{n}&lt;/latex&gt;</mattext>
                </material>
              </response_label>
            </render_choice>
          </response_lid>
        </presentation>
        <resprocessing>
          <outcomes>
            <decvar varname="SCORE" vartype="Decimal" minvalue="0" maxvalue="100"/>
          </outcomes>
          <respcondition continue="No">
            <conditionvar>
              <varequal respident="RESPONSE_work_problem_19">CHOICE_4</varequal>
            </conditionvar>
            <setvar action="Set" varname="SCORE">1</setvar>
          </respcondition>
        </resprocessing>
      </item>
      <item ident="work_problem_20" title="Work Done by a Variable Force 20">
        <itemmetadata>
          <qtimetadata>
            <qtimetadatafield>
              <fieldlabel>question_type</fieldlabel>
              <fieldentry>multiple_choice_question</fieldentry>
            </qtimetadatafield>
          </qtimetadata>
        </itemmetadata>
        <presentation>
          <material>
            <mattext texttype="text/plain">&lt;p&gt;&lt;b&gt;Situation:&lt;/b&gt;&lt;/p&gt;
&lt;p&gt;An external one-dimensional force acts on a body with &lt;math xmlns="http://www.w3.org/1998/Math/MathML" display="inline"&gt;&lt;mrow&gt;&lt;mi&gt;F&lt;/mi&gt;&lt;mo stretchy="false"&gt;&amp;#x00028;&lt;/mo&gt;&lt;mi&gt;x&lt;/mi&gt;&lt;mo stretchy="false"&gt;&amp;#x00029;&lt;/mo&gt;&lt;mo&gt;&amp;#x0003D;&lt;/mo&gt;&lt;mo&gt;&amp;#x02212;&lt;/mo&gt;&lt;msup&gt;&lt;mi&gt;x&lt;/mi&gt;&lt;mn&gt;4&lt;/mn&gt;&lt;/msup&gt;&lt;mo&gt;&amp;#x02212;&lt;/mo&gt;&lt;msup&gt;&lt;mi&gt;x&lt;/mi&gt;&lt;mn&gt;3&lt;/mn&gt;&lt;/msup&gt;&lt;mo&gt;&amp;#x02212;&lt;/mo&gt;&lt;msup&gt;&lt;mi&gt;x&lt;/mi&gt;&lt;mn&gt;2&lt;/mn&gt;&lt;/msup&gt;&lt;mo&gt;&amp;#x02212;&lt;/mo&gt;&lt;mn&gt;1&lt;/mn&gt;&lt;/mrow&gt;&lt;/math&gt;.&lt;/p&gt;
&lt;p&gt;&lt;b&gt;Question:&lt;/b&gt;&lt;/p&gt;
&lt;p&gt;What is the work done by this force as the object moves from &lt;math xmlns="http://www.w3.org/1998/Math/MathML" display="inline"&gt;&lt;mrow&gt;&lt;mi&gt;x&lt;/mi&gt;&lt;mo&gt;&amp;#x0003D;&lt;/mo&gt;&lt;mi&gt;b&lt;/mi&gt;&lt;/mrow&gt;&lt;/math&gt; to &lt;math xmlns="http://www.w3.org/1998/Math/MathML" display="inline"&gt;&lt;mrow&gt;&lt;mi&gt;x&lt;/mi&gt;&lt;mo&gt;&amp;#x0003D;&lt;/mo&gt;&lt;mi&gt;a&lt;/mi&gt;&lt;/mrow&gt;&lt;/math&gt;?&lt;/p&gt;</mattext>
          </material>
          <response_lid ident="RESPONSE_work_problem_20" rcardinality="Single">
            <render_choice shuffle="Yes">
              <response_label ident="CHOICE_1">
                <material>
                  <mattext texttype="text/plain">&lt;latex&gt;(-x^4-x^3-x^2-1)(a-b)&lt;/latex&gt;</mattext>
                </material>
              </response_label>
              <response_label ident="CHOICE_2">
                <material>
                  <mattext texttype="text/plain">&lt;latex&gt;[-1/5x^5-1/4x^4-1/3x^3-1x]_{a}^{b}&lt;/latex&gt;</mattext>
                </material>
              </response_label>
              <response_label ident="CHOICE_3">
                <material>
                  <mattext texttype="text/plain">&lt;latex&gt;\frac{d}{dx}[-1/5x^5-1/4x^4-1/3x^3-1x]&lt;/latex&gt;</mattext>
                </material>
              </response_label>
              <response_label ident="CHOICE_4">
                <material>
                  <mattext texttype="text/plain">&lt;latex&gt;[-1/5x^5-1/4x^4-1/3x^3-1x]_{b}^{a}&lt;/latex&gt;</mattext>
                </material>
              </response_label>
              <response_label ident="CHOICE_5">
                <material>
                  <mattext texttype="text/plain">&lt;latex&gt;[-x^4-x^3-x^2-1]_{b}^{a}&lt;/latex&gt;</mattext>
                </material>
              </response_label>
            </render_choice>
          </response_lid>
        </presentation>
        <resprocessing>
          <outcomes>
            <decvar varname="SCORE" vartype="Decimal" minvalue="0" maxvalue="100"/>
          </outcomes>
          <respcondition continue="No">
            <conditionvar>
              <varequal respident="RESPONSE_work_problem_20">CHOICE_4</varequal>
            </conditionvar>
            <setvar action="Set" varname="SCORE">1</setvar>
          </respcondition>
        </resprocessing>
      </item>
      <item ident="work_problem_21" title="Work Done by a Variable Force 21">
        <itemmetadata>
          <qtimetadata>
            <qtimetadatafield>
              <fieldlabel>question_type</fieldlabel>
              <fieldentry>multiple_choice_question</fieldentry>
            </qtimetadatafield>
          </qtimetadata>
        </itemmetadata>
        <presentation>
          <material>
            <mattext texttype="text/plain">&lt;p&gt;&lt;b&gt;Situation:&lt;/b&gt;&lt;/p&gt;
&lt;p&gt;An object moves along the x-axis under the influence of a single force given by the expression &lt;math xmlns="http://www.w3.org/1998/Math/MathML" display="inline"&gt;&lt;mrow&gt;&lt;mi&gt;F&lt;/mi&gt;&lt;mo stretchy="false"&gt;&amp;#x00028;&lt;/mo&gt;&lt;mi&gt;x&lt;/mi&gt;&lt;mo stretchy="false"&gt;&amp;#x00029;&lt;/mo&gt;&lt;mo&gt;&amp;#x0003D;&lt;/mo&gt;&lt;mn&gt;12&lt;/mn&gt;&lt;msup&gt;&lt;mi&gt;x&lt;/mi&gt;&lt;mn&gt;4&lt;/mn&gt;&lt;/msup&gt;&lt;mo&gt;&amp;#x02212;&lt;/mo&gt;&lt;mn&gt;3&lt;/mn&gt;&lt;msup&gt;&lt;mi&gt;x&lt;/mi&gt;&lt;mn&gt;3&lt;/mn&gt;&lt;/msup&gt;&lt;mo&gt;&amp;#x0002B;&lt;/mo&gt;&lt;mn&gt;0.5&lt;/mn&gt;&lt;msup&gt;&lt;mi&gt;x&lt;/mi&gt;&lt;mn&gt;2&lt;/mn&gt;&lt;/msup&gt;&lt;mo&gt;&amp;#x0002B;&lt;/mo&gt;&lt;mn&gt;6&lt;/mn&gt;&lt;/mrow&gt;&lt;/math&gt;.&lt;/p&gt;
&lt;p&gt;&lt;b&gt;Question:&lt;/b&gt;&lt;/p&gt;
&lt;p&gt;What is the work done by this force as the object moves from &lt;math xmlns="http://www.w3.org/1998/Math/MathML" display="inline"&gt;&lt;mrow&gt;&lt;mi&gt;x&lt;/mi&gt;&lt;mo&gt;&amp;#x0003D;&lt;/mo&gt;&lt;mo&gt;&amp;#x02212;&lt;/mo&gt;&lt;mn&gt;2&lt;/mn&gt;&lt;mi&gt;L&lt;/mi&gt;&lt;/mrow&gt;&lt;/math&gt; to &lt;math xmlns="http://www.w3.org/1998/Math/MathML" display="inline"&gt;&lt;mrow&gt;&lt;mi&gt;x&lt;/mi&gt;&lt;mo&gt;&amp;#x0003D;&lt;/mo&gt;&lt;mi&gt;L&lt;/mi&gt;&lt;/mrow&gt;&lt;/math&gt;?&lt;/p&gt;</mattext>
          </material>
          <response_lid ident="RESPONSE_work_problem_21" rcardinality="Single">
            <render_choice shuffle="Yes">
              <response_label ident="CHOICE_1">
                <material>
                  <mattext texttype="text/plain">&lt;latex&gt;(12x^4-3x^3+0.5x^2+6)(L--2L)&lt;/latex&gt;</mattext>
                </material>
              </response_label>
              <response_label ident="CHOICE_2">
                <material>
                  <mattext texttype="text/plain">&lt;latex&gt;[(12)/5x^5+(-3)/4x^4+(0.5)/3x^3++6x]_{L}^{-2L}&lt;/latex&gt;</mattext>
                </material>
              </response_label>
              <response_label ident="CHOICE_3">
                <material>
                  <mattext texttype="text/plain">&lt;latex&gt;\frac{d}{dx}[(12)/5x^5+(-3)/4x^4+(0.5)/3x^3++6x]&lt;/latex&gt;</mattext>
                </material>
              </response_label>
              <response_label ident="CHOICE_4">
                <material>
                  <mattext texttype="text/plain">&lt;latex&gt;[(12)/5x^5+(-3)/4x^4+(0.5)/3x^3++6x]_{-2L}^{L}&lt;/latex&gt;</mattext>
                </material>
              </response_label>
              <response_label ident="CHOICE_5">
                <material>
                  <mattext texttype="text/plain">&lt;latex&gt;[12x^4-3x^3+0.5x^2+6]_{-2L}^{L}&lt;/latex&gt;</mattext>
                </material>
              </response_label>
            </render_choice>
          </response_lid>
        </presentation>
        <resprocessing>
          <outcomes>
            <decvar varname="SCORE" vartype="Decimal" minvalue="0" maxvalue="100"/>
          </outcomes>
          <respcondition continue="No">
            <conditionvar>
              <varequal respident="RESPONSE_work_problem_21">CHOICE_4</varequal>
            </conditionvar>
            <setvar action="Set" varname="SCORE">1</setvar>
          </respcondition>
        </resprocessing>
      </item>
      <item ident="work_problem_22" title="Work Done by a Variable Force 22">
        <itemmetadata>
          <qtimetadata>
            <qtimetadatafield>
              <fieldlabel>question_type</fieldlabel>
              <fieldentry>multiple_choice_question</fieldentry>
            </qtimetadatafield>
          </qtimetadata>
        </itemmetadata>
        <presentation>
          <material>
            <mattext texttype="text/plain">&lt;p&gt;&lt;b&gt;Situation:&lt;/b&gt;&lt;/p&gt;
&lt;p&gt;A particle travels along the x-axis while being acted upon by a net force described by the function &lt;math xmlns="http://www.w3.org/1998/Math/MathML" display="inline"&gt;&lt;mrow&gt;&lt;mi&gt;F&lt;/mi&gt;&lt;mo stretchy="false"&gt;&amp;#x00028;&lt;/mo&gt;&lt;mi&gt;x&lt;/mi&gt;&lt;mo stretchy="false"&gt;&amp;#x00029;&lt;/mo&gt;&lt;mo&gt;&amp;#x0003D;&lt;/mo&gt;&lt;mo&gt;&amp;#x02212;&lt;/mo&gt;&lt;mn&gt;7&lt;/mn&gt;&lt;msup&gt;&lt;mi&gt;x&lt;/mi&gt;&lt;mn&gt;4&lt;/mn&gt;&lt;/msup&gt;&lt;mo&gt;&amp;#x0002B;&lt;/mo&gt;&lt;mn&gt;2&lt;/mn&gt;&lt;msup&gt;&lt;mi&gt;x&lt;/mi&gt;&lt;mn&gt;3&lt;/mn&gt;&lt;/msup&gt;&lt;mo&gt;&amp;#x0002B;&lt;/mo&gt;&lt;mn&gt;3&lt;/mn&gt;&lt;msup&gt;&lt;mi&gt;x&lt;/mi&gt;&lt;mn&gt;2&lt;/mn&gt;&lt;/msup&gt;&lt;mo&gt;&amp;#x02212;&lt;/mo&gt;&lt;mn&gt;4&lt;/mn&gt;&lt;/mrow&gt;&lt;/math&gt;.&lt;/p&gt;
&lt;p&gt;&lt;b&gt;Question:&lt;/b&gt;&lt;/p&gt;
&lt;p&gt;What is the work done by this force as the object moves from &lt;math xmlns="http://www.w3.org/1998/Math/MathML" display="inline"&gt;&lt;mrow&gt;&lt;mi&gt;x&lt;/mi&gt;&lt;mo&gt;&amp;#x0003D;&lt;/mo&gt;&lt;msub&gt;&lt;mi&gt;x&lt;/mi&gt;&lt;mn&gt;0&lt;/mn&gt;&lt;/msub&gt;&lt;/mrow&gt;&lt;/math&gt; to &lt;math xmlns="http://www.w3.org/1998/Math/MathML" display="inline"&gt;&lt;mrow&gt;&lt;mi&gt;x&lt;/mi&gt;&lt;mo&gt;&amp;#x0003D;&lt;/mo&gt;&lt;msub&gt;&lt;mi&gt;x&lt;/mi&gt;&lt;mn&gt;0&lt;/mn&gt;&lt;/msub&gt;&lt;mo&gt;&amp;#x0002B;&lt;/mo&gt;&lt;mn&gt;3&lt;/mn&gt;&lt;mi&gt;h&lt;/mi&gt;&lt;/mrow&gt;&lt;/math&gt;?&lt;/p&gt;</mattext>
          </material>
          <response_lid ident="RESPONSE_work_problem_22" rcardinality="Single">
            <render_choice shuffle="Yes">
              <response_label ident="CHOICE_1">
                <material>
                  <mattext texttype="text/plain">&lt;latex&gt;(-7x^4+2x^3+3x^2-4)(x_0+3h-x_0)&lt;/latex&gt;</mattext>
                </material>
              </response_label>
              <response_label ident="CHOICE_2">
                <material>
                  <mattext texttype="text/plain">&lt;latex&gt;[(-7)/5x^5+(2)/4x^4+(3)/3x^3-4x]_{x_0+3h}^{x_0}&lt;/latex&gt;</mattext>
                </material>
              </response_label>
              <response_label ident="CHOICE_3">
                <material>
                  <mattext texttype="text/plain">&lt;latex&gt;\frac{d}{dx}[(-7)/5x^5+(2)/4x^4+(3)/3x^3-4x]&lt;/latex&gt;</mattext>
                </material>
              </response_label>
              <response_label ident="CHOICE_4">
                <material>
                  <mattext texttype="text/plain">&lt;latex&gt;[(-7)/5x^5+(2)/4x^4+(3)/3x^3-4x]_{x_0}^{x_0+3h}&lt;/latex&gt;</mattext>
                </material>
              </response_label>
              <response_label ident="CHOICE_5">
                <material>
                  <mattext texttype="text/plain">&lt;latex&gt;[-7x^4+2x^3+3x^2-4]_{x_0}^{x_0+3h}&lt;/latex&gt;</mattext>
                </material>
              </response_label>
            </render_choice>
          </response_lid>
        </presentation>
        <resprocessing>
          <outcomes>
            <decvar varname="SCORE" vartype="Decimal" minvalue="0" maxvalue="100"/>
          </outcomes>
          <respcondition continue="No">
            <conditionvar>
              <varequal respident="RESPONSE_work_problem_22">CHOICE_4</varequal>
            </conditionvar>
            <setvar action="Set" varname="SCORE">1</setvar>
          </respcondition>
        </resprocessing>
      </item>
      <item ident="work_problem_23" title="Work Done by a Variable Force 23">
        <itemmetadata>
          <qtimetadata>
            <qtimetadatafield>
              <fieldlabel>question_type</fieldlabel>
              <fieldentry>multiple_choice_question</fieldentry>
            </qtimetadatafield>
          </qtimetadata>
        </itemmetadata>
        <presentation>
          <material>
            <mattext texttype="text/plain">&lt;p&gt;&lt;b&gt;Situation:&lt;/b&gt;&lt;/p&gt;
&lt;p&gt;Consider an object displaced along the x-axis by a variable force given by &lt;math xmlns="http://www.w3.org/1998/Math/MathML" display="inline"&gt;&lt;mrow&gt;&lt;mi&gt;F&lt;/mi&gt;&lt;mo stretchy="false"&gt;&amp;#x00028;&lt;/mo&gt;&lt;mi&gt;x&lt;/mi&gt;&lt;mo stretchy="false"&gt;&amp;#x00029;&lt;/mo&gt;&lt;mo&gt;&amp;#x0003D;&lt;/mo&gt;&lt;mn&gt;0.8&lt;/mn&gt;&lt;msup&gt;&lt;mi&gt;x&lt;/mi&gt;&lt;mn&gt;4&lt;/mn&gt;&lt;/msup&gt;&lt;mo&gt;&amp;#x0002B;&lt;/mo&gt;&lt;mn&gt;1.2&lt;/mn&gt;&lt;msup&gt;&lt;mi&gt;x&lt;/mi&gt;&lt;mn&gt;3&lt;/mn&gt;&lt;/msup&gt;&lt;mo&gt;&amp;#x02212;&lt;/mo&gt;&lt;mn&gt;2.4&lt;/mn&gt;&lt;msup&gt;&lt;mi&gt;x&lt;/mi&gt;&lt;mn&gt;2&lt;/mn&gt;&lt;/msup&gt;&lt;mo&gt;&amp;#x0002B;&lt;/mo&gt;&lt;mn&gt;3.6&lt;/mn&gt;&lt;/mrow&gt;&lt;/math&gt;.&lt;/p&gt;
&lt;p&gt;&lt;b&gt;Question:&lt;/b&gt;&lt;/p&gt;
&lt;p&gt;What is the work done by this force as the object moves from &lt;math xmlns="http://www.w3.org/1998/Math/MathML" display="inline"&gt;&lt;mrow&gt;&lt;mi&gt;x&lt;/mi&gt;&lt;mo&gt;&amp;#x0003D;&lt;/mo&gt;&lt;mn&gt;0&lt;/mn&gt;&lt;/mrow&gt;&lt;/math&gt; to &lt;math xmlns="http://www.w3.org/1998/Math/MathML" display="inline"&gt;&lt;mrow&gt;&lt;mi&gt;x&lt;/mi&gt;&lt;mo&gt;&amp;#x0003D;&lt;/mo&gt;&lt;mn&gt;3&lt;/mn&gt;&lt;mi&gt;k&lt;/mi&gt;&lt;/mrow&gt;&lt;/math&gt;?&lt;/p&gt;</mattext>
          </material>
          <response_lid ident="RESPONSE_work_problem_23" rcardinality="Single">
            <render_choice shuffle="Yes">
              <response_label ident="CHOICE_1">
                <material>
                  <mattext texttype="text/plain">&lt;latex&gt;(0.8x^4+1.2x^3-2.4x^2+3.6)(3k-0)&lt;/latex&gt;</mattext>
                </material>
              </response_label>
              <response_label ident="CHOICE_2">
                <material>
                  <mattext texttype="text/plain">&lt;latex&gt;[(0.8)/5x^5+(1.2)/4x^4+(-2.4)/3x^3++3.6x]_{3k}^{0}&lt;/latex&gt;</mattext>
                </material>
              </response_label>
              <response_label ident="CHOICE_3">
                <material>
                  <mattext texttype="text/plain">&lt;latex&gt;\frac{d}{dx}[(0.8)/5x^5+(1.2)/4x^4+(-2.4)/3x^3++3.6x]&lt;/latex&gt;</mattext>
                </material>
              </response_label>
              <response_label ident="CHOICE_4">
                <material>
                  <mattext texttype="text/plain">&lt;latex&gt;[(0.8)/5x^5+(1.2)/4x^4+(-2.4)/3x^3++3.6x]_{0}^{3k}&lt;/latex&gt;</mattext>
                </material>
              </response_label>
              <response_label ident="CHOICE_5">
                <material>
                  <mattext texttype="text/plain">&lt;latex&gt;[0.8x^4+1.2x^3-2.4x^2+3.6]_{0}^{3k}&lt;/latex&gt;</mattext>
                </material>
              </response_label>
            </render_choice>
          </response_lid>
        </presentation>
        <resprocessing>
          <outcomes>
            <decvar varname="SCORE" vartype="Decimal" minvalue="0" maxvalue="100"/>
          </outcomes>
          <respcondition continue="No">
            <conditionvar>
              <varequal respident="RESPONSE_work_problem_23">CHOICE_4</varequal>
            </conditionvar>
            <setvar action="Set" varname="SCORE">1</setvar>
          </respcondition>
        </resprocessing>
      </item>
      <item ident="work_problem_24" title="Work Done by a Variable Force 24">
        <itemmetadata>
          <qtimetadata>
            <qtimetadatafield>
              <fieldlabel>question_type</fieldlabel>
              <fieldentry>multiple_choice_question</fieldentry>
            </qtimetadatafield>
          </qtimetadata>
        </itemmetadata>
        <presentation>
          <material>
            <mattext texttype="text/plain">&lt;p&gt;&lt;b&gt;Situation:&lt;/b&gt;&lt;/p&gt;
&lt;p&gt;A block on a horizontal surface is pushed by a force that varies with position according to &lt;math xmlns="http://www.w3.org/1998/Math/MathML" display="inline"&gt;&lt;mrow&gt;&lt;mi&gt;F&lt;/mi&gt;&lt;mo stretchy="false"&gt;&amp;#x00028;&lt;/mo&gt;&lt;mi&gt;x&lt;/mi&gt;&lt;mo stretchy="false"&gt;&amp;#x00029;&lt;/mo&gt;&lt;mo&gt;&amp;#x0003D;&lt;/mo&gt;&lt;mo&gt;&amp;#x02212;&lt;/mo&gt;&lt;mn&gt;2.2&lt;/mn&gt;&lt;msup&gt;&lt;mi&gt;x&lt;/mi&gt;&lt;mn&gt;4&lt;/mn&gt;&lt;/msup&gt;&lt;mo&gt;&amp;#x0002B;&lt;/mo&gt;&lt;mn&gt;5.5&lt;/mn&gt;&lt;msup&gt;&lt;mi&gt;x&lt;/mi&gt;&lt;mn&gt;3&lt;/mn&gt;&lt;/msup&gt;&lt;mo&gt;&amp;#x02212;&lt;/mo&gt;&lt;mn&gt;1.1&lt;/mn&gt;&lt;msup&gt;&lt;mi&gt;x&lt;/mi&gt;&lt;mn&gt;2&lt;/mn&gt;&lt;/msup&gt;&lt;mo&gt;&amp;#x0002B;&lt;/mo&gt;&lt;mn&gt;0.7&lt;/mn&gt;&lt;/mrow&gt;&lt;/math&gt;.&lt;/p&gt;
&lt;p&gt;&lt;b&gt;Question:&lt;/b&gt;&lt;/p&gt;
&lt;p&gt;What is the work done by this force as the object moves from &lt;math xmlns="http://www.w3.org/1998/Math/MathML" display="inline"&gt;&lt;mrow&gt;&lt;mi&gt;x&lt;/mi&gt;&lt;mo&gt;&amp;#x0003D;&lt;/mo&gt;&lt;mi&gt;m&lt;/mi&gt;&lt;/mrow&gt;&lt;/math&gt; to &lt;math xmlns="http://www.w3.org/1998/Math/MathML" display="inline"&gt;&lt;mrow&gt;&lt;mi&gt;x&lt;/mi&gt;&lt;mo&gt;&amp;#x0003D;&lt;/mo&gt;&lt;mn&gt;2&lt;/mn&gt;&lt;mi&gt;m&lt;/mi&gt;&lt;/mrow&gt;&lt;/math&gt;?&lt;/p&gt;</mattext>
          </material>
          <response_lid ident="RESPONSE_work_problem_24" rcardinality="Single">
            <render_choice shuffle="Yes">
              <response_label ident="CHOICE_1">
                <material>
                  <mattext texttype="text/plain">&lt;latex&gt;(-2.2x^4+5.5x^3-1.1x^2+0.7)(2m-m)&lt;/latex&gt;</mattext>
                </material>
              </response_label>
              <response_label ident="CHOICE_2">
                <material>
                  <mattext texttype="text/plain">&lt;latex&gt;[(-2.2)/5x^5+(5.5)/4x^4+(-1.1)/3x^3++0.7x]_{2m}^{m}&lt;/latex&gt;</mattext>
                </material>
              </response_label>
              <response_label ident="CHOICE_3">
                <material>
                  <mattext texttype="text/plain">&lt;latex&gt;\frac{d}{dx}[(-2.2)/5x^5+(5.5)/4x^4+(-1.1)/3x^3++0.7x]&lt;/latex&gt;</mattext>
                </material>
              </response_label>
              <response_label ident="CHOICE_4">
                <material>
                  <mattext texttype="text/plain">&lt;latex&gt;[(-2.2)/5x^5+(5.5)/4x^4+(-1.1)/3x^3++0.7x]_{m}^{2m}&lt;/latex&gt;</mattext>
                </material>
              </response_label>
              <response_label ident="CHOICE_5">
                <material>
                  <mattext texttype="text/plain">&lt;latex&gt;[-2.2x^4+5.5x^3-1.1x^2+0.7]_{m}^{2m}&lt;/latex&gt;</mattext>
                </material>
              </response_label>
            </render_choice>
          </response_lid>
        </presentation>
        <resprocessing>
          <outcomes>
            <decvar varname="SCORE" vartype="Decimal" minvalue="0" maxvalue="100"/>
          </outcomes>
          <respcondition continue="No">
            <conditionvar>
              <varequal respident="RESPONSE_work_problem_24">CHOICE_4</varequal>
            </conditionvar>
            <setvar action="Set" varname="SCORE">1</setvar>
          </respcondition>
        </resprocessing>
      </item>
      <item ident="work_problem_25" title="Work Done by a Variable Force 25">
        <itemmetadata>
          <qtimetadata>
            <qtimetadatafield>
              <fieldlabel>question_type</fieldlabel>
              <fieldentry>multiple_choice_question</fieldentry>
            </qtimetadatafield>
          </qtimetadata>
        </itemmetadata>
        <presentation>
          <material>
            <mattext texttype="text/plain">&lt;p&gt;&lt;b&gt;Situation:&lt;/b&gt;&lt;/p&gt;
&lt;p&gt;An external one-dimensional force acts on a body with &lt;math xmlns="http://www.w3.org/1998/Math/MathML" display="inline"&gt;&lt;mrow&gt;&lt;mi&gt;F&lt;/mi&gt;&lt;mo stretchy="false"&gt;&amp;#x00028;&lt;/mo&gt;&lt;mi&gt;x&lt;/mi&gt;&lt;mo stretchy="false"&gt;&amp;#x00029;&lt;/mo&gt;&lt;mo&gt;&amp;#x0003D;&lt;/mo&gt;&lt;mn&gt;1.6&lt;/mn&gt;&lt;msup&gt;&lt;mi&gt;x&lt;/mi&gt;&lt;mn&gt;4&lt;/mn&gt;&lt;/msup&gt;&lt;mo&gt;&amp;#x02212;&lt;/mo&gt;&lt;mn&gt;2.4&lt;/mn&gt;&lt;msup&gt;&lt;mi&gt;x&lt;/mi&gt;&lt;mn&gt;3&lt;/mn&gt;&lt;/msup&gt;&lt;mo&gt;&amp;#x0002B;&lt;/mo&gt;&lt;mn&gt;3.2&lt;/mn&gt;&lt;msup&gt;&lt;mi&gt;x&lt;/mi&gt;&lt;mn&gt;2&lt;/mn&gt;&lt;/msup&gt;&lt;mo&gt;&amp;#x0002B;&lt;/mo&gt;&lt;mn&gt;4.8&lt;/mn&gt;&lt;/mrow&gt;&lt;/math&gt;.&lt;/p&gt;
&lt;p&gt;&lt;b&gt;Question:&lt;/b&gt;&lt;/p&gt;
&lt;p&gt;What is the work done by this force as the object moves from &lt;math xmlns="http://www.w3.org/1998/Math/MathML" display="inline"&gt;&lt;mrow&gt;&lt;mi&gt;x&lt;/mi&gt;&lt;mo&gt;&amp;#x0003D;&lt;/mo&gt;&lt;msub&gt;&lt;mi&gt;x&lt;/mi&gt;&lt;mrow&gt;&lt;mi&gt;s&lt;/mi&gt;&lt;mi&gt;t&lt;/mi&gt;&lt;mi&gt;a&lt;/mi&gt;&lt;mi&gt;r&lt;/mi&gt;&lt;mi&gt;t&lt;/mi&gt;&lt;/mrow&gt;&lt;/msub&gt;&lt;/mrow&gt;&lt;/math&gt; to &lt;math xmlns="http://www.w3.org/1998/Math/MathML" display="inline"&gt;&lt;mrow&gt;&lt;mi&gt;x&lt;/mi&gt;&lt;mo&gt;&amp;#x0003D;&lt;/mo&gt;&lt;msub&gt;&lt;mi&gt;x&lt;/mi&gt;&lt;mrow&gt;&lt;mi&gt;e&lt;/mi&gt;&lt;mi&gt;n&lt;/mi&gt;&lt;mi&gt;d&lt;/mi&gt;&lt;/mrow&gt;&lt;/msub&gt;&lt;/mrow&gt;&lt;/math&gt;?&lt;/p&gt;</mattext>
          </material>
          <response_lid ident="RESPONSE_work_problem_25" rcardinality="Single">
            <render_choice shuffle="Yes">
              <response_label ident="CHOICE_1">
                <material>
                  <mattext texttype="text/plain">&lt;latex&gt;(1.6x^4-2.4x^3+3.2x^2+4.8)(x_{end}-x_{start})&lt;/latex&gt;</mattext>
                </material>
              </response_label>
              <response_label ident="CHOICE_2">
                <material>
                  <mattext texttype="text/plain">&lt;latex&gt;[(1.6)/5x^5+(-2.4)/4x^4+(3.2)/3x^3++4.8x]_{x_{end}}^{x_{start}}&lt;/latex&gt;</mattext>
                </material>
              </response_label>
              <response_label ident="CHOICE_3">
                <material>
                  <mattext texttype="text/plain">&lt;latex&gt;\frac{d}{dx}[(1.6)/5x^5+(-2.4)/4x^4+(3.2)/3x^3++4.8x]&lt;/latex&gt;</mattext>
                </material>
              </response_label>
              <response_label ident="CHOICE_4">
                <material>
                  <mattext texttype="text/plain">&lt;latex&gt;[(1.6)/5x^5+(-2.4)/4x^4+(3.2)/3x^3++4.8x]_{x_{start}}^{x_{end}}&lt;/latex&gt;</mattext>
                </material>
              </response_label>
              <response_label ident="CHOICE_5">
                <material>
                  <mattext texttype="text/plain">&lt;latex&gt;[1.6x^4-2.4x^3+3.2x^2+4.8]_{x_{start}}^{x_{end}}&lt;/latex&gt;</mattext>
                </material>
              </response_label>
            </render_choice>
          </response_lid>
        </presentation>
        <resprocessing>
          <outcomes>
            <decvar varname="SCORE" vartype="Decimal" minvalue="0" maxvalue="100"/>
          </outcomes>
          <respcondition continue="No">
            <conditionvar>
              <varequal respident="RESPONSE_work_problem_25">CHOICE_4</varequal>
            </conditionvar>
            <setvar action="Set" varname="SCORE">1</setvar>
          </respcondition>
        </resprocessing>
      </item>
    </section>
  </assessment>
</questestinterop>
