<?xml version="1.0" ?>
<manifest xmlns="http://www.imsglobal.org/xsd/imscp_v1p1" xmlns:lom="http://ltsc.ieee.org/xsd/imsccv1p1/LOM/resource" xmlns:imsmd="http://www.imsglobal.org/xsd/imsmd_v1p2" xmlns:xsi="http://www.w3.org/2001/XMLSchema-instance" identifier="MANIFEST01" xsi:schemaLocation="http://www.imsglobal.org/xsd/imscp_v1p1 http://www.imsglobal.org/xsd/imscp_v1p1.xsd">
  <organizations>
    <organization identifier="ORG01"/>
  </organizations>
  <metadata>
    <schema>IMS Content</schema>
    <schemaversion>1.1.3</schemaversion>
    <imsmd:lom>
      <imsmd:general>
        <imsmd:title>
          <imsmd:string>Testing AI-Generated QTI Import</imsmd:string>
        </imsmd:title>
      </imsmd:general>
      <imsmd:lifeCycle>
        <imsmd:contribute>
          <imsmd:date>
            <imsmd:dateTime>2025-11-11</imsmd:dateTime>
          </imsmd:date>
        </imsmd:contribute>
      </imsmd:lifeCycle>
      <imsmd:rights>
        <imsmd:copyrightAndOtherRestrictions>
          <imsmd:value>yes</imsmd:value>
        </imsmd:copyrightAndOtherRestrictions>
        <imsmd:description>
          <imsmd:string>Private (Copyrighted) - http://en.wikipedia.org/wiki/Copyright</imsmd:string>
        </imsmd:description>
      </imsmd:rights>
    </imsmd:lom>
  </metadata>
  <resources>
    <resource identifier="qti" type="imsqti_xmlv1p2" href="qti/qti.xml">
      <file href="qti/qti.xml"/>
    </resource>
    <resource identifier="q30_p1_b_78_f14" type="webcontent" href="media/q30_p1_b_78_f14.png">
      <file href="media/q30_p1_b_78_f14.png"/>
    </resource>
    <resource identifier="q1_p0_b_18_f34" type="webcontent" href="media/q1_p0_b_18_f34.png">
      <file href="media/q1_p0_b_18_f34.png"/>
    </resource>
    <resource identifier="q2_p0_b_18_f1" type="webcontent" href="media/q2_p0_b_18_f1.png">
      <file href="media/q2_p0_b_18_f1.png"/>
    </resource>
    <resource identifier="q3_p0_b_14_f34" type="webcontent" href="media/q3_p0_b_14_f34.png">
      <file href="media/q3_p0_b_14_f34.png"/>
    </resource>
    <resource identifier="q4_p0_b_14_f1" type="webcontent" href="media/q4_p0_b_14_f1.png">
      <file href="media/q4_p0_b_14_f1.png"/>
    </resource>
    <resource identifier="q5_p0_b_34_f14" type="webcontent" href="media/q5_p0_b_34_f14.png">
      <file href="media/q5_p0_b_34_f14.png"/>
    </resource>
    <resource identifier="q6_p0_b_34_f1" type="webcontent" href="media/q6_p0_b_34_f1.png">
      <file href="media/q6_p0_b_34_f1.png"/>
    </resource>
    <resource identifier="q7_p0_b_78_f14" type="webcontent" href="media/q7_p0_b_78_f14.png">
      <file href="media/q7_p0_b_78_f14.png"/>
    </resource>
    <resource identifier="q8_p0_b_78_f1" type="webcontent" href="media/q8_p0_b_78_f1.png">
      <file href="media/q8_p0_b_78_f1.png"/>
    </resource>
    <resource identifier="q9_p0_b_1_f14" type="webcontent" href="media/q9_p0_b_1_f14.png">
      <file href="media/q9_p0_b_1_f14.png"/>
    </resource>
    <resource identifier="q10_p0_b_1_f34" type="webcontent" href="media/q10_p0_b_1_f34.png">
      <file href="media/q10_p0_b_1_f34.png"/>
    </resource>
    <resource identifier="q11_p14_b_0_f34" type="webcontent" href="media/q11_p14_b_0_f34.png">
      <file href="media/q11_p14_b_0_f34.png"/>
    </resource>
    <resource identifier="q12_p14_b_0_f1" type="webcontent" href="media/q12_p14_b_0_f1.png">
      <file href="media/q12_p14_b_0_f1.png"/>
    </resource>
    <resource identifier="q13_p14_b_34_f1" type="webcontent" href="media/q13_p14_b_34_f1.png">
      <file href="media/q13_p14_b_34_f1.png"/>
    </resource>
    <resource identifier="q14_p14_b_78_f1" type="webcontent" href="media/q14_p14_b_78_f1.png">
      <file href="media/q14_p14_b_78_f1.png"/>
    </resource>
    <resource identifier="q15_p14_b_1_f34" type="webcontent" href="media/q15_p14_b_1_f34.png">
      <file href="media/q15_p14_b_1_f34.png"/>
    </resource>
    <resource identifier="q16_p34_b_0_f14" type="webcontent" href="media/q16_p34_b_0_f14.png">
      <file href="media/q16_p34_b_0_f14.png"/>
    </resource>
    <resource identifier="q17_p34_b_18_f0" type="webcontent" href="media/q17_p34_b_18_f0.png">
      <file href="media/q17_p34_b_18_f0.png"/>
    </resource>
    <resource identifier="q18_p34_b_14_f0" type="webcontent" href="media/q18_p34_b_14_f0.png">
      <file href="media/q18_p34_b_14_f0.png"/>
    </resource>
    <resource identifier="q19_p34_b_1_f0" type="webcontent" href="media/q19_p34_b_1_f0.png">
      <file href="media/q19_p34_b_1_f0.png"/>
    </resource>
    <resource identifier="q20_p34_b_1_f14" type="webcontent" href="media/q20_p34_b_1_f14.png">
      <file href="media/q20_p34_b_1_f14.png"/>
    </resource>
    <resource identifier="q21_p1_b_0_f14" type="webcontent" href="media/q21_p1_b_0_f14.png">
      <file href="media/q21_p1_b_0_f14.png"/>
    </resource>
    <resource identifier="q22_p1_b_0_f34" type="webcontent" href="media/q22_p1_b_0_f34.png">
      <file href="media/q22_p1_b_0_f34.png"/>
    </resource>
    <resource identifier="q23_p1_b_18_f0" type="webcontent" href="media/q23_p1_b_18_f0.png">
      <file href="media/q23_p1_b_18_f0.png"/>
    </resource>
    <resource identifier="q24_p1_b_18_f34" type="webcontent" href="media/q24_p1_b_18_f34.png">
      <file href="media/q24_p1_b_18_f34.png"/>
    </resource>
    <resource identifier="q25_p1_b_14_f0" type="webcontent" href="media/q25_p1_b_14_f0.png">
      <file href="media/q25_p1_b_14_f0.png"/>
    </resource>
    <resource identifier="q26_p1_b_14_f34" type="webcontent" href="media/q26_p1_b_14_f34.png">
      <file href="media/q26_p1_b_14_f34.png"/>
    </resource>
    <resource identifier="q27_p1_b_34_f0" type="webcontent" href="media/q27_p1_b_34_f0.png">
      <file href="media/q27_p1_b_34_f0.png"/>
    </resource>
    <resource identifier="q28_p1_b_34_f14" type="webcontent" href="media/q28_p1_b_34_f14.png">
      <file href="media/q28_p1_b_34_f14.png"/>
    </resource>
    <resource identifier="q29_p1_b_78_f0" type="webcontent" href="media/q29_p1_b_78_f0.png">
      <file href="media/q29_p1_b_78_f0.png"/>
    </resource>
  </resources>
</manifest>
