<?xml version='1.0' encoding='utf-8'?>
<questestinterop xmlns="http://www.imsglobal.org/xsd/ims_qtiasiv1p2" xmlns:xsi="http://www.w3.org/2001/XMLSchema-instance" xsi:schemaLocation="http://www.imsglobal.org/xsd/ims_qtiasiv1p2 http://www.imsglobal.org/xsd/ims_qtiasiv1p2p1.xsd">
  <assessment ident="qti" title="Static Friction MC Problem Bank">
    <qtimetadata>
      <qtimetadatafield>
        <fieldlabel>cc_maxattempts</fieldlabel>
        <fieldentry>1</fieldentry>
      </qtimetadatafield>
    </qtimetadata>
    <section ident="root_section">
      <item ident="q-1" title="Horse Pulling a Plow">
        <itemmetadata>
          <qtimetadata>
            <qtimetadatafield>
              <fieldlabel>question_type</fieldlabel>
              <fieldentry>multiple_choice_question</fieldentry>
            </qtimetadatafield>
          </qtimetadata>
        </itemmetadata>
        <presentation>
          <material>
            <mattext texttype="text/plain">&lt;p&gt;A farmer is using a horse to pull a heavy plow across a flat field. The plow rests on a horizontal patch of dry dirt and remains stationary&amp;#x2C; even though the horse is actively pulling. The horse pulls with a force of 936.8 N through a rope that forms an angle of 57.5&amp;#xB0; upward with respect to the horizontal. The mass of the plow is 300 kg&amp;#x2C; and the coefficient of static friction between the plow and the ground is 0.25. Find the static friction in units of Newtons.&lt;/p&gt;</mattext>
          </material>
          <response_lid ident="RESPONSE_q-1" rcardinality="Single">
            <render_choice shuffle="Yes">
              <response_label ident="CHOICE_1">
                <material>
                  <mattext texttype="text/plain">503.34 N</mattext>
                </material>
              </response_label>
              <response_label ident="CHOICE_2">
                <material>
                  <mattext texttype="text/plain">537.48 N</mattext>
                </material>
              </response_label>
              <response_label ident="CHOICE_3">
                <material>
                  <mattext texttype="text/plain">936.8 N</mattext>
                </material>
              </response_label>
              <response_label ident="CHOICE_4">
                <material>
                  <mattext texttype="text/plain">735.0 N</mattext>
                </material>
              </response_label>
            </render_choice>
          </response_lid>
        </presentation>
        <resprocessing>
          <outcomes>
            <decvar varname="SCORE" vartype="Decimal" minvalue="0" maxvalue="100"/>
          </outcomes>
          <respcondition continue="No">
            <conditionvar>
              <varequal respident="RESPONSE_q-1">CHOICE_1</varequal>
            </conditionvar>
            <setvar action="Set" varname="SCORE">1</setvar>
          </respcondition>
        </resprocessing>
        <itemfeedback ident="general_fb">
          <flow_mat>
            <material>
              <mattext texttype="text/plain">&lt;p&gt;Since the plow does not move&amp;#x2C; Newton's second law ensures zero net force in all directions.&lt;/p&gt;
&lt;p&gt;The horse pulls at an upward angle&amp;#x2C; which affects both vertical and horizontal forces. Define &lt;math xmlns="http://www.w3.org/1998/Math/MathML" display="inline"&gt;&lt;mrow&gt;&lt;mi&gt;f&lt;/mi&gt;&lt;/mrow&gt;&lt;/math&gt; as the horizontal static friction.&lt;/p&gt;
&lt;p&gt;We then express the horizontal force balance:&lt;/p&gt;
&lt;math xmlns="http://www.w3.org/1998/Math/MathML" display="inline"&gt;&lt;mrow&gt;&lt;mi&gt;f&lt;/mi&gt;&lt;mo&gt;&amp;#x02212;&lt;/mo&gt;&lt;mi&gt;F&lt;/mi&gt;&lt;mi&gt;cos&lt;/mi&gt;&lt;mo stretchy="false"&gt;&amp;#x00028;&lt;/mo&gt;&lt;mi&gt;&amp;#x003B8;&lt;/mi&gt;&lt;mo stretchy="false"&gt;&amp;#x00029;&lt;/mo&gt;&lt;mo&gt;&amp;#x0003D;&lt;/mo&gt;&lt;mn&gt;0&lt;/mn&gt;&lt;/mrow&gt;&lt;/math&gt;

&lt;p&gt;This leads to:&lt;/p&gt;
&lt;math xmlns="http://www.w3.org/1998/Math/MathML" display="inline"&gt;&lt;mrow&gt;&lt;mi&gt;f&lt;/mi&gt;&lt;mo&gt;&amp;#x0003D;&lt;/mo&gt;&lt;mi&gt;F&lt;/mi&gt;&lt;mi&gt;cos&lt;/mi&gt;&lt;mo stretchy="false"&gt;&amp;#x00028;&lt;/mo&gt;&lt;mi&gt;&amp;#x003B8;&lt;/mi&gt;&lt;mo stretchy="false"&gt;&amp;#x00029;&lt;/mo&gt;&lt;/mrow&gt;&lt;/math&gt;

&lt;p&gt;Note that &lt;math xmlns="http://www.w3.org/1998/Math/MathML" display="inline"&gt;&lt;mrow&gt;&lt;mi&gt;f&lt;/mi&gt;&lt;mo&gt;&amp;#x0003D;&lt;/mo&gt;&lt;mi&gt;&amp;#x003BC;&lt;/mi&gt;&lt;mi&gt;N&lt;/mi&gt;&lt;/mrow&gt;&lt;/math&gt; only applies to the &lt;strong&gt;maximum&lt;/strong&gt; static friction value; the actual friction may be lower.&lt;/p&gt;</mattext>
            </material>
          </flow_mat>
        </itemfeedback>
        <itemfeedback ident="correct_fb">
          <flow_mat>
            <material>
              <mattext texttype="text/plain">&lt;p&gt;Good job&amp;#x21;&lt;/p&gt;</mattext>
            </material>
          </flow_mat>
        </itemfeedback>
        <itemfeedback ident="general_incorrect_fb">
          <flow_mat>
            <material>
              <mattext texttype="text/plain">&lt;p&gt;Try again&amp;#x21;&lt;/p&gt;</mattext>
            </material>
          </flow_mat>
        </itemfeedback>
      </item>
      <item ident="q-2" title="Person Pushing a Couch">
        <itemmetadata>
          <qtimetadata>
            <qtimetadatafield>
              <fieldlabel>question_type</fieldlabel>
              <fieldentry>multiple_choice_question</fieldentry>
            </qtimetadatafield>
          </qtimetadata>
        </itemmetadata>
        <presentation>
          <material>
            <mattext texttype="text/plain">&lt;p&gt;A person is trying to push a large couch across a carpeted living room floor. The couch remains stationary on the horizontal surface&amp;#x2C; even though the person is applying a force of 149.5 N. This force is directed at an angle of 34.8&amp;#xB0; downward with respect to the horizontal. The mass of the couch is 80 kg&amp;#x2C; and the coefficient of static friction between the couch and the carpet is 0.15. Find the static friction in units of Newtons.&lt;/p&gt;</mattext>
          </material>
          <response_lid ident="RESPONSE_q-2" rcardinality="Single">
            <render_choice shuffle="Yes">
              <response_label ident="CHOICE_1">
                <material>
                  <mattext texttype="text/plain">122.76 N</mattext>
                </material>
              </response_label>
              <response_label ident="CHOICE_2">
                <material>
                  <mattext texttype="text/plain">130.40 N</mattext>
                </material>
              </response_label>
              <response_label ident="CHOICE_3">
                <material>
                  <mattext texttype="text/plain">149.5 N</mattext>
                </material>
              </response_label>
              <response_label ident="CHOICE_4">
                <material>
                  <mattext texttype="text/plain">117.6 N</mattext>
                </material>
              </response_label>
            </render_choice>
          </response_lid>
        </presentation>
        <resprocessing>
          <outcomes>
            <decvar varname="SCORE" vartype="Decimal" minvalue="0" maxvalue="100"/>
          </outcomes>
          <respcondition continue="No">
            <conditionvar>
              <varequal respident="RESPONSE_q-2">CHOICE_1</varequal>
            </conditionvar>
            <setvar action="Set" varname="SCORE">1</setvar>
          </respcondition>
        </resprocessing>
        <itemfeedback ident="general_fb">
          <flow_mat>
            <material>
              <mattext texttype="text/plain">&lt;p&gt;First&amp;#x2C; notice that the couch is not moving&amp;#x2C; which means the net force on the object is zero in both horizontal and vertical directions according to Newton&amp;#x2019;s second law.&lt;/p&gt;
&lt;p&gt;Next&amp;#x2C; we can define the friction force &lt;math xmlns="http://www.w3.org/1998/Math/MathML" display="inline"&gt;&lt;mrow&gt;&lt;mi&gt;f&lt;/mi&gt;&lt;/mrow&gt;&lt;/math&gt; as the horizontal force that prevents the object from moving. Since the applied force has both horizontal and vertical components&amp;#x2C; we focus on the horizontal part.&lt;/p&gt;
&lt;p&gt;We can then write down the force balance in the horizontal direction:&lt;/p&gt;
&lt;math xmlns="http://www.w3.org/1998/Math/MathML" display="inline"&gt;&lt;mrow&gt;&lt;mi&gt;f&lt;/mi&gt;&lt;mo&gt;&amp;#x02212;&lt;/mo&gt;&lt;mi&gt;F&lt;/mi&gt;&lt;mi&gt;cos&lt;/mi&gt;&lt;mo stretchy="false"&gt;&amp;#x00028;&lt;/mo&gt;&lt;mi&gt;&amp;#x003B8;&lt;/mi&gt;&lt;mo stretchy="false"&gt;&amp;#x00029;&lt;/mo&gt;&lt;mo&gt;&amp;#x0003D;&lt;/mo&gt;&lt;mn&gt;0&lt;/mn&gt;&lt;/mrow&gt;&lt;/math&gt;

&lt;p&gt;Solving for static friction:&lt;/p&gt;
&lt;math xmlns="http://www.w3.org/1998/Math/MathML" display="inline"&gt;&lt;mrow&gt;&lt;mi&gt;f&lt;/mi&gt;&lt;mo&gt;&amp;#x0003D;&lt;/mo&gt;&lt;mi&gt;F&lt;/mi&gt;&lt;mi&gt;cos&lt;/mi&gt;&lt;mo stretchy="false"&gt;&amp;#x00028;&lt;/mo&gt;&lt;mi&gt;&amp;#x003B8;&lt;/mi&gt;&lt;mo stretchy="false"&gt;&amp;#x00029;&lt;/mo&gt;&lt;/mrow&gt;&lt;/math&gt;

&lt;p&gt;Note: The expression &lt;math xmlns="http://www.w3.org/1998/Math/MathML" display="inline"&gt;&lt;mrow&gt;&lt;mi&gt;f&lt;/mi&gt;&lt;mo&gt;&amp;#x0003D;&lt;/mo&gt;&lt;mi&gt;&amp;#x003BC;&lt;/mi&gt;&lt;mi&gt;N&lt;/mi&gt;&lt;/mrow&gt;&lt;/math&gt; gives the &lt;strong&gt;maximum&lt;/strong&gt; possible static friction&amp;#x2C; but the actual static friction can be less than this maximum as it adjusts to match the applied force.&lt;/p&gt;</mattext>
            </material>
          </flow_mat>
        </itemfeedback>
        <itemfeedback ident="correct_fb">
          <flow_mat>
            <material>
              <mattext texttype="text/plain">&lt;p&gt;Good job&amp;#x21;&lt;/p&gt;</mattext>
            </material>
          </flow_mat>
        </itemfeedback>
        <itemfeedback ident="general_incorrect_fb">
          <flow_mat>
            <material>
              <mattext texttype="text/plain">&lt;p&gt;Try again&amp;#x21;&lt;/p&gt;</mattext>
            </material>
          </flow_mat>
        </itemfeedback>
      </item>
      <item ident="q-3" title="Worker Dragging a Suitcase">
        <itemmetadata>
          <qtimetadata>
            <qtimetadatafield>
              <fieldlabel>question_type</fieldlabel>
              <fieldentry>multiple_choice_question</fieldentry>
            </qtimetadatafield>
          </qtimetadata>
        </itemmetadata>
        <presentation>
          <material>
            <mattext texttype="text/plain">&lt;p&gt;A worker is dragging a large suitcase across a tiled airport floor&amp;#x2C; but the suitcase remains stationary on the horizontal surface. The worker is pulling with a force of 30.0 N using a strap that forms an angle of 43.0&amp;#xB0; upward with respect to the horizontal. The mass of the suitcase is 25 kg&amp;#x2C; and the coefficient of static friction between the suitcase and the tile is 0.20. Find the static friction in units of Newtons.&lt;/p&gt;</mattext>
          </material>
          <response_lid ident="RESPONSE_q-3" rcardinality="Single">
            <render_choice shuffle="Yes">
              <response_label ident="CHOICE_1">
                <material>
                  <mattext texttype="text/plain">21.94 N</mattext>
                </material>
              </response_label>
              <response_label ident="CHOICE_2">
                <material>
                  <mattext texttype="text/plain">44.91 N</mattext>
                </material>
              </response_label>
              <response_label ident="CHOICE_3">
                <material>
                  <mattext texttype="text/plain">30.0 N</mattext>
                </material>
              </response_label>
              <response_label ident="CHOICE_4">
                <material>
                  <mattext texttype="text/plain">49.0 N</mattext>
                </material>
              </response_label>
            </render_choice>
          </response_lid>
        </presentation>
        <resprocessing>
          <outcomes>
            <decvar varname="SCORE" vartype="Decimal" minvalue="0" maxvalue="100"/>
          </outcomes>
          <respcondition continue="No">
            <conditionvar>
              <varequal respident="RESPONSE_q-3">CHOICE_1</varequal>
            </conditionvar>
            <setvar action="Set" varname="SCORE">1</setvar>
          </respcondition>
        </resprocessing>
        <itemfeedback ident="general_fb">
          <flow_mat>
            <material>
              <mattext texttype="text/plain">&lt;p&gt;We know the suitcase is stationary&amp;#x2C; so the total force must be zero in both directions.&lt;/p&gt;
&lt;p&gt;Here&amp;#x2C; the pulling force is angled upward. To find the actual static friction &lt;math xmlns="http://www.w3.org/1998/Math/MathML" display="inline"&gt;&lt;mrow&gt;&lt;mi&gt;f&lt;/mi&gt;&lt;/mrow&gt;&lt;/math&gt;&amp;#x2C; consider only the horizontal forces.&lt;/p&gt;
&lt;p&gt;We write:&lt;/p&gt;
&lt;math xmlns="http://www.w3.org/1998/Math/MathML" display="inline"&gt;&lt;mrow&gt;&lt;mi&gt;f&lt;/mi&gt;&lt;mo&gt;&amp;#x02212;&lt;/mo&gt;&lt;mi&gt;F&lt;/mi&gt;&lt;mi&gt;cos&lt;/mi&gt;&lt;mo stretchy="false"&gt;&amp;#x00028;&lt;/mo&gt;&lt;mi&gt;&amp;#x003B8;&lt;/mi&gt;&lt;mo stretchy="false"&gt;&amp;#x00029;&lt;/mo&gt;&lt;mo&gt;&amp;#x0003D;&lt;/mo&gt;&lt;mn&gt;0&lt;/mn&gt;&lt;/mrow&gt;&lt;/math&gt;

&lt;p&gt;Solving:&lt;/p&gt;
&lt;math xmlns="http://www.w3.org/1998/Math/MathML" display="inline"&gt;&lt;mrow&gt;&lt;mi&gt;f&lt;/mi&gt;&lt;mo&gt;&amp;#x0003D;&lt;/mo&gt;&lt;mi&gt;F&lt;/mi&gt;&lt;mi&gt;cos&lt;/mi&gt;&lt;mo stretchy="false"&gt;&amp;#x00028;&lt;/mo&gt;&lt;mi&gt;&amp;#x003B8;&lt;/mi&gt;&lt;mo stretchy="false"&gt;&amp;#x00029;&lt;/mo&gt;&lt;/mrow&gt;&lt;/math&gt;

&lt;p&gt;Keep in mind that &lt;math xmlns="http://www.w3.org/1998/Math/MathML" display="inline"&gt;&lt;mrow&gt;&lt;mi&gt;&amp;#x003BC;&lt;/mi&gt;&lt;mi&gt;N&lt;/mi&gt;&lt;/mrow&gt;&lt;/math&gt; is the maximum static friction; the real friction is what balances the applied horizontal force.&lt;/p&gt;</mattext>
            </material>
          </flow_mat>
        </itemfeedback>
        <itemfeedback ident="correct_fb">
          <flow_mat>
            <material>
              <mattext texttype="text/plain">&lt;p&gt;Good job&amp;#x21;&lt;/p&gt;</mattext>
            </material>
          </flow_mat>
        </itemfeedback>
        <itemfeedback ident="general_incorrect_fb">
          <flow_mat>
            <material>
              <mattext texttype="text/plain">&lt;p&gt;Try again&amp;#x21;&lt;/p&gt;</mattext>
            </material>
          </flow_mat>
        </itemfeedback>
      </item>
      <item ident="q-4" title="Towing Truck Pulling a Car">
        <itemmetadata>
          <qtimetadata>
            <qtimetadatafield>
              <fieldlabel>question_type</fieldlabel>
              <fieldentry>multiple_choice_question</fieldentry>
            </qtimetadatafield>
          </qtimetadata>
        </itemmetadata>
        <presentation>
          <material>
            <mattext texttype="text/plain">&lt;p&gt;A towing truck is pulling a stalled car along a rough horizontal asphalt road&amp;#x2C; but the car remains stationary. The truck pulls with a force of 1469.1 N using a metal cable that forms an angle of 20.6&amp;#xB0; upward with respect to the horizontal. The mass of the car is 1200 kg&amp;#x2C; and the coefficient of static friction between the car's tires and the road is 0.43. Find the static friction in units of Newtons.&lt;/p&gt;</mattext>
          </material>
          <response_lid ident="RESPONSE_q-4" rcardinality="Single">
            <render_choice shuffle="Yes">
              <response_label ident="CHOICE_1">
                <material>
                  <mattext texttype="text/plain">1375.17 N</mattext>
                </material>
              </response_label>
              <response_label ident="CHOICE_2">
                <material>
                  <mattext texttype="text/plain">4834.54 N</mattext>
                </material>
              </response_label>
              <response_label ident="CHOICE_3">
                <material>
                  <mattext texttype="text/plain">1469.1 N</mattext>
                </material>
              </response_label>
              <response_label ident="CHOICE_4">
                <material>
                  <mattext texttype="text/plain">5056.8 N</mattext>
                </material>
              </response_label>
            </render_choice>
          </response_lid>
        </presentation>
        <resprocessing>
          <outcomes>
            <decvar varname="SCORE" vartype="Decimal" minvalue="0" maxvalue="100"/>
          </outcomes>
          <respcondition continue="No">
            <conditionvar>
              <varequal respident="RESPONSE_q-4">CHOICE_1</varequal>
            </conditionvar>
            <setvar action="Set" varname="SCORE">1</setvar>
          </respcondition>
        </resprocessing>
        <itemfeedback ident="general_fb">
          <flow_mat>
            <material>
              <mattext texttype="text/plain">&lt;p&gt;First&amp;#x2C; since the car remains stationary&amp;#x2C; Newton&amp;#x2019;s second law tells us that the net force must be zero in both directions.&lt;/p&gt;
&lt;p&gt;We define &lt;math xmlns="http://www.w3.org/1998/Math/MathML" display="inline"&gt;&lt;mrow&gt;&lt;mi&gt;f&lt;/mi&gt;&lt;/mrow&gt;&lt;/math&gt; as the static friction that counters the towing force. The rope applies force at an angle&amp;#x2C; so only its horizontal component contributes to motion.&lt;/p&gt;
&lt;p&gt;We can then write the force equation in the x-direction:&lt;/p&gt;
&lt;math xmlns="http://www.w3.org/1998/Math/MathML" display="inline"&gt;&lt;mrow&gt;&lt;mi&gt;f&lt;/mi&gt;&lt;mo&gt;&amp;#x02212;&lt;/mo&gt;&lt;mi&gt;F&lt;/mi&gt;&lt;mi&gt;cos&lt;/mi&gt;&lt;mo stretchy="false"&gt;&amp;#x00028;&lt;/mo&gt;&lt;mi&gt;&amp;#x003B8;&lt;/mi&gt;&lt;mo stretchy="false"&gt;&amp;#x00029;&lt;/mo&gt;&lt;mo&gt;&amp;#x0003D;&lt;/mo&gt;&lt;mn&gt;0&lt;/mn&gt;&lt;/mrow&gt;&lt;/math&gt;

&lt;p&gt;Solving for friction gives:&lt;/p&gt;
&lt;math xmlns="http://www.w3.org/1998/Math/MathML" display="inline"&gt;&lt;mrow&gt;&lt;mi&gt;f&lt;/mi&gt;&lt;mo&gt;&amp;#x0003D;&lt;/mo&gt;&lt;mi&gt;F&lt;/mi&gt;&lt;mi&gt;cos&lt;/mi&gt;&lt;mo stretchy="false"&gt;&amp;#x00028;&lt;/mo&gt;&lt;mi&gt;&amp;#x003B8;&lt;/mi&gt;&lt;mo stretchy="false"&gt;&amp;#x00029;&lt;/mo&gt;&lt;/mrow&gt;&lt;/math&gt;

&lt;p&gt;Remember&amp;#x2C; &lt;math xmlns="http://www.w3.org/1998/Math/MathML" display="inline"&gt;&lt;mrow&gt;&lt;mi&gt;f&lt;/mi&gt;&lt;mo&gt;&amp;#x0003D;&lt;/mo&gt;&lt;mi&gt;&amp;#x003BC;&lt;/mi&gt;&lt;mi&gt;N&lt;/mi&gt;&lt;/mrow&gt;&lt;/math&gt; is the &lt;strong&gt;maximum&lt;/strong&gt; static friction force possible. The actual friction is just enough to prevent movement.&lt;/p&gt;</mattext>
            </material>
          </flow_mat>
        </itemfeedback>
        <itemfeedback ident="correct_fb">
          <flow_mat>
            <material>
              <mattext texttype="text/plain">&lt;p&gt;Good job&amp;#x21;&lt;/p&gt;</mattext>
            </material>
          </flow_mat>
        </itemfeedback>
        <itemfeedback ident="general_incorrect_fb">
          <flow_mat>
            <material>
              <mattext texttype="text/plain">&lt;p&gt;Try again&amp;#x21;&lt;/p&gt;</mattext>
            </material>
          </flow_mat>
        </itemfeedback>
      </item>
      <item ident="q-5" title="Worker Pushing a File Cabinet">
        <itemmetadata>
          <qtimetadata>
            <qtimetadatafield>
              <fieldlabel>question_type</fieldlabel>
              <fieldentry>multiple_choice_question</fieldentry>
            </qtimetadatafield>
          </qtimetadata>
        </itemmetadata>
        <presentation>
          <material>
            <mattext texttype="text/plain">&lt;p&gt;A factory worker is trying to push a heavy metal file cabinet across a vinyl office floor&amp;#x2C; but the cabinet remains stationary on the horizontal surface. The worker applies a force of 153.9 N at an angle of 36.2&amp;#xB0; downward with respect to the horizontal. The mass of the cabinet is 100 kg&amp;#x2C; and the coefficient of static friction between the cabinet and the vinyl flooring is 0.22. Find the static friction in units of Newtons.&lt;/p&gt;</mattext>
          </material>
          <response_lid ident="RESPONSE_q-5" rcardinality="Single">
            <render_choice shuffle="Yes">
              <response_label ident="CHOICE_1">
                <material>
                  <mattext texttype="text/plain">124.19 N</mattext>
                </material>
              </response_label>
              <response_label ident="CHOICE_2">
                <material>
                  <mattext texttype="text/plain">235.60 N</mattext>
                </material>
              </response_label>
              <response_label ident="CHOICE_3">
                <material>
                  <mattext texttype="text/plain">153.9 N</mattext>
                </material>
              </response_label>
              <response_label ident="CHOICE_4">
                <material>
                  <mattext texttype="text/plain">215.6 N</mattext>
                </material>
              </response_label>
            </render_choice>
          </response_lid>
        </presentation>
        <resprocessing>
          <outcomes>
            <decvar varname="SCORE" vartype="Decimal" minvalue="0" maxvalue="100"/>
          </outcomes>
          <respcondition continue="No">
            <conditionvar>
              <varequal respident="RESPONSE_q-5">CHOICE_1</varequal>
            </conditionvar>
            <setvar action="Set" varname="SCORE">1</setvar>
          </respcondition>
        </resprocessing>
        <itemfeedback ident="general_fb">
          <flow_mat>
            <material>
              <mattext texttype="text/plain">&lt;p&gt;First&amp;#x2C; observe that the object remains at rest&amp;#x2C; so Newton's second law implies that forces balance in both axes.&lt;/p&gt;
&lt;p&gt;The worker pushes at a downward angle. To analyze horizontal motion&amp;#x2C; define &lt;math xmlns="http://www.w3.org/1998/Math/MathML" display="inline"&gt;&lt;mrow&gt;&lt;mi&gt;f&lt;/mi&gt;&lt;/mrow&gt;&lt;/math&gt; as the friction resisting the push.&lt;/p&gt;
&lt;p&gt;We write the horizontal force balance as:&lt;/p&gt;
&lt;math xmlns="http://www.w3.org/1998/Math/MathML" display="inline"&gt;&lt;mrow&gt;&lt;mi&gt;f&lt;/mi&gt;&lt;mo&gt;&amp;#x02212;&lt;/mo&gt;&lt;mi&gt;F&lt;/mi&gt;&lt;mi&gt;cos&lt;/mi&gt;&lt;mo stretchy="false"&gt;&amp;#x00028;&lt;/mo&gt;&lt;mi&gt;&amp;#x003B8;&lt;/mi&gt;&lt;mo stretchy="false"&gt;&amp;#x00029;&lt;/mo&gt;&lt;mo&gt;&amp;#x0003D;&lt;/mo&gt;&lt;mn&gt;0&lt;/mn&gt;&lt;/mrow&gt;&lt;/math&gt;

&lt;p&gt;Solving this gives:&lt;/p&gt;
&lt;math xmlns="http://www.w3.org/1998/Math/MathML" display="inline"&gt;&lt;mrow&gt;&lt;mi&gt;f&lt;/mi&gt;&lt;mo&gt;&amp;#x0003D;&lt;/mo&gt;&lt;mi&gt;F&lt;/mi&gt;&lt;mi&gt;cos&lt;/mi&gt;&lt;mo stretchy="false"&gt;&amp;#x00028;&lt;/mo&gt;&lt;mi&gt;&amp;#x003B8;&lt;/mi&gt;&lt;mo stretchy="false"&gt;&amp;#x00029;&lt;/mo&gt;&lt;/mrow&gt;&lt;/math&gt;

&lt;p&gt;Keep in mind&amp;#x2C; &lt;math xmlns="http://www.w3.org/1998/Math/MathML" display="inline"&gt;&lt;mrow&gt;&lt;mi&gt;&amp;#x003BC;&lt;/mi&gt;&lt;mi&gt;N&lt;/mi&gt;&lt;/mrow&gt;&lt;/math&gt; gives the &lt;strong&gt;maximum&lt;/strong&gt; possible static friction. The real value adjusts to match the applied horizontal force unless that maximum is exceeded.&lt;/p&gt;</mattext>
            </material>
          </flow_mat>
        </itemfeedback>
        <itemfeedback ident="correct_fb">
          <flow_mat>
            <material>
              <mattext texttype="text/plain">&lt;p&gt;Good job&amp;#x21;&lt;/p&gt;</mattext>
            </material>
          </flow_mat>
        </itemfeedback>
        <itemfeedback ident="general_incorrect_fb">
          <flow_mat>
            <material>
              <mattext texttype="text/plain">&lt;p&gt;Try again&amp;#x21;&lt;/p&gt;</mattext>
            </material>
          </flow_mat>
        </itemfeedback>
      </item>
      <item ident="q-6" title="Dog Pulling a Garden Wagon">
        <itemmetadata>
          <qtimetadata>
            <qtimetadatafield>
              <fieldlabel>question_type</fieldlabel>
              <fieldentry>multiple_choice_question</fieldentry>
            </qtimetadatafield>
          </qtimetadata>
        </itemmetadata>
        <presentation>
          <material>
            <mattext texttype="text/plain">&lt;p&gt;A dog is harnessed to a garden wagon loaded with soil&amp;#x2C; and it attempts to pull the wagon across a compacted dirt path. The wagon remains stationary on the horizontal surface. The dog pulls with a force of 96.5 N through a leash that forms an angle of 17.0&amp;#xB0; upward with respect to the horizontal. The mass of the wagon is 40 kg&amp;#x2C; and the coefficient of static friction between the wagon and the dirt is 0.34. Find the static friction in units of Newtons.&lt;/p&gt;</mattext>
          </material>
          <response_lid ident="RESPONSE_q-6" rcardinality="Single">
            <render_choice shuffle="Yes">
              <response_label ident="CHOICE_1">
                <material>
                  <mattext texttype="text/plain">92.28 N</mattext>
                </material>
              </response_label>
              <response_label ident="CHOICE_2">
                <material>
                  <mattext texttype="text/plain">123.69 N</mattext>
                </material>
              </response_label>
              <response_label ident="CHOICE_3">
                <material>
                  <mattext texttype="text/plain">96.5 N</mattext>
                </material>
              </response_label>
              <response_label ident="CHOICE_4">
                <material>
                  <mattext texttype="text/plain">133.3 N</mattext>
                </material>
              </response_label>
            </render_choice>
          </response_lid>
        </presentation>
        <resprocessing>
          <outcomes>
            <decvar varname="SCORE" vartype="Decimal" minvalue="0" maxvalue="100"/>
          </outcomes>
          <respcondition continue="No">
            <conditionvar>
              <varequal respident="RESPONSE_q-6">CHOICE_1</varequal>
            </conditionvar>
            <setvar action="Set" varname="SCORE">1</setvar>
          </respcondition>
        </resprocessing>
        <itemfeedback ident="general_fb">
          <flow_mat>
            <material>
              <mattext texttype="text/plain">&lt;p&gt;First&amp;#x2C; note the wagon doesn&amp;#x2019;t move&amp;#x2C; which means the net force on the object is zero in both the horizontal and vertical directions&amp;#x2C; according to Newton&amp;#x2019;s second law.&lt;/p&gt;
&lt;p&gt;The dog applies a pulling force at an upward angle. To find the static friction force&amp;#x2C; we examine forces in the horizontal direction.&lt;/p&gt;
&lt;p&gt;We define &lt;math xmlns="http://www.w3.org/1998/Math/MathML" display="inline"&gt;&lt;mrow&gt;&lt;mi&gt;f&lt;/mi&gt;&lt;/mrow&gt;&lt;/math&gt; as the static friction force. Since the pulling force has a horizontal component:&lt;/p&gt;
&lt;math xmlns="http://www.w3.org/1998/Math/MathML" display="inline"&gt;&lt;mrow&gt;&lt;mi&gt;f&lt;/mi&gt;&lt;mo&gt;&amp;#x02212;&lt;/mo&gt;&lt;mi&gt;F&lt;/mi&gt;&lt;mi&gt;cos&lt;/mi&gt;&lt;mo stretchy="false"&gt;&amp;#x00028;&lt;/mo&gt;&lt;mi&gt;&amp;#x003B8;&lt;/mi&gt;&lt;mo stretchy="false"&gt;&amp;#x00029;&lt;/mo&gt;&lt;mo&gt;&amp;#x0003D;&lt;/mo&gt;&lt;mn&gt;0&lt;/mn&gt;&lt;/mrow&gt;&lt;/math&gt;

&lt;p&gt;Solving for &lt;math xmlns="http://www.w3.org/1998/Math/MathML" display="inline"&gt;&lt;mrow&gt;&lt;mi&gt;f&lt;/mi&gt;&lt;/mrow&gt;&lt;/math&gt;:&lt;/p&gt;
&lt;math xmlns="http://www.w3.org/1998/Math/MathML" display="inline"&gt;&lt;mrow&gt;&lt;mi&gt;f&lt;/mi&gt;&lt;mo&gt;&amp;#x0003D;&lt;/mo&gt;&lt;mi&gt;F&lt;/mi&gt;&lt;mi&gt;cos&lt;/mi&gt;&lt;mo stretchy="false"&gt;&amp;#x00028;&lt;/mo&gt;&lt;mi&gt;&amp;#x003B8;&lt;/mi&gt;&lt;mo stretchy="false"&gt;&amp;#x00029;&lt;/mo&gt;&lt;/mrow&gt;&lt;/math&gt;

&lt;p&gt;Note: The expression &lt;math xmlns="http://www.w3.org/1998/Math/MathML" display="inline"&gt;&lt;mrow&gt;&lt;mi&gt;f&lt;/mi&gt;&lt;mo&gt;&amp;#x0003D;&lt;/mo&gt;&lt;mi&gt;&amp;#x003BC;&lt;/mi&gt;&lt;mi&gt;N&lt;/mi&gt;&lt;/mrow&gt;&lt;/math&gt; represents the &lt;strong&gt;maximum&lt;/strong&gt; static friction. The actual friction force can be smaller&amp;#x2C; just enough to prevent motion.&lt;/p&gt;</mattext>
            </material>
          </flow_mat>
        </itemfeedback>
        <itemfeedback ident="correct_fb">
          <flow_mat>
            <material>
              <mattext texttype="text/plain">&lt;p&gt;Good job&amp;#x21;&lt;/p&gt;</mattext>
            </material>
          </flow_mat>
        </itemfeedback>
        <itemfeedback ident="general_incorrect_fb">
          <flow_mat>
            <material>
              <mattext texttype="text/plain">&lt;p&gt;Try again&amp;#x21;&lt;/p&gt;</mattext>
            </material>
          </flow_mat>
        </itemfeedback>
      </item>
      <item ident="q-7" title="Forklift Pushing a Crate">
        <itemmetadata>
          <qtimetadata>
            <qtimetadatafield>
              <fieldlabel>question_type</fieldlabel>
              <fieldentry>multiple_choice_question</fieldentry>
            </qtimetadatafield>
          </qtimetadata>
        </itemmetadata>
        <presentation>
          <material>
            <mattext texttype="text/plain">&lt;p&gt;A forklift is slowly pushing a large wooden crate across a horizontal concrete loading dock&amp;#x2C; but the crate does not move. The forklift applies a forward force of 1772.2 N using its front plate&amp;#x2C; which exerts the force at an angle of 49.3&amp;#xB0; downward with respect to the horizontal. The mass of the crate is 500 kg&amp;#x2C; and the coefficient of static friction between the crate and the dock is 0.28. Find the static friction in units of Newtons.&lt;/p&gt;</mattext>
          </material>
          <response_lid ident="RESPONSE_q-7" rcardinality="Single">
            <render_choice shuffle="Yes">
              <response_label ident="CHOICE_1">
                <material>
                  <mattext texttype="text/plain">1155.65 N</mattext>
                </material>
              </response_label>
              <response_label ident="CHOICE_2">
                <material>
                  <mattext texttype="text/plain">1748.20 N</mattext>
                </material>
              </response_label>
              <response_label ident="CHOICE_3">
                <material>
                  <mattext texttype="text/plain">1772.2 N</mattext>
                </material>
              </response_label>
              <response_label ident="CHOICE_4">
                <material>
                  <mattext texttype="text/plain">1372.0 N</mattext>
                </material>
              </response_label>
            </render_choice>
          </response_lid>
        </presentation>
        <resprocessing>
          <outcomes>
            <decvar varname="SCORE" vartype="Decimal" minvalue="0" maxvalue="100"/>
          </outcomes>
          <respcondition continue="No">
            <conditionvar>
              <varequal respident="RESPONSE_q-7">CHOICE_1</varequal>
            </conditionvar>
            <setvar action="Set" varname="SCORE">1</setvar>
          </respcondition>
        </resprocessing>
        <itemfeedback ident="general_fb">
          <flow_mat>
            <material>
              <mattext texttype="text/plain">&lt;p&gt;Because the crate remains stationary&amp;#x2C; Newton&amp;#x2019;s second law implies that all forces balance out&amp;#x2C; both horizontally and vertically.&lt;/p&gt;
&lt;p&gt;The forklift is pushing at a downward angle&amp;#x2C; which affects the normal force but also contributes a horizontal force component.&lt;/p&gt;
&lt;p&gt;We define &lt;math xmlns="http://www.w3.org/1998/Math/MathML" display="inline"&gt;&lt;mrow&gt;&lt;mi&gt;f&lt;/mi&gt;&lt;/mrow&gt;&lt;/math&gt; as the static friction force opposing motion. Summing forces in the horizontal direction gives:&lt;/p&gt;
&lt;math xmlns="http://www.w3.org/1998/Math/MathML" display="inline"&gt;&lt;mrow&gt;&lt;mi&gt;f&lt;/mi&gt;&lt;mo&gt;&amp;#x02212;&lt;/mo&gt;&lt;mi&gt;F&lt;/mi&gt;&lt;mi&gt;cos&lt;/mi&gt;&lt;mo stretchy="false"&gt;&amp;#x00028;&lt;/mo&gt;&lt;mi&gt;&amp;#x003B8;&lt;/mi&gt;&lt;mo stretchy="false"&gt;&amp;#x00029;&lt;/mo&gt;&lt;mo&gt;&amp;#x0003D;&lt;/mo&gt;&lt;mn&gt;0&lt;/mn&gt;&lt;/mrow&gt;&lt;/math&gt;

&lt;p&gt;Solving for &lt;math xmlns="http://www.w3.org/1998/Math/MathML" display="inline"&gt;&lt;mrow&gt;&lt;mi&gt;f&lt;/mi&gt;&lt;/mrow&gt;&lt;/math&gt;:&lt;/p&gt;
&lt;math xmlns="http://www.w3.org/1998/Math/MathML" display="inline"&gt;&lt;mrow&gt;&lt;mi&gt;f&lt;/mi&gt;&lt;mo&gt;&amp;#x0003D;&lt;/mo&gt;&lt;mi&gt;F&lt;/mi&gt;&lt;mi&gt;cos&lt;/mi&gt;&lt;mo stretchy="false"&gt;&amp;#x00028;&lt;/mo&gt;&lt;mi&gt;&amp;#x003B8;&lt;/mi&gt;&lt;mo stretchy="false"&gt;&amp;#x00029;&lt;/mo&gt;&lt;/mrow&gt;&lt;/math&gt;

&lt;p&gt;Remember that &lt;math xmlns="http://www.w3.org/1998/Math/MathML" display="inline"&gt;&lt;mrow&gt;&lt;mi&gt;&amp;#x003BC;&lt;/mi&gt;&lt;mi&gt;N&lt;/mi&gt;&lt;/mrow&gt;&lt;/math&gt; is only the &lt;strong&gt;maximum possible&lt;/strong&gt; static friction. The actual force adjusts as needed to keep the object from moving.&lt;/p&gt;</mattext>
            </material>
          </flow_mat>
        </itemfeedback>
        <itemfeedback ident="correct_fb">
          <flow_mat>
            <material>
              <mattext texttype="text/plain">&lt;p&gt;Good job&amp;#x21;&lt;/p&gt;</mattext>
            </material>
          </flow_mat>
        </itemfeedback>
        <itemfeedback ident="general_incorrect_fb">
          <flow_mat>
            <material>
              <mattext texttype="text/plain">&lt;p&gt;Try again&amp;#x21;&lt;/p&gt;</mattext>
            </material>
          </flow_mat>
        </itemfeedback>
      </item>
      <item ident="q-8" title="Child Dragging a Toy Wagon">
        <itemmetadata>
          <qtimetadata>
            <qtimetadatafield>
              <fieldlabel>question_type</fieldlabel>
              <fieldentry>multiple_choice_question</fieldentry>
            </qtimetadatafield>
          </qtimetadata>
        </itemmetadata>
        <presentation>
          <material>
            <mattext texttype="text/plain">&lt;p&gt;A child is dragging a toy wagon full of books across a wooden floor&amp;#x2C; but the wagon does not move. The child pulls with a force of 42.4 N using a rope that forms an angle of 54.8&amp;#xB0; upward with respect to the horizontal. The mass of the wagon is 10 kg&amp;#x2C; and the coefficient of static friction between the wagon and the wood is 0.42. Find the static friction in units of Newtons.&lt;/p&gt;</mattext>
          </material>
          <response_lid ident="RESPONSE_q-8" rcardinality="Single">
            <render_choice shuffle="Yes">
              <response_label ident="CHOICE_1">
                <material>
                  <mattext texttype="text/plain">24.44 N</mattext>
                </material>
              </response_label>
              <response_label ident="CHOICE_2">
                <material>
                  <mattext texttype="text/plain">26.61 N</mattext>
                </material>
              </response_label>
              <response_label ident="CHOICE_3">
                <material>
                  <mattext texttype="text/plain">42.4 N</mattext>
                </material>
              </response_label>
              <response_label ident="CHOICE_4">
                <material>
                  <mattext texttype="text/plain">41.2 N</mattext>
                </material>
              </response_label>
            </render_choice>
          </response_lid>
        </presentation>
        <resprocessing>
          <outcomes>
            <decvar varname="SCORE" vartype="Decimal" minvalue="0" maxvalue="100"/>
          </outcomes>
          <respcondition continue="No">
            <conditionvar>
              <varequal respident="RESPONSE_q-8">CHOICE_1</varequal>
            </conditionvar>
            <setvar action="Set" varname="SCORE">1</setvar>
          </respcondition>
        </resprocessing>
        <itemfeedback ident="general_fb">
          <flow_mat>
            <material>
              <mattext texttype="text/plain">&lt;p&gt;Since the wagon remains at rest&amp;#x2C; the total force on it is zero in both directions&amp;#x2C; per Newton&amp;#x2019;s second law.&lt;/p&gt;
&lt;p&gt;The child pulls the wagon using a rope that is angled upward. This force has a horizontal component responsible for potentially moving the wagon.&lt;/p&gt;
&lt;p&gt;We define &lt;math xmlns="http://www.w3.org/1998/Math/MathML" display="inline"&gt;&lt;mrow&gt;&lt;mi&gt;f&lt;/mi&gt;&lt;/mrow&gt;&lt;/math&gt; as the static friction force. Summing forces along the horizontal axis gives:&lt;/p&gt;
&lt;math xmlns="http://www.w3.org/1998/Math/MathML" display="inline"&gt;&lt;mrow&gt;&lt;mi&gt;f&lt;/mi&gt;&lt;mo&gt;&amp;#x02212;&lt;/mo&gt;&lt;mi&gt;F&lt;/mi&gt;&lt;mi&gt;cos&lt;/mi&gt;&lt;mo stretchy="false"&gt;&amp;#x00028;&lt;/mo&gt;&lt;mi&gt;&amp;#x003B8;&lt;/mi&gt;&lt;mo stretchy="false"&gt;&amp;#x00029;&lt;/mo&gt;&lt;mo&gt;&amp;#x0003D;&lt;/mo&gt;&lt;mn&gt;0&lt;/mn&gt;&lt;/mrow&gt;&lt;/math&gt;

&lt;p&gt;Solving:&lt;/p&gt;
&lt;math xmlns="http://www.w3.org/1998/Math/MathML" display="inline"&gt;&lt;mrow&gt;&lt;mi&gt;f&lt;/mi&gt;&lt;mo&gt;&amp;#x0003D;&lt;/mo&gt;&lt;mi&gt;F&lt;/mi&gt;&lt;mi&gt;cos&lt;/mi&gt;&lt;mo stretchy="false"&gt;&amp;#x00028;&lt;/mo&gt;&lt;mi&gt;&amp;#x003B8;&lt;/mi&gt;&lt;mo stretchy="false"&gt;&amp;#x00029;&lt;/mo&gt;&lt;/mrow&gt;&lt;/math&gt;

&lt;p&gt;Again&amp;#x2C; while &lt;math xmlns="http://www.w3.org/1998/Math/MathML" display="inline"&gt;&lt;mrow&gt;&lt;mi&gt;f&lt;/mi&gt;&lt;mo&gt;&amp;#x0003D;&lt;/mo&gt;&lt;mi&gt;&amp;#x003BC;&lt;/mi&gt;&lt;mi&gt;N&lt;/mi&gt;&lt;/mrow&gt;&lt;/math&gt; describes the &lt;strong&gt;maximum&lt;/strong&gt; static friction&amp;#x2C; the actual static friction force is exactly what is needed to keep the object at rest.&lt;/p&gt;</mattext>
            </material>
          </flow_mat>
        </itemfeedback>
        <itemfeedback ident="correct_fb">
          <flow_mat>
            <material>
              <mattext texttype="text/plain">&lt;p&gt;Good job&amp;#x21;&lt;/p&gt;</mattext>
            </material>
          </flow_mat>
        </itemfeedback>
        <itemfeedback ident="general_incorrect_fb">
          <flow_mat>
            <material>
              <mattext texttype="text/plain">&lt;p&gt;Try again&amp;#x21;&lt;/p&gt;</mattext>
            </material>
          </flow_mat>
        </itemfeedback>
      </item>
      <item ident="q-9" title="Worker Pushing a Cement Mixer">
        <itemmetadata>
          <qtimetadata>
            <qtimetadatafield>
              <fieldlabel>question_type</fieldlabel>
              <fieldentry>multiple_choice_question</fieldentry>
            </qtimetadatafield>
          </qtimetadata>
        </itemmetadata>
        <presentation>
          <material>
            <mattext texttype="text/plain">&lt;p&gt;A construction worker is attempting to push a cement mixer across a horizontal section of pavement&amp;#x2C; but the mixer stays still. The worker applies a force of 272.3 N at an angle of 57.4&amp;#xB0; downward with respect to the horizontal. The mass of the mixer is 150 kg&amp;#x2C; and the coefficient of static friction between the mixer and the pavement is 0.13. Find the static friction in units of Newtons.&lt;/p&gt;</mattext>
          </material>
          <response_lid ident="RESPONSE_q-9" rcardinality="Single">
            <render_choice shuffle="Yes">
              <response_label ident="CHOICE_1">
                <material>
                  <mattext texttype="text/plain">146.71 N</mattext>
                </material>
              </response_label>
              <response_label ident="CHOICE_2">
                <material>
                  <mattext texttype="text/plain">220.92 N</mattext>
                </material>
              </response_label>
              <response_label ident="CHOICE_3">
                <material>
                  <mattext texttype="text/plain">272.3 N</mattext>
                </material>
              </response_label>
              <response_label ident="CHOICE_4">
                <material>
                  <mattext texttype="text/plain">191.1 N</mattext>
                </material>
              </response_label>
            </render_choice>
          </response_lid>
        </presentation>
        <resprocessing>
          <outcomes>
            <decvar varname="SCORE" vartype="Decimal" minvalue="0" maxvalue="100"/>
          </outcomes>
          <respcondition continue="No">
            <conditionvar>
              <varequal respident="RESPONSE_q-9">CHOICE_1</varequal>
            </conditionvar>
            <setvar action="Set" varname="SCORE">1</setvar>
          </respcondition>
        </resprocessing>
        <itemfeedback ident="general_fb">
          <flow_mat>
            <material>
              <mattext texttype="text/plain">&lt;p&gt;First&amp;#x2C; since the cement mixer remains stationary&amp;#x2C; Newton&amp;#x2019;s second law tells us that the net force must be zero in both the horizontal and vertical directions.&lt;/p&gt;
&lt;p&gt;The worker applies force at a downward angle&amp;#x2C; so we must consider the horizontal component of this force to find the friction. We can define &lt;math xmlns="http://www.w3.org/1998/Math/MathML" display="inline"&gt;&lt;mrow&gt;&lt;mi&gt;f&lt;/mi&gt;&lt;/mrow&gt;&lt;/math&gt; as the static friction force that opposes the push.&lt;/p&gt;
&lt;p&gt;We can write the force equation in the x-direction:&lt;/p&gt;
&lt;math xmlns="http://www.w3.org/1998/Math/MathML" display="inline"&gt;&lt;mrow&gt;&lt;mi&gt;f&lt;/mi&gt;&lt;mo&gt;&amp;#x02212;&lt;/mo&gt;&lt;mi&gt;F&lt;/mi&gt;&lt;mi&gt;cos&lt;/mi&gt;&lt;mo stretchy="false"&gt;&amp;#x00028;&lt;/mo&gt;&lt;mi&gt;&amp;#x003B8;&lt;/mi&gt;&lt;mo stretchy="false"&gt;&amp;#x00029;&lt;/mo&gt;&lt;mo&gt;&amp;#x0003D;&lt;/mo&gt;&lt;mn&gt;0&lt;/mn&gt;&lt;/mrow&gt;&lt;/math&gt;

&lt;p&gt;Solving for the static friction gives:&lt;/p&gt;
&lt;math xmlns="http://www.w3.org/1998/Math/MathML" display="inline"&gt;&lt;mrow&gt;&lt;mi&gt;f&lt;/mi&gt;&lt;mo&gt;&amp;#x0003D;&lt;/mo&gt;&lt;mi&gt;F&lt;/mi&gt;&lt;mi&gt;cos&lt;/mi&gt;&lt;mo stretchy="false"&gt;&amp;#x00028;&lt;/mo&gt;&lt;mi&gt;&amp;#x003B8;&lt;/mi&gt;&lt;mo stretchy="false"&gt;&amp;#x00029;&lt;/mo&gt;&lt;/mrow&gt;&lt;/math&gt;

&lt;p&gt;It's important to remember that &lt;math xmlns="http://www.w3.org/1998/Math/MathML" display="inline"&gt;&lt;mrow&gt;&lt;mi&gt;f&lt;/mi&gt;&lt;mo&gt;&amp;#x0003D;&lt;/mo&gt;&lt;msub&gt;&lt;mi&gt;&amp;#x003BC;&lt;/mi&gt;&lt;mi&gt;s&lt;/mi&gt;&lt;/msub&gt;&lt;mi&gt;N&lt;/mi&gt;&lt;/mrow&gt;&lt;/math&gt; gives the &lt;strong&gt;maximum&lt;/strong&gt; possible static friction. The actual static friction adjusts to be equal and opposite to the applied horizontal force&amp;#x2C; as long as that force is less than the maximum.&lt;/p&gt;</mattext>
            </material>
          </flow_mat>
        </itemfeedback>
        <itemfeedback ident="correct_fb">
          <flow_mat>
            <material>
              <mattext texttype="text/plain">&lt;p&gt;Good job&amp;#x21;&lt;/p&gt;</mattext>
            </material>
          </flow_mat>
        </itemfeedback>
        <itemfeedback ident="general_incorrect_fb">
          <flow_mat>
            <material>
              <mattext texttype="text/plain">&lt;p&gt;Try again&amp;#x21;&lt;/p&gt;</mattext>
            </material>
          </flow_mat>
        </itemfeedback>
      </item>
      <item ident="q-10" title="Delivery Robot Pulling a Cart">
        <itemmetadata>
          <qtimetadata>
            <qtimetadatafield>
              <fieldlabel>question_type</fieldlabel>
              <fieldentry>multiple_choice_question</fieldentry>
            </qtimetadatafield>
          </qtimetadata>
        </itemmetadata>
        <presentation>
          <material>
            <mattext texttype="text/plain">&lt;p&gt;An autonomous delivery robot is trying to pull a wheeled cart full of packages across a brick-paved courtyard&amp;#x2C; but the cart remains stationary on the horizontal surface. The robot exerts a pulling force of 184.2 N using a tether that forms an angle of 45.2&amp;#xB0; upward with respect to the horizontal. The mass of the cart is 60 kg&amp;#x2C; and the coefficient of static friction between the cart and the bricks is 0.31. Find the static friction in units of Newtons.&lt;/p&gt;</mattext>
          </material>
          <response_lid ident="RESPONSE_q-10" rcardinality="Single">
            <render_choice shuffle="Yes">
              <response_label ident="CHOICE_1">
                <material>
                  <mattext texttype="text/plain">129.79 N</mattext>
                </material>
              </response_label>
              <response_label ident="CHOICE_2">
                <material>
                  <mattext texttype="text/plain">141.76 N</mattext>
                </material>
              </response_label>
              <response_label ident="CHOICE_3">
                <material>
                  <mattext texttype="text/plain">184.2 N</mattext>
                </material>
              </response_label>
              <response_label ident="CHOICE_4">
                <material>
                  <mattext texttype="text/plain">182.5 N</mattext>
                </material>
              </response_label>
            </render_choice>
          </response_lid>
        </presentation>
        <resprocessing>
          <outcomes>
            <decvar varname="SCORE" vartype="Decimal" minvalue="0" maxvalue="100"/>
          </outcomes>
          <respcondition continue="No">
            <conditionvar>
              <varequal respident="RESPONSE_q-10">CHOICE_1</varequal>
            </conditionvar>
            <setvar action="Set" varname="SCORE">1</setvar>
          </respcondition>
        </resprocessing>
        <itemfeedback ident="general_fb">
          <flow_mat>
            <material>
              <mattext texttype="text/plain">&lt;p&gt;Because the cart does not move&amp;#x2C; we know from Newton's second law that the net force on it is zero.&lt;/p&gt;
&lt;p&gt;The robot pulls the cart with a tether angled upward. To find the static friction&amp;#x2C; &lt;math xmlns="http://www.w3.org/1998/Math/MathML" display="inline"&gt;&lt;mrow&gt;&lt;mi&gt;f&lt;/mi&gt;&lt;/mrow&gt;&lt;/math&gt;&amp;#x2C; we only need to consider the forces acting along the horizontal axis.&lt;/p&gt;
&lt;p&gt;The force balance equation in the horizontal direction is:&lt;/p&gt;
&lt;math xmlns="http://www.w3.org/1998/Math/MathML" display="inline"&gt;&lt;mrow&gt;&lt;mi&gt;f&lt;/mi&gt;&lt;mo&gt;&amp;#x02212;&lt;/mo&gt;&lt;mi&gt;F&lt;/mi&gt;&lt;mi&gt;cos&lt;/mi&gt;&lt;mo stretchy="false"&gt;&amp;#x00028;&lt;/mo&gt;&lt;mi&gt;&amp;#x003B8;&lt;/mi&gt;&lt;mo stretchy="false"&gt;&amp;#x00029;&lt;/mo&gt;&lt;mo&gt;&amp;#x0003D;&lt;/mo&gt;&lt;mn&gt;0&lt;/mn&gt;&lt;/mrow&gt;&lt;/math&gt;

&lt;p&gt;Solving this for the friction force&amp;#x2C; we get:&lt;/p&gt;
&lt;math xmlns="http://www.w3.org/1998/Math/MathML" display="inline"&gt;&lt;mrow&gt;&lt;mi&gt;f&lt;/mi&gt;&lt;mo&gt;&amp;#x0003D;&lt;/mo&gt;&lt;mi&gt;F&lt;/mi&gt;&lt;mi&gt;cos&lt;/mi&gt;&lt;mo stretchy="false"&gt;&amp;#x00028;&lt;/mo&gt;&lt;mi&gt;&amp;#x003B8;&lt;/mi&gt;&lt;mo stretchy="false"&gt;&amp;#x00029;&lt;/mo&gt;&lt;/mrow&gt;&lt;/math&gt;

&lt;p&gt;Remember&amp;#x2C; the value &lt;math xmlns="http://www.w3.org/1998/Math/MathML" display="inline"&gt;&lt;mrow&gt;&lt;msub&gt;&lt;mi&gt;&amp;#x003BC;&lt;/mi&gt;&lt;mi&gt;s&lt;/mi&gt;&lt;/msub&gt;&lt;mi&gt;N&lt;/mi&gt;&lt;/mrow&gt;&lt;/math&gt; represents the &lt;strong&gt;maximum&lt;/strong&gt; static friction. The actual static friction is the force required to prevent motion&amp;#x2C; which is equal to the horizontal component of the pulling force.&lt;/p&gt;</mattext>
            </material>
          </flow_mat>
        </itemfeedback>
        <itemfeedback ident="correct_fb">
          <flow_mat>
            <material>
              <mattext texttype="text/plain">&lt;p&gt;Good job&amp;#x21;&lt;/p&gt;</mattext>
            </material>
          </flow_mat>
        </itemfeedback>
        <itemfeedback ident="general_incorrect_fb">
          <flow_mat>
            <material>
              <mattext texttype="text/plain">&lt;p&gt;Try again&amp;#x21;&lt;/p&gt;</mattext>
            </material>
          </flow_mat>
        </itemfeedback>
      </item>
      <item ident="q-11" title="Person Pushing a Bookshelf">
        <itemmetadata>
          <qtimetadata>
            <qtimetadatafield>
              <fieldlabel>question_type</fieldlabel>
              <fieldentry>multiple_choice_question</fieldentry>
            </qtimetadatafield>
          </qtimetadata>
        </itemmetadata>
        <presentation>
          <material>
            <mattext texttype="text/plain">&lt;p&gt;A person tries to push a tall bookshelf across a wooden floor&amp;#x2C; but the bookshelf does not move. The person pushes with a force of 210.0 N at an angle of 25.0&amp;#xB0; downward with respect to the horizontal. The mass of the bookshelf is 120 kg&amp;#x2C; and the coefficient of static friction between the bookshelf and the wood is 0.30. Find the magnitude of the static friction.&lt;/p&gt;</mattext>
          </material>
          <response_lid ident="RESPONSE_q-11" rcardinality="Single">
            <render_choice shuffle="Yes">
              <response_label ident="CHOICE_1">
                <material>
                  <mattext texttype="text/plain">190.32 N</mattext>
                </material>
              </response_label>
              <response_label ident="CHOICE_2">
                <material>
                  <mattext texttype="text/plain">379.42 N</mattext>
                </material>
              </response_label>
              <response_label ident="CHOICE_3">
                <material>
                  <mattext texttype="text/plain">210.0 N</mattext>
                </material>
              </response_label>
              <response_label ident="CHOICE_4">
                <material>
                  <mattext texttype="text/plain">352.80 N</mattext>
                </material>
              </response_label>
            </render_choice>
          </response_lid>
        </presentation>
        <resprocessing>
          <outcomes>
            <decvar varname="SCORE" vartype="Decimal" minvalue="0" maxvalue="100"/>
          </outcomes>
          <respcondition continue="No">
            <conditionvar>
              <varequal respident="RESPONSE_q-11">CHOICE_1</varequal>
            </conditionvar>
            <setvar action="Set" varname="SCORE">1</setvar>
          </respcondition>
        </resprocessing>
        <itemfeedback ident="general_fb">
          <flow_mat>
            <material>
              <mattext texttype="text/plain">&lt;p&gt;First&amp;#x2C; observe that the bookshelf is not moving. According to Newton's second law&amp;#x2C; this means the total force on the bookshelf is zero in all directions.&lt;/p&gt;
&lt;p&gt;The person is pushing at a downward angle. The force that static friction must oppose is the horizontal component of this push. Let's call the static friction force &lt;math xmlns="http://www.w3.org/1998/Math/MathML" display="inline"&gt;&lt;mrow&gt;&lt;mi&gt;f&lt;/mi&gt;&lt;/mrow&gt;&lt;/math&gt;.&lt;/p&gt;
&lt;p&gt;The sum of the horizontal forces is:&lt;/p&gt;
&lt;math xmlns="http://www.w3.org/1998/Math/MathML" display="inline"&gt;&lt;mrow&gt;&lt;mi&gt;f&lt;/mi&gt;&lt;mo&gt;&amp;#x02212;&lt;/mo&gt;&lt;mi&gt;F&lt;/mi&gt;&lt;mi&gt;cos&lt;/mi&gt;&lt;mo stretchy="false"&gt;&amp;#x00028;&lt;/mo&gt;&lt;mi&gt;&amp;#x003B8;&lt;/mi&gt;&lt;mo stretchy="false"&gt;&amp;#x00029;&lt;/mo&gt;&lt;mo&gt;&amp;#x0003D;&lt;/mo&gt;&lt;mn&gt;0&lt;/mn&gt;&lt;/mrow&gt;&lt;/math&gt;

&lt;p&gt;Therefore&amp;#x2C; the static friction is:&lt;/p&gt;
&lt;math xmlns="http://www.w3.org/1998/Math/MathML" display="inline"&gt;&lt;mrow&gt;&lt;mi&gt;f&lt;/mi&gt;&lt;mo&gt;&amp;#x0003D;&lt;/mo&gt;&lt;mi&gt;F&lt;/mi&gt;&lt;mi&gt;cos&lt;/mi&gt;&lt;mo stretchy="false"&gt;&amp;#x00028;&lt;/mo&gt;&lt;mi&gt;&amp;#x003B8;&lt;/mi&gt;&lt;mo stretchy="false"&gt;&amp;#x00029;&lt;/mo&gt;&lt;/mrow&gt;&lt;/math&gt;

&lt;p&gt;Note that the formula &lt;math xmlns="http://www.w3.org/1998/Math/MathML" display="inline"&gt;&lt;mrow&gt;&lt;mi&gt;f&lt;/mi&gt;&lt;mo&gt;&amp;#x0003D;&lt;/mo&gt;&lt;msub&gt;&lt;mi&gt;&amp;#x003BC;&lt;/mi&gt;&lt;mi&gt;s&lt;/mi&gt;&lt;/msub&gt;&lt;mi&gt;N&lt;/mi&gt;&lt;/mrow&gt;&lt;/math&gt; calculates the &lt;strong&gt;maximum&lt;/strong&gt; value of static friction. The actual static friction force is just strong enough to counteract the horizontal component of the applied force.&lt;/p&gt;</mattext>
            </material>
          </flow_mat>
        </itemfeedback>
        <itemfeedback ident="correct_fb">
          <flow_mat>
            <material>
              <mattext texttype="text/plain">&lt;p&gt;Good job&amp;#x21;&lt;/p&gt;</mattext>
            </material>
          </flow_mat>
        </itemfeedback>
        <itemfeedback ident="general_incorrect_fb">
          <flow_mat>
            <material>
              <mattext texttype="text/plain">&lt;p&gt;Try again&amp;#x21;&lt;/p&gt;</mattext>
            </material>
          </flow_mat>
        </itemfeedback>
      </item>
      <item ident="q-12" title="Worker Pulling a Hand Truck">
        <itemmetadata>
          <qtimetadata>
            <qtimetadatafield>
              <fieldlabel>question_type</fieldlabel>
              <fieldentry>multiple_choice_question</fieldentry>
            </qtimetadatafield>
          </qtimetadata>
        </itemmetadata>
        <presentation>
          <material>
            <mattext texttype="text/plain">&lt;p&gt;A warehouse worker pulls on a hand truck loaded with boxes across a concrete floor&amp;#x2C; but the truck remains at rest on the horizontal surface. The worker pulls with a force of 235.0 N using a handle that makes an angle of 40.0&amp;#xB0; upward with respect to the horizontal. The mass of the loaded hand truck is 90 kg&amp;#x2C; and the coefficient of static friction is 0.28. Find the magnitude of the static friction.&lt;/p&gt;</mattext>
          </material>
          <response_lid ident="RESPONSE_q-12" rcardinality="Single">
            <render_choice shuffle="Yes">
              <response_label ident="CHOICE_1">
                <material>
                  <mattext texttype="text/plain">180.02 N</mattext>
                </material>
              </response_label>
              <response_label ident="CHOICE_2">
                <material>
                  <mattext texttype="text/plain">204.66 N</mattext>
                </material>
              </response_label>
              <response_label ident="CHOICE_3">
                <material>
                  <mattext texttype="text/plain">235.0 N</mattext>
                </material>
              </response_label>
              <response_label ident="CHOICE_4">
                <material>
                  <mattext texttype="text/plain">246.96 N</mattext>
                </material>
              </response_label>
            </render_choice>
          </response_lid>
        </presentation>
        <resprocessing>
          <outcomes>
            <decvar varname="SCORE" vartype="Decimal" minvalue="0" maxvalue="100"/>
          </outcomes>
          <respcondition continue="No">
            <conditionvar>
              <varequal respident="RESPONSE_q-12">CHOICE_1</varequal>
            </conditionvar>
            <setvar action="Set" varname="SCORE">1</setvar>
          </respcondition>
        </resprocessing>
        <itemfeedback ident="general_fb">
          <flow_mat>
            <material>
              <mattext texttype="text/plain">&lt;p&gt;Since the hand truck remains at rest&amp;#x2C; we know that the net force acting on it is zero&amp;#x2C; as stated by Newton's second law.&lt;/p&gt;
&lt;p&gt;The worker is pulling at an upward angle. The static friction&amp;#x2C; &lt;math xmlns="http://www.w3.org/1998/Math/MathML" display="inline"&gt;&lt;mrow&gt;&lt;mi&gt;f&lt;/mi&gt;&lt;/mrow&gt;&lt;/math&gt;&amp;#x2C; acts horizontally to oppose the horizontal component of the worker's pull.&lt;/p&gt;
&lt;p&gt;We can write the equation for the forces in the horizontal direction:&lt;/p&gt;
&lt;math xmlns="http://www.w3.org/1998/Math/MathML" display="inline"&gt;&lt;mrow&gt;&lt;mi&gt;f&lt;/mi&gt;&lt;mo&gt;&amp;#x02212;&lt;/mo&gt;&lt;mi&gt;F&lt;/mi&gt;&lt;mi&gt;cos&lt;/mi&gt;&lt;mo stretchy="false"&gt;&amp;#x00028;&lt;/mo&gt;&lt;mi&gt;&amp;#x003B8;&lt;/mi&gt;&lt;mo stretchy="false"&gt;&amp;#x00029;&lt;/mo&gt;&lt;mo&gt;&amp;#x0003D;&lt;/mo&gt;&lt;mn&gt;0&lt;/mn&gt;&lt;/mrow&gt;&lt;/math&gt;

&lt;p&gt;This gives us the magnitude of the static friction:&lt;/p&gt;
&lt;math xmlns="http://www.w3.org/1998/Math/MathML" display="inline"&gt;&lt;mrow&gt;&lt;mi&gt;f&lt;/mi&gt;&lt;mo&gt;&amp;#x0003D;&lt;/mo&gt;&lt;mi&gt;F&lt;/mi&gt;&lt;mi&gt;cos&lt;/mi&gt;&lt;mo stretchy="false"&gt;&amp;#x00028;&lt;/mo&gt;&lt;mi&gt;&amp;#x003B8;&lt;/mi&gt;&lt;mo stretchy="false"&gt;&amp;#x00029;&lt;/mo&gt;&lt;/mrow&gt;&lt;/math&gt;

&lt;p&gt;Keep in mind that &lt;math xmlns="http://www.w3.org/1998/Math/MathML" display="inline"&gt;&lt;mrow&gt;&lt;msub&gt;&lt;mi&gt;&amp;#x003BC;&lt;/mi&gt;&lt;mi&gt;s&lt;/mi&gt;&lt;/msub&gt;&lt;mi&gt;N&lt;/mi&gt;&lt;/mrow&gt;&lt;/math&gt; is the &lt;strong&gt;maximum&lt;/strong&gt; static friction possible. The actual static friction adjusts its magnitude to be exactly equal to the opposing horizontal force.&lt;/p&gt;</mattext>
            </material>
          </flow_mat>
        </itemfeedback>
        <itemfeedback ident="correct_fb">
          <flow_mat>
            <material>
              <mattext texttype="text/plain">&lt;p&gt;Good job&amp;#x21;&lt;/p&gt;</mattext>
            </material>
          </flow_mat>
        </itemfeedback>
        <itemfeedback ident="general_incorrect_fb">
          <flow_mat>
            <material>
              <mattext texttype="text/plain">&lt;p&gt;Try again&amp;#x21;&lt;/p&gt;</mattext>
            </material>
          </flow_mat>
        </itemfeedback>
      </item>
      <item ident="q-13" title="Athlete Pushing a Sled">
        <itemmetadata>
          <qtimetadata>
            <qtimetadatafield>
              <fieldlabel>question_type</fieldlabel>
              <fieldentry>multiple_choice_question</fieldentry>
            </qtimetadatafield>
          </qtimetadata>
        </itemmetadata>
        <presentation>
          <material>
            <mattext texttype="text/plain">&lt;p&gt;An athlete pushes a weighted training sled across artificial turf&amp;#x2C; but the sled does not move. The athlete applies a force of 400.0 N at an angle of 15.0&amp;#xB0; downward with respect to the horizontal. The mass of the sled is 200 kg&amp;#x2C; and the coefficient of static friction between the sled and the turf is 0.35. Find the magnitude of the static friction.&lt;/p&gt;</mattext>
          </material>
          <response_lid ident="RESPONSE_q-13" rcardinality="Single">
            <render_choice shuffle="Yes">
              <response_label ident="CHOICE_1">
                <material>
                  <mattext texttype="text/plain">386.37 N</mattext>
                </material>
              </response_label>
              <response_label ident="CHOICE_2">
                <material>
                  <mattext texttype="text/plain">722.23 N</mattext>
                </material>
              </response_label>
              <response_label ident="CHOICE_3">
                <material>
                  <mattext texttype="text/plain">400.0 N</mattext>
                </material>
              </response_label>
              <response_label ident="CHOICE_4">
                <material>
                  <mattext texttype="text/plain">686.00 N</mattext>
                </material>
              </response_label>
            </render_choice>
          </response_lid>
        </presentation>
        <resprocessing>
          <outcomes>
            <decvar varname="SCORE" vartype="Decimal" minvalue="0" maxvalue="100"/>
          </outcomes>
          <respcondition continue="No">
            <conditionvar>
              <varequal respident="RESPONSE_q-13">CHOICE_1</varequal>
            </conditionvar>
            <setvar action="Set" varname="SCORE">1</setvar>
          </respcondition>
        </resprocessing>
        <itemfeedback ident="general_fb">
          <flow_mat>
            <material>
              <mattext texttype="text/plain">&lt;p&gt;The problem states that the sled does not move&amp;#x2C; which means the forces are balanced&amp;#x2C; and the net force is zero according to Newton's second law.&lt;/p&gt;
&lt;p&gt;The athlete pushes with a force directed at a downward angle. The static friction&amp;#x2C; which we'll call &lt;math xmlns="http://www.w3.org/1998/Math/MathML" display="inline"&gt;&lt;mrow&gt;&lt;mi&gt;f&lt;/mi&gt;&lt;/mrow&gt;&lt;/math&gt;&amp;#x2C; acts horizontally to oppose the motion. We only need to consider the horizontal component of the athlete's push.&lt;/p&gt;
&lt;p&gt;The force balance in the horizontal direction is:&lt;/p&gt;
&lt;math xmlns="http://www.w3.org/1998/Math/MathML" display="inline"&gt;&lt;mrow&gt;&lt;mi&gt;f&lt;/mi&gt;&lt;mo&gt;&amp;#x02212;&lt;/mo&gt;&lt;mi&gt;F&lt;/mi&gt;&lt;mi&gt;cos&lt;/mi&gt;&lt;mo stretchy="false"&gt;&amp;#x00028;&lt;/mo&gt;&lt;mi&gt;&amp;#x003B8;&lt;/mi&gt;&lt;mo stretchy="false"&gt;&amp;#x00029;&lt;/mo&gt;&lt;mo&gt;&amp;#x0003D;&lt;/mo&gt;&lt;mn&gt;0&lt;/mn&gt;&lt;/mrow&gt;&lt;/math&gt;

&lt;p&gt;Solving for the static friction&amp;#x2C; we find:&lt;/p&gt;
&lt;math xmlns="http://www.w3.org/1998/Math/MathML" display="inline"&gt;&lt;mrow&gt;&lt;mi&gt;f&lt;/mi&gt;&lt;mo&gt;&amp;#x0003D;&lt;/mo&gt;&lt;mi&gt;F&lt;/mi&gt;&lt;mi&gt;cos&lt;/mi&gt;&lt;mo stretchy="false"&gt;&amp;#x00028;&lt;/mo&gt;&lt;mi&gt;&amp;#x003B8;&lt;/mi&gt;&lt;mo stretchy="false"&gt;&amp;#x00029;&lt;/mo&gt;&lt;/mrow&gt;&lt;/math&gt;

&lt;p&gt;It is crucial to understand that &lt;math xmlns="http://www.w3.org/1998/Math/MathML" display="inline"&gt;&lt;mrow&gt;&lt;msub&gt;&lt;mi&gt;&amp;#x003BC;&lt;/mi&gt;&lt;mi&gt;s&lt;/mi&gt;&lt;/msub&gt;&lt;mi&gt;N&lt;/mi&gt;&lt;/mrow&gt;&lt;/math&gt; gives the &lt;strong&gt;maximum&lt;/strong&gt; static friction. The actual static friction force is simply the amount needed to keep the sled stationary.&lt;/p&gt;</mattext>
            </material>
          </flow_mat>
        </itemfeedback>
        <itemfeedback ident="correct_fb">
          <flow_mat>
            <material>
              <mattext texttype="text/plain">&lt;p&gt;Good job&amp;#x21;&lt;/p&gt;</mattext>
            </material>
          </flow_mat>
        </itemfeedback>
        <itemfeedback ident="general_incorrect_fb">
          <flow_mat>
            <material>
              <mattext texttype="text/plain">&lt;p&gt;Try again&amp;#x21;&lt;/p&gt;</mattext>
            </material>
          </flow_mat>
        </itemfeedback>
      </item>
      <item ident="q-14" title="Gardener Pulling a Lawn Roller">
        <itemmetadata>
          <qtimetadata>
            <qtimetadatafield>
              <fieldlabel>question_type</fieldlabel>
              <fieldentry>multiple_choice_question</fieldentry>
            </qtimetadatafield>
          </qtimetadata>
        </itemmetadata>
        <presentation>
          <material>
            <mattext texttype="text/plain">&lt;p&gt;A gardener attempts to pull a cylindrical lawn roller across the grass&amp;#x2C; but the roller stays still. The gardener pulls with a force of 180.0 N using a rope that makes an angle of 30.0&amp;#xB0; upward with respect to the horizontal. The mass of the lawn roller is 75 kg&amp;#x2C; and the coefficient of static friction is 0.25. Find the magnitude of the static friction.&lt;/p&gt;</mattext>
          </material>
          <response_lid ident="RESPONSE_q-14" rcardinality="Single">
            <render_choice shuffle="Yes">
              <response_label ident="CHOICE_1">
                <material>
                  <mattext texttype="text/plain">155.88 N</mattext>
                </material>
              </response_label>
              <response_label ident="CHOICE_2">
                <material>
                  <mattext texttype="text/plain">161.25 N</mattext>
                </material>
              </response_label>
              <response_label ident="CHOICE_3">
                <material>
                  <mattext texttype="text/plain">180.0 N</mattext>
                </material>
              </response_label>
              <response_label ident="CHOICE_4">
                <material>
                  <mattext texttype="text/plain">183.75 N</mattext>
                </material>
              </response_label>
            </render_choice>
          </response_lid>
        </presentation>
        <resprocessing>
          <outcomes>
            <decvar varname="SCORE" vartype="Decimal" minvalue="0" maxvalue="100"/>
          </outcomes>
          <respcondition continue="No">
            <conditionvar>
              <varequal respident="RESPONSE_q-14">CHOICE_1</varequal>
            </conditionvar>
            <setvar action="Set" varname="SCORE">1</setvar>
          </respcondition>
        </resprocessing>
        <itemfeedback ident="general_fb">
          <flow_mat>
            <material>
              <mattext texttype="text/plain">&lt;p&gt;We are told the lawn roller stays still&amp;#x2C; so we can apply Newton's second law&amp;#x2C; which tells us the net force is zero.&lt;/p&gt;
&lt;p&gt;The gardener pulls the roller with a rope at an upward angle. The static friction force&amp;#x2C; &lt;math xmlns="http://www.w3.org/1998/Math/MathML" display="inline"&gt;&lt;mrow&gt;&lt;mi&gt;f&lt;/mi&gt;&lt;/mrow&gt;&lt;/math&gt;&amp;#x2C; must perfectly counteract the horizontal component of this pulling force.&lt;/p&gt;
&lt;p&gt;The sum of forces in the horizontal direction is:&lt;/p&gt;
&lt;math xmlns="http://www.w3.org/1998/Math/MathML" display="inline"&gt;&lt;mrow&gt;&lt;mi&gt;f&lt;/mi&gt;&lt;mo&gt;&amp;#x02212;&lt;/mo&gt;&lt;mi&gt;F&lt;/mi&gt;&lt;mi&gt;cos&lt;/mi&gt;&lt;mo stretchy="false"&gt;&amp;#x00028;&lt;/mo&gt;&lt;mi&gt;&amp;#x003B8;&lt;/mi&gt;&lt;mo stretchy="false"&gt;&amp;#x00029;&lt;/mo&gt;&lt;mo&gt;&amp;#x0003D;&lt;/mo&gt;&lt;mn&gt;0&lt;/mn&gt;&lt;/mrow&gt;&lt;/math&gt;

&lt;p&gt;Solving for &lt;math xmlns="http://www.w3.org/1998/Math/MathML" display="inline"&gt;&lt;mrow&gt;&lt;mi&gt;f&lt;/mi&gt;&lt;/mrow&gt;&lt;/math&gt; yields:&lt;/p&gt;
&lt;math xmlns="http://www.w3.org/1998/Math/MathML" display="inline"&gt;&lt;mrow&gt;&lt;mi&gt;f&lt;/mi&gt;&lt;mo&gt;&amp;#x0003D;&lt;/mo&gt;&lt;mi&gt;F&lt;/mi&gt;&lt;mi&gt;cos&lt;/mi&gt;&lt;mo stretchy="false"&gt;&amp;#x00028;&lt;/mo&gt;&lt;mi&gt;&amp;#x003B8;&lt;/mi&gt;&lt;mo stretchy="false"&gt;&amp;#x00029;&lt;/mo&gt;&lt;/mrow&gt;&lt;/math&gt;

&lt;p&gt;Remember&amp;#x2C; the expression &lt;math xmlns="http://www.w3.org/1998/Math/MathML" display="inline"&gt;&lt;mrow&gt;&lt;msub&gt;&lt;mi&gt;&amp;#x003BC;&lt;/mi&gt;&lt;mi&gt;s&lt;/mi&gt;&lt;/msub&gt;&lt;mi&gt;N&lt;/mi&gt;&lt;/mrow&gt;&lt;/math&gt; calculates the &lt;strong&gt;maximum&lt;/strong&gt; possible static friction. The actual static friction here is just what is necessary to prevent movement.&lt;/p&gt;</mattext>
            </material>
          </flow_mat>
        </itemfeedback>
        <itemfeedback ident="correct_fb">
          <flow_mat>
            <material>
              <mattext texttype="text/plain">&lt;p&gt;Good job&amp;#x21;&lt;/p&gt;</mattext>
            </material>
          </flow_mat>
        </itemfeedback>
        <itemfeedback ident="general_incorrect_fb">
          <flow_mat>
            <material>
              <mattext texttype="text/plain">&lt;p&gt;Try again&amp;#x21;&lt;/p&gt;</mattext>
            </material>
          </flow_mat>
        </itemfeedback>
      </item>
      <item ident="q-15" title="Machine Pushing a Steel Drum">
        <itemmetadata>
          <qtimetadata>
            <qtimetadatafield>
              <fieldlabel>question_type</fieldlabel>
              <fieldentry>multiple_choice_question</fieldentry>
            </qtimetadatafield>
          </qtimetadata>
        </itemmetadata>
        <presentation>
          <material>
            <mattext texttype="text/plain">&lt;p&gt;A robotic machine pushes a steel drum across a factory floor&amp;#x2C; but the drum does not move. The machine applies a force of 520.0 N at an angle of 35.0&amp;#xB0; downward with respect to the horizontal. The drum has a mass of 250 kg&amp;#x2C; and the coefficient of static friction between the drum and the floor is 0.32. Find the magnitude of the static friction.&lt;/p&gt;</mattext>
          </material>
          <response_lid ident="RESPONSE_q-15" rcardinality="Single">
            <render_choice shuffle="Yes">
              <response_label ident="CHOICE_1">
                <material>
                  <mattext texttype="text/plain">425.96 N</mattext>
                </material>
              </response_label>
              <response_label ident="CHOICE_2">
                <material>
                  <mattext texttype="text/plain">879.44 N</mattext>
                </material>
              </response_label>
              <response_label ident="CHOICE_3">
                <material>
                  <mattext texttype="text/plain">520.0 N</mattext>
                </material>
              </response_label>
              <response_label ident="CHOICE_4">
                <material>
                  <mattext texttype="text/plain">784.00 N</mattext>
                </material>
              </response_label>
            </render_choice>
          </response_lid>
        </presentation>
        <resprocessing>
          <outcomes>
            <decvar varname="SCORE" vartype="Decimal" minvalue="0" maxvalue="100"/>
          </outcomes>
          <respcondition continue="No">
            <conditionvar>
              <varequal respident="RESPONSE_q-15">CHOICE_1</varequal>
            </conditionvar>
            <setvar action="Set" varname="SCORE">1</setvar>
          </respcondition>
        </resprocessing>
        <itemfeedback ident="general_fb">
          <flow_mat>
            <material>
              <mattext texttype="text/plain">&lt;p&gt;Because the steel drum remains stationary&amp;#x2C; the net force on it in any direction is zero&amp;#x2C; in accordance with Newton's second law.&lt;/p&gt;
&lt;p&gt;The machine applies a force at a downward angle. The static friction force&amp;#x2C; &lt;math xmlns="http://www.w3.org/1998/Math/MathML" display="inline"&gt;&lt;mrow&gt;&lt;mi&gt;f&lt;/mi&gt;&lt;/mrow&gt;&lt;/math&gt;&amp;#x2C; acts in the opposite horizontal direction to prevent the drum from sliding.&lt;/p&gt;
&lt;p&gt;We can set up the force balance equation for the horizontal axis:&lt;/p&gt;
&lt;math xmlns="http://www.w3.org/1998/Math/MathML" display="inline"&gt;&lt;mrow&gt;&lt;mi&gt;f&lt;/mi&gt;&lt;mo&gt;&amp;#x02212;&lt;/mo&gt;&lt;mi&gt;F&lt;/mi&gt;&lt;mi&gt;cos&lt;/mi&gt;&lt;mo stretchy="false"&gt;&amp;#x00028;&lt;/mo&gt;&lt;mi&gt;&amp;#x003B8;&lt;/mi&gt;&lt;mo stretchy="false"&gt;&amp;#x00029;&lt;/mo&gt;&lt;mo&gt;&amp;#x0003D;&lt;/mo&gt;&lt;mn&gt;0&lt;/mn&gt;&lt;/mrow&gt;&lt;/math&gt;

&lt;p&gt;This allows us to solve for the static friction:&lt;/p&gt;
&lt;math xmlns="http://www.w3.org/1998/Math/MathML" display="inline"&gt;&lt;mrow&gt;&lt;mi&gt;f&lt;/mi&gt;&lt;mo&gt;&amp;#x0003D;&lt;/mo&gt;&lt;mi&gt;F&lt;/mi&gt;&lt;mi&gt;cos&lt;/mi&gt;&lt;mo stretchy="false"&gt;&amp;#x00028;&lt;/mo&gt;&lt;mi&gt;&amp;#x003B8;&lt;/mi&gt;&lt;mo stretchy="false"&gt;&amp;#x00029;&lt;/mo&gt;&lt;/mrow&gt;&lt;/math&gt;

&lt;p&gt;Note that &lt;math xmlns="http://www.w3.org/1998/Math/MathML" display="inline"&gt;&lt;mrow&gt;&lt;msub&gt;&lt;mi&gt;&amp;#x003BC;&lt;/mi&gt;&lt;mi&gt;s&lt;/mi&gt;&lt;/msub&gt;&lt;mi&gt;N&lt;/mi&gt;&lt;/mrow&gt;&lt;/math&gt; represents the &lt;strong&gt;maximum&lt;/strong&gt; available static friction. The actual static friction force will be equal in magnitude to the horizontal component of the applied force&amp;#x2C; as long as this component does not exceed the maximum.&lt;/p&gt;</mattext>
            </material>
          </flow_mat>
        </itemfeedback>
        <itemfeedback ident="correct_fb">
          <flow_mat>
            <material>
              <mattext texttype="text/plain">&lt;p&gt;Good job&amp;#x21;&lt;/p&gt;</mattext>
            </material>
          </flow_mat>
        </itemfeedback>
        <itemfeedback ident="general_incorrect_fb">
          <flow_mat>
            <material>
              <mattext texttype="text/plain">&lt;p&gt;Try again&amp;#x21;&lt;/p&gt;</mattext>
            </material>
          </flow_mat>
        </itemfeedback>
      </item>
    </section>
  </assessment>
</questestinterop>
