<?xml version='1.0' encoding='utf-8'?>
<questestinterop xmlns="http://www.imsglobal.org/xsd/ims_qtiasiv1p2" xmlns:xsi="http://www.w3.org/2001/XMLSchema-instance" xsi:schemaLocation="http://www.imsglobal.org/xsd/ims_qtiasiv1p2 http://www.imsglobal.org/xsd/ims_qtiasiv1p2p1.xsd">
  <assessment ident="qti" title="Fictious unit-conversion problems">
    <qtimetadata>
      <qtimetadatafield>
        <fieldlabel>cc_maxattempts</fieldlabel>
        <fieldentry>1</fieldentry>
      </qtimetadatafield>
    </qtimetadata>
    <section ident="root_section">
      <item ident="q1" title="Mug Conversion">
        <itemmetadata>
          <qtimetadata>
            <qtimetadatafield>
              <fieldlabel>question_type</fieldlabel>
              <fieldentry>numerical_question</fieldentry>
            </qtimetadatafield>
          </qtimetadata>
        </itemmetadata>
        <presentation>
          <material>
            <mattext texttype="text/plain">&lt;p&gt;Olivia tracks her coffee intake using her own unit of volume&amp;#x2C; the &lt;em&gt;Mug (Mg)&lt;/em&gt;&amp;#x2C; where 1 Mug = 0.75 liters. 
If a large office coffee urn holds 4.5 gallons&amp;#x2C; and 1 gallon = 3.785 liters&amp;#x2C; how many Mugs of coffee does the urn contain?&lt;/p&gt;</mattext>
          </material>
          <response_str ident="RESPONSE_q1" rcardinality="Single">
            <render_fib fibtype="Decimal" prompt="Box">
              <response_label ident="answer"/>
            </render_fib>
          </response_str>
        </presentation>
        <resprocessing>
          <outcomes>
            <decvar maxvalue="1" minvalue="0" varname="SCORE" vartype="Decimal"/>
          </outcomes>
          <respcondition continue="No">
            <conditionvar>
              <or>
                <varequal respident="RESPONSE_q1">22.7</varequal>
                <and>
                  <vargte respident="RESPONSE_q1">22.7</vargte>
                  <varlte respident="RESPONSE_q1">22.7</varlte>
                </and>
              </or>
            </conditionvar>
            <setvar varname="SCORE" action="Set">1</setvar>
            <displayfeedback feedbacktype="Response" linkrefid="correct"/>
          </respcondition>
        </resprocessing>
        <itemfeedback ident="general_fb">
          <flow_mat>
            <material>
              <mattext texttype="text/plain">&lt;math xmlns="http://www.w3.org/1998/Math/MathML" display="inline"&gt;&lt;mrow&gt;&lt;mtext&gt;Volume&lt;/mtext&gt;&lt;mo&gt;&amp;#x0003D;&lt;/mo&gt;&lt;mn&gt;4.5&lt;/mn&gt;&lt;mspace width="0.167em" /&gt;&lt;mi&gt;\textcolor&lt;/mi&gt;&lt;mrow&gt;&lt;mi&gt;b&lt;/mi&gt;&lt;mi&gt;l&lt;/mi&gt;&lt;mi&gt;u&lt;/mi&gt;&lt;mi&gt;e&lt;/mi&gt;&lt;/mrow&gt;&lt;mrow&gt;&lt;mtext&gt;gal&lt;/mtext&gt;&lt;/mrow&gt;&lt;mi&gt;&amp;#x000D7;&lt;/mi&gt;&lt;mfrac&gt;&lt;mrow&gt;&lt;mn&gt;3.785&lt;/mn&gt;&lt;mspace width="0.167em" /&gt;&lt;mi&gt;\textcolor&lt;/mi&gt;&lt;mrow&gt;&lt;mi&gt;r&lt;/mi&gt;&lt;mi&gt;e&lt;/mi&gt;&lt;mi&gt;d&lt;/mi&gt;&lt;/mrow&gt;&lt;mrow&gt;&lt;mtext&gt;L&lt;/mtext&gt;&lt;/mrow&gt;&lt;/mrow&gt;&lt;mrow&gt;&lt;mn&gt;1&lt;/mn&gt;&lt;mspace width="0.167em" /&gt;&lt;mi&gt;\textcolor&lt;/mi&gt;&lt;mrow&gt;&lt;mi&gt;b&lt;/mi&gt;&lt;mi&gt;l&lt;/mi&gt;&lt;mi&gt;u&lt;/mi&gt;&lt;mi&gt;e&lt;/mi&gt;&lt;/mrow&gt;&lt;mrow&gt;&lt;mtext&gt;gal&lt;/mtext&gt;&lt;/mrow&gt;&lt;/mrow&gt;&lt;/mfrac&gt;&lt;mi&gt;&amp;#x000D7;&lt;/mi&gt;&lt;mfrac&gt;&lt;mrow&gt;&lt;mn&gt;1&lt;/mn&gt;&lt;mspace width="0.167em" /&gt;&lt;mi&gt;\textcolor&lt;/mi&gt;&lt;mrow&gt;&lt;mi&gt;g&lt;/mi&gt;&lt;mi&gt;r&lt;/mi&gt;&lt;mi&gt;e&lt;/mi&gt;&lt;mi&gt;e&lt;/mi&gt;&lt;mi&gt;n&lt;/mi&gt;&lt;/mrow&gt;&lt;mrow&gt;&lt;mtext&gt;Mg&lt;/mtext&gt;&lt;/mrow&gt;&lt;/mrow&gt;&lt;mrow&gt;&lt;mn&gt;0.75&lt;/mn&gt;&lt;mspace width="0.167em" /&gt;&lt;mi&gt;\textcolor&lt;/mi&gt;&lt;mrow&gt;&lt;mi&gt;r&lt;/mi&gt;&lt;mi&gt;e&lt;/mi&gt;&lt;mi&gt;d&lt;/mi&gt;&lt;/mrow&gt;&lt;mrow&gt;&lt;mtext&gt;L&lt;/mtext&gt;&lt;/mrow&gt;&lt;/mrow&gt;&lt;/mfrac&gt;&lt;mo&gt;&amp;#x0003D;&lt;/mo&gt;&lt;mn&gt;22.7&lt;/mn&gt;&lt;mspace width="0.167em" /&gt;&lt;mi&gt;\textcolor&lt;/mi&gt;&lt;mrow&gt;&lt;mi&gt;g&lt;/mi&gt;&lt;mi&gt;r&lt;/mi&gt;&lt;mi&gt;e&lt;/mi&gt;&lt;mi&gt;e&lt;/mi&gt;&lt;mi&gt;n&lt;/mi&gt;&lt;/mrow&gt;&lt;mrow&gt;&lt;mtext&gt;Mg&lt;/mtext&gt;&lt;/mrow&gt;&lt;/mrow&gt;&lt;/math&gt;</mattext>
            </material>
          </flow_mat>
        </itemfeedback>
        <itemfeedback ident="correct_fb">
          <flow_mat>
            <material>
              <mattext texttype="text/plain">&lt;p&gt;Good job&amp;#x21;&lt;/p&gt;</mattext>
            </material>
          </flow_mat>
        </itemfeedback>
        <itemfeedback ident="general_incorrect_fb">
          <flow_mat>
            <material>
              <mattext texttype="text/plain">&lt;p&gt;Try again&amp;#x21;&lt;/p&gt;</mattext>
            </material>
          </flow_mat>
        </itemfeedback>
      </item>
      <item ident="q2" title="Barrel Conversion">
        <itemmetadata>
          <qtimetadata>
            <qtimetadatafield>
              <fieldlabel>question_type</fieldlabel>
              <fieldentry>numerical_question</fieldentry>
            </qtimetadatafield>
          </qtimetadata>
        </itemmetadata>
        <presentation>
          <material>
            <mattext texttype="text/plain">&lt;p&gt;A craft brewer prefers to measure production in &lt;em&gt;Barrels (Bl)&lt;/em&gt;&amp;#x2C; with 1 Barrel = 159 liters. 
If the brewery produces 500 pints of beer in a day&amp;#x2C; and 1 pint = 0.473 liters&amp;#x2C; how many Barrels of beer is that?&lt;/p&gt;</mattext>
          </material>
          <response_str ident="RESPONSE_q2" rcardinality="Single">
            <render_fib fibtype="Decimal" prompt="Box">
              <response_label ident="answer"/>
            </render_fib>
          </response_str>
        </presentation>
        <resprocessing>
          <outcomes>
            <decvar maxvalue="1" minvalue="0" varname="SCORE" vartype="Decimal"/>
          </outcomes>
          <respcondition continue="No">
            <conditionvar>
              <or>
                <varequal respident="RESPONSE_q2">1.49</varequal>
                <and>
                  <vargte respident="RESPONSE_q2">1.49</vargte>
                  <varlte respident="RESPONSE_q2">1.49</varlte>
                </and>
              </or>
            </conditionvar>
            <setvar varname="SCORE" action="Set">1</setvar>
            <displayfeedback feedbacktype="Response" linkrefid="correct"/>
          </respcondition>
        </resprocessing>
        <itemfeedback ident="general_fb">
          <flow_mat>
            <material>
              <mattext texttype="text/plain">&lt;math xmlns="http://www.w3.org/1998/Math/MathML" display="inline"&gt;&lt;mrow&gt;&lt;mtext&gt;Volume&lt;/mtext&gt;&lt;mo&gt;&amp;#x0003D;&lt;/mo&gt;&lt;mn&gt;500&lt;/mn&gt;&lt;mspace width="0.167em" /&gt;&lt;mi&gt;\textcolor&lt;/mi&gt;&lt;mrow&gt;&lt;mi&gt;b&lt;/mi&gt;&lt;mi&gt;l&lt;/mi&gt;&lt;mi&gt;u&lt;/mi&gt;&lt;mi&gt;e&lt;/mi&gt;&lt;/mrow&gt;&lt;mrow&gt;&lt;mtext&gt;pints&lt;/mtext&gt;&lt;/mrow&gt;&lt;mi&gt;&amp;#x000D7;&lt;/mi&gt;&lt;mfrac&gt;&lt;mrow&gt;&lt;mn&gt;0.473&lt;/mn&gt;&lt;mspace width="0.167em" /&gt;&lt;mi&gt;\textcolor&lt;/mi&gt;&lt;mrow&gt;&lt;mi&gt;r&lt;/mi&gt;&lt;mi&gt;e&lt;/mi&gt;&lt;mi&gt;d&lt;/mi&gt;&lt;/mrow&gt;&lt;mrow&gt;&lt;mtext&gt;L&lt;/mtext&gt;&lt;/mrow&gt;&lt;/mrow&gt;&lt;mrow&gt;&lt;mn&gt;1&lt;/mn&gt;&lt;mspace width="0.167em" /&gt;&lt;mi&gt;\textcolor&lt;/mi&gt;&lt;mrow&gt;&lt;mi&gt;b&lt;/mi&gt;&lt;mi&gt;l&lt;/mi&gt;&lt;mi&gt;u&lt;/mi&gt;&lt;mi&gt;e&lt;/mi&gt;&lt;/mrow&gt;&lt;mrow&gt;&lt;mtext&gt;pint&lt;/mtext&gt;&lt;/mrow&gt;&lt;/mrow&gt;&lt;/mfrac&gt;&lt;mi&gt;&amp;#x000D7;&lt;/mi&gt;&lt;mfrac&gt;&lt;mrow&gt;&lt;mn&gt;1&lt;/mn&gt;&lt;mspace width="0.167em" /&gt;&lt;mi&gt;\textcolor&lt;/mi&gt;&lt;mrow&gt;&lt;mi&gt;g&lt;/mi&gt;&lt;mi&gt;r&lt;/mi&gt;&lt;mi&gt;e&lt;/mi&gt;&lt;mi&gt;e&lt;/mi&gt;&lt;mi&gt;n&lt;/mi&gt;&lt;/mrow&gt;&lt;mrow&gt;&lt;mtext&gt;Bl&lt;/mtext&gt;&lt;/mrow&gt;&lt;/mrow&gt;&lt;mrow&gt;&lt;mn&gt;159&lt;/mn&gt;&lt;mspace width="0.167em" /&gt;&lt;mi&gt;\textcolor&lt;/mi&gt;&lt;mrow&gt;&lt;mi&gt;r&lt;/mi&gt;&lt;mi&gt;e&lt;/mi&gt;&lt;mi&gt;d&lt;/mi&gt;&lt;/mrow&gt;&lt;mrow&gt;&lt;mtext&gt;L&lt;/mtext&gt;&lt;/mrow&gt;&lt;/mrow&gt;&lt;/mfrac&gt;&lt;mo&gt;&amp;#x02248;&lt;/mo&gt;&lt;mn&gt;1.49&lt;/mn&gt;&lt;mspace width="0.167em" /&gt;&lt;mi&gt;\textcolor&lt;/mi&gt;&lt;mrow&gt;&lt;mi&gt;g&lt;/mi&gt;&lt;mi&gt;r&lt;/mi&gt;&lt;mi&gt;e&lt;/mi&gt;&lt;mi&gt;e&lt;/mi&gt;&lt;mi&gt;n&lt;/mi&gt;&lt;/mrow&gt;&lt;mrow&gt;&lt;mtext&gt;Bl&lt;/mtext&gt;&lt;/mrow&gt;&lt;/mrow&gt;&lt;/math&gt;</mattext>
            </material>
          </flow_mat>
        </itemfeedback>
        <itemfeedback ident="correct_fb">
          <flow_mat>
            <material>
              <mattext texttype="text/plain">&lt;p&gt;Good job&amp;#x21;&lt;/p&gt;</mattext>
            </material>
          </flow_mat>
        </itemfeedback>
        <itemfeedback ident="general_incorrect_fb">
          <flow_mat>
            <material>
              <mattext texttype="text/plain">&lt;p&gt;Try again&amp;#x21;&lt;/p&gt;</mattext>
            </material>
          </flow_mat>
        </itemfeedback>
      </item>
      <item ident="q3" title="Beat Conversion">
        <itemmetadata>
          <qtimetadata>
            <qtimetadatafield>
              <fieldlabel>question_type</fieldlabel>
              <fieldentry>numerical_question</fieldentry>
            </qtimetadatafield>
          </qtimetadata>
        </itemmetadata>
        <presentation>
          <material>
            <mattext texttype="text/plain">&lt;p&gt;A music teacher defines a &lt;em&gt;Beat (Bt)&lt;/em&gt; as the interval of a slow metronome click&amp;#x2C; 1 Beat = 1.25 seconds. 
If a rehearsal session lasts for 45 minutes&amp;#x2C; how many Beats long is the rehearsal?&lt;/p&gt;</mattext>
          </material>
          <response_str ident="RESPONSE_q3" rcardinality="Single">
            <render_fib fibtype="Decimal" prompt="Box">
              <response_label ident="answer"/>
            </render_fib>
          </response_str>
        </presentation>
        <resprocessing>
          <outcomes>
            <decvar maxvalue="1" minvalue="0" varname="SCORE" vartype="Decimal"/>
          </outcomes>
          <respcondition continue="No">
            <conditionvar>
              <or>
                <varequal respident="RESPONSE_q3">2160</varequal>
                <and>
                  <vargte respident="RESPONSE_q3">2160.0</vargte>
                  <varlte respident="RESPONSE_q3">2160.0</varlte>
                </and>
              </or>
            </conditionvar>
            <setvar varname="SCORE" action="Set">1</setvar>
            <displayfeedback feedbacktype="Response" linkrefid="correct"/>
          </respcondition>
        </resprocessing>
        <itemfeedback ident="general_fb">
          <flow_mat>
            <material>
              <mattext texttype="text/plain">&lt;math xmlns="http://www.w3.org/1998/Math/MathML" display="inline"&gt;&lt;mrow&gt;&lt;mtext&gt;Time&lt;/mtext&gt;&lt;mo&gt;&amp;#x0003D;&lt;/mo&gt;&lt;mn&gt;45&lt;/mn&gt;&lt;mspace width="0.167em" /&gt;&lt;mi&gt;\textcolor&lt;/mi&gt;&lt;mrow&gt;&lt;mi&gt;b&lt;/mi&gt;&lt;mi&gt;l&lt;/mi&gt;&lt;mi&gt;u&lt;/mi&gt;&lt;mi&gt;e&lt;/mi&gt;&lt;/mrow&gt;&lt;mrow&gt;&lt;mtext&gt;min&lt;/mtext&gt;&lt;/mrow&gt;&lt;mi&gt;&amp;#x000D7;&lt;/mi&gt;&lt;mfrac&gt;&lt;mrow&gt;&lt;mn&gt;60&lt;/mn&gt;&lt;mspace width="0.167em" /&gt;&lt;mi&gt;\textcolor&lt;/mi&gt;&lt;mrow&gt;&lt;mi&gt;r&lt;/mi&gt;&lt;mi&gt;e&lt;/mi&gt;&lt;mi&gt;d&lt;/mi&gt;&lt;/mrow&gt;&lt;mrow&gt;&lt;mtext&gt;s&lt;/mtext&gt;&lt;/mrow&gt;&lt;/mrow&gt;&lt;mrow&gt;&lt;mn&gt;1&lt;/mn&gt;&lt;mspace width="0.167em" /&gt;&lt;mi&gt;\textcolor&lt;/mi&gt;&lt;mrow&gt;&lt;mi&gt;b&lt;/mi&gt;&lt;mi&gt;l&lt;/mi&gt;&lt;mi&gt;u&lt;/mi&gt;&lt;mi&gt;e&lt;/mi&gt;&lt;/mrow&gt;&lt;mrow&gt;&lt;mtext&gt;min&lt;/mtext&gt;&lt;/mrow&gt;&lt;/mrow&gt;&lt;/mfrac&gt;&lt;mi&gt;&amp;#x000D7;&lt;/mi&gt;&lt;mfrac&gt;&lt;mrow&gt;&lt;mn&gt;1&lt;/mn&gt;&lt;mspace width="0.167em" /&gt;&lt;mi&gt;\textcolor&lt;/mi&gt;&lt;mrow&gt;&lt;mi&gt;g&lt;/mi&gt;&lt;mi&gt;r&lt;/mi&gt;&lt;mi&gt;e&lt;/mi&gt;&lt;mi&gt;e&lt;/mi&gt;&lt;mi&gt;n&lt;/mi&gt;&lt;/mrow&gt;&lt;mrow&gt;&lt;mtext&gt;Bt&lt;/mtext&gt;&lt;/mrow&gt;&lt;/mrow&gt;&lt;mrow&gt;&lt;mn&gt;1.25&lt;/mn&gt;&lt;mspace width="0.167em" /&gt;&lt;mi&gt;\textcolor&lt;/mi&gt;&lt;mrow&gt;&lt;mi&gt;r&lt;/mi&gt;&lt;mi&gt;e&lt;/mi&gt;&lt;mi&gt;d&lt;/mi&gt;&lt;/mrow&gt;&lt;mrow&gt;&lt;mtext&gt;s&lt;/mtext&gt;&lt;/mrow&gt;&lt;/mrow&gt;&lt;/mfrac&gt;&lt;mo&gt;&amp;#x0003D;&lt;/mo&gt;&lt;mn&gt;2160&lt;/mn&gt;&lt;mspace width="0.167em" /&gt;&lt;mi&gt;\textcolor&lt;/mi&gt;&lt;mrow&gt;&lt;mi&gt;g&lt;/mi&gt;&lt;mi&gt;r&lt;/mi&gt;&lt;mi&gt;e&lt;/mi&gt;&lt;mi&gt;e&lt;/mi&gt;&lt;mi&gt;n&lt;/mi&gt;&lt;/mrow&gt;&lt;mrow&gt;&lt;mtext&gt;Bt&lt;/mtext&gt;&lt;/mrow&gt;&lt;/mrow&gt;&lt;/math&gt;</mattext>
            </material>
          </flow_mat>
        </itemfeedback>
        <itemfeedback ident="correct_fb">
          <flow_mat>
            <material>
              <mattext texttype="text/plain">&lt;p&gt;Good job&amp;#x21;&lt;/p&gt;</mattext>
            </material>
          </flow_mat>
        </itemfeedback>
        <itemfeedback ident="general_incorrect_fb">
          <flow_mat>
            <material>
              <mattext texttype="text/plain">&lt;p&gt;Try again&amp;#x21;&lt;/p&gt;</mattext>
            </material>
          </flow_mat>
        </itemfeedback>
      </item>
      <item ident="q4" title="Bell Conversion">
        <itemmetadata>
          <qtimetadata>
            <qtimetadatafield>
              <fieldlabel>question_type</fieldlabel>
              <fieldentry>numerical_question</fieldentry>
            </qtimetadatafield>
          </qtimetadata>
        </itemmetadata>
        <presentation>
          <material>
            <mattext texttype="text/plain">&lt;p&gt;At a historical reenactment fair&amp;#x2C; volunteers ring a handbell every &lt;em&gt;Bell (Bl)&lt;/em&gt;&amp;#x2C; where 1 Bell = 5 minutes. 
If a blacksmith&amp;#x2019;s demonstration lasts 1 hour and 15 minutes&amp;#x2C; how many Bells does it last?&lt;/p&gt;</mattext>
          </material>
          <response_str ident="RESPONSE_q4" rcardinality="Single">
            <render_fib fibtype="Decimal" prompt="Box">
              <response_label ident="answer"/>
            </render_fib>
          </response_str>
        </presentation>
        <resprocessing>
          <outcomes>
            <decvar maxvalue="1" minvalue="0" varname="SCORE" vartype="Decimal"/>
          </outcomes>
          <respcondition continue="No">
            <conditionvar>
              <or>
                <varequal respident="RESPONSE_q4">15</varequal>
                <and>
                  <vargte respident="RESPONSE_q4">15.0</vargte>
                  <varlte respident="RESPONSE_q4">15.0</varlte>
                </and>
              </or>
            </conditionvar>
            <setvar varname="SCORE" action="Set">1</setvar>
            <displayfeedback feedbacktype="Response" linkrefid="correct"/>
          </respcondition>
        </resprocessing>
        <itemfeedback ident="general_fb">
          <flow_mat>
            <material>
              <mattext texttype="text/plain">&lt;math xmlns="http://www.w3.org/1998/Math/MathML" display="inline"&gt;&lt;mrow&gt;&lt;mtext&gt;Time&lt;/mtext&gt;&lt;mo&gt;&amp;#x0003D;&lt;/mo&gt;&lt;mn&gt;1.25&lt;/mn&gt;&lt;mspace width="0.167em" /&gt;&lt;mi&gt;\textcolor&lt;/mi&gt;&lt;mrow&gt;&lt;mi&gt;b&lt;/mi&gt;&lt;mi&gt;l&lt;/mi&gt;&lt;mi&gt;u&lt;/mi&gt;&lt;mi&gt;e&lt;/mi&gt;&lt;/mrow&gt;&lt;mrow&gt;&lt;mtext&gt;h&lt;/mtext&gt;&lt;/mrow&gt;&lt;mi&gt;&amp;#x000D7;&lt;/mi&gt;&lt;mfrac&gt;&lt;mrow&gt;&lt;mn&gt;60&lt;/mn&gt;&lt;mspace width="0.167em" /&gt;&lt;mi&gt;\textcolor&lt;/mi&gt;&lt;mrow&gt;&lt;mi&gt;r&lt;/mi&gt;&lt;mi&gt;e&lt;/mi&gt;&lt;mi&gt;d&lt;/mi&gt;&lt;/mrow&gt;&lt;mrow&gt;&lt;mtext&gt;min&lt;/mtext&gt;&lt;/mrow&gt;&lt;/mrow&gt;&lt;mrow&gt;&lt;mn&gt;1&lt;/mn&gt;&lt;mspace width="0.167em" /&gt;&lt;mi&gt;\textcolor&lt;/mi&gt;&lt;mrow&gt;&lt;mi&gt;b&lt;/mi&gt;&lt;mi&gt;l&lt;/mi&gt;&lt;mi&gt;u&lt;/mi&gt;&lt;mi&gt;e&lt;/mi&gt;&lt;/mrow&gt;&lt;mrow&gt;&lt;mtext&gt;h&lt;/mtext&gt;&lt;/mrow&gt;&lt;/mrow&gt;&lt;/mfrac&gt;&lt;mi&gt;&amp;#x000D7;&lt;/mi&gt;&lt;mfrac&gt;&lt;mrow&gt;&lt;mn&gt;1&lt;/mn&gt;&lt;mspace width="0.167em" /&gt;&lt;mi&gt;\textcolor&lt;/mi&gt;&lt;mrow&gt;&lt;mi&gt;g&lt;/mi&gt;&lt;mi&gt;r&lt;/mi&gt;&lt;mi&gt;e&lt;/mi&gt;&lt;mi&gt;e&lt;/mi&gt;&lt;mi&gt;n&lt;/mi&gt;&lt;/mrow&gt;&lt;mrow&gt;&lt;mtext&gt;Bl&lt;/mtext&gt;&lt;/mrow&gt;&lt;/mrow&gt;&lt;mrow&gt;&lt;mn&gt;5&lt;/mn&gt;&lt;mspace width="0.167em" /&gt;&lt;mi&gt;\textcolor&lt;/mi&gt;&lt;mrow&gt;&lt;mi&gt;r&lt;/mi&gt;&lt;mi&gt;e&lt;/mi&gt;&lt;mi&gt;d&lt;/mi&gt;&lt;/mrow&gt;&lt;mrow&gt;&lt;mtext&gt;min&lt;/mtext&gt;&lt;/mrow&gt;&lt;/mrow&gt;&lt;/mfrac&gt;&lt;mo&gt;&amp;#x0003D;&lt;/mo&gt;&lt;mn&gt;15&lt;/mn&gt;&lt;mspace width="0.167em" /&gt;&lt;mi&gt;\textcolor&lt;/mi&gt;&lt;mrow&gt;&lt;mi&gt;g&lt;/mi&gt;&lt;mi&gt;r&lt;/mi&gt;&lt;mi&gt;e&lt;/mi&gt;&lt;mi&gt;e&lt;/mi&gt;&lt;mi&gt;n&lt;/mi&gt;&lt;/mrow&gt;&lt;mrow&gt;&lt;mtext&gt;Bl&lt;/mtext&gt;&lt;/mrow&gt;&lt;/mrow&gt;&lt;/math&gt;</mattext>
            </material>
          </flow_mat>
        </itemfeedback>
        <itemfeedback ident="correct_fb">
          <flow_mat>
            <material>
              <mattext texttype="text/plain">&lt;p&gt;Good job&amp;#x21;&lt;/p&gt;</mattext>
            </material>
          </flow_mat>
        </itemfeedback>
        <itemfeedback ident="general_incorrect_fb">
          <flow_mat>
            <material>
              <mattext texttype="text/plain">&lt;p&gt;Try again&amp;#x21;&lt;/p&gt;</mattext>
            </material>
          </flow_mat>
        </itemfeedback>
      </item>
      <item ident="q5" title="Loaf Conversion">
        <itemmetadata>
          <qtimetadata>
            <qtimetadatafield>
              <fieldlabel>question_type</fieldlabel>
              <fieldentry>numerical_question</fieldentry>
            </qtimetadatafield>
          </qtimetadata>
        </itemmetadata>
        <presentation>
          <material>
            <mattext texttype="text/plain">&lt;p&gt;A baker defines 1 &lt;em&gt;Loaf (Lf)&lt;/em&gt; as the mass of a standard bread loaf&amp;#x2C; about 0.8 kilograms. 
If a shipment of flour weighs 50 pounds&amp;#x2C; and 1 pound = 0.454 kilograms&amp;#x2C; what is the shipment&amp;#x2019;s weight in Loaves?&lt;/p&gt;</mattext>
          </material>
          <response_str ident="RESPONSE_q5" rcardinality="Single">
            <render_fib fibtype="Decimal" prompt="Box">
              <response_label ident="answer"/>
            </render_fib>
          </response_str>
        </presentation>
        <resprocessing>
          <outcomes>
            <decvar maxvalue="1" minvalue="0" varname="SCORE" vartype="Decimal"/>
          </outcomes>
          <respcondition continue="No">
            <conditionvar>
              <or>
                <varequal respident="RESPONSE_q5">28.4</varequal>
                <and>
                  <vargte respident="RESPONSE_q5">28.4</vargte>
                  <varlte respident="RESPONSE_q5">28.4</varlte>
                </and>
              </or>
            </conditionvar>
            <setvar varname="SCORE" action="Set">1</setvar>
            <displayfeedback feedbacktype="Response" linkrefid="correct"/>
          </respcondition>
        </resprocessing>
        <itemfeedback ident="general_fb">
          <flow_mat>
            <material>
              <mattext texttype="text/plain">&lt;math xmlns="http://www.w3.org/1998/Math/MathML" display="inline"&gt;&lt;mrow&gt;&lt;mtext&gt;Mass&lt;/mtext&gt;&lt;mo&gt;&amp;#x0003D;&lt;/mo&gt;&lt;mn&gt;50&lt;/mn&gt;&lt;mspace width="0.167em" /&gt;&lt;mi&gt;\textcolor&lt;/mi&gt;&lt;mrow&gt;&lt;mi&gt;b&lt;/mi&gt;&lt;mi&gt;l&lt;/mi&gt;&lt;mi&gt;u&lt;/mi&gt;&lt;mi&gt;e&lt;/mi&gt;&lt;/mrow&gt;&lt;mrow&gt;&lt;mtext&gt;lb&lt;/mtext&gt;&lt;/mrow&gt;&lt;mi&gt;&amp;#x000D7;&lt;/mi&gt;&lt;mfrac&gt;&lt;mrow&gt;&lt;mn&gt;0.454&lt;/mn&gt;&lt;mspace width="0.167em" /&gt;&lt;mi&gt;\textcolor&lt;/mi&gt;&lt;mrow&gt;&lt;mi&gt;r&lt;/mi&gt;&lt;mi&gt;e&lt;/mi&gt;&lt;mi&gt;d&lt;/mi&gt;&lt;/mrow&gt;&lt;mrow&gt;&lt;mtext&gt;kg&lt;/mtext&gt;&lt;/mrow&gt;&lt;/mrow&gt;&lt;mrow&gt;&lt;mn&gt;1&lt;/mn&gt;&lt;mspace width="0.167em" /&gt;&lt;mi&gt;\textcolor&lt;/mi&gt;&lt;mrow&gt;&lt;mi&gt;b&lt;/mi&gt;&lt;mi&gt;l&lt;/mi&gt;&lt;mi&gt;u&lt;/mi&gt;&lt;mi&gt;e&lt;/mi&gt;&lt;/mrow&gt;&lt;mrow&gt;&lt;mtext&gt;lb&lt;/mtext&gt;&lt;/mrow&gt;&lt;/mrow&gt;&lt;/mfrac&gt;&lt;mi&gt;&amp;#x000D7;&lt;/mi&gt;&lt;mfrac&gt;&lt;mrow&gt;&lt;mn&gt;1&lt;/mn&gt;&lt;mspace width="0.167em" /&gt;&lt;mi&gt;\textcolor&lt;/mi&gt;&lt;mrow&gt;&lt;mi&gt;g&lt;/mi&gt;&lt;mi&gt;r&lt;/mi&gt;&lt;mi&gt;e&lt;/mi&gt;&lt;mi&gt;e&lt;/mi&gt;&lt;mi&gt;n&lt;/mi&gt;&lt;/mrow&gt;&lt;mrow&gt;&lt;mtext&gt;Lf&lt;/mtext&gt;&lt;/mrow&gt;&lt;/mrow&gt;&lt;mrow&gt;&lt;mn&gt;0.8&lt;/mn&gt;&lt;mspace width="0.167em" /&gt;&lt;mi&gt;\textcolor&lt;/mi&gt;&lt;mrow&gt;&lt;mi&gt;r&lt;/mi&gt;&lt;mi&gt;e&lt;/mi&gt;&lt;mi&gt;d&lt;/mi&gt;&lt;/mrow&gt;&lt;mrow&gt;&lt;mtext&gt;kg&lt;/mtext&gt;&lt;/mrow&gt;&lt;/mrow&gt;&lt;/mfrac&gt;&lt;mo&gt;&amp;#x02248;&lt;/mo&gt;&lt;mn&gt;28.4&lt;/mn&gt;&lt;mspace width="0.167em" /&gt;&lt;mi&gt;\textcolor&lt;/mi&gt;&lt;mrow&gt;&lt;mi&gt;g&lt;/mi&gt;&lt;mi&gt;r&lt;/mi&gt;&lt;mi&gt;e&lt;/mi&gt;&lt;mi&gt;e&lt;/mi&gt;&lt;mi&gt;n&lt;/mi&gt;&lt;/mrow&gt;&lt;mrow&gt;&lt;mtext&gt;Lf&lt;/mtext&gt;&lt;/mrow&gt;&lt;/mrow&gt;&lt;/math&gt;</mattext>
            </material>
          </flow_mat>
        </itemfeedback>
        <itemfeedback ident="correct_fb">
          <flow_mat>
            <material>
              <mattext texttype="text/plain">&lt;p&gt;Good job&amp;#x21;&lt;/p&gt;</mattext>
            </material>
          </flow_mat>
        </itemfeedback>
        <itemfeedback ident="general_incorrect_fb">
          <flow_mat>
            <material>
              <mattext texttype="text/plain">&lt;p&gt;Try again&amp;#x21;&lt;/p&gt;</mattext>
            </material>
          </flow_mat>
        </itemfeedback>
      </item>
      <item ident="q6" title="Brick Conversion">
        <itemmetadata>
          <qtimetadata>
            <qtimetadatafield>
              <fieldlabel>question_type</fieldlabel>
              <fieldentry>numerical_question</fieldentry>
            </qtimetadatafield>
          </qtimetadata>
        </itemmetadata>
        <presentation>
          <material>
            <mattext texttype="text/plain">&lt;p&gt;On a construction site&amp;#x2C; a student defines a &lt;em&gt;Brick (Br)&lt;/em&gt; as a standard building brick with a mass of 2.5 kilograms. 
If a pallet of bricks weighs 1.2 metric tons&amp;#x2C; how many Bricks is that?&lt;/p&gt;</mattext>
          </material>
          <response_str ident="RESPONSE_q6" rcardinality="Single">
            <render_fib fibtype="Decimal" prompt="Box">
              <response_label ident="answer"/>
            </render_fib>
          </response_str>
        </presentation>
        <resprocessing>
          <outcomes>
            <decvar maxvalue="1" minvalue="0" varname="SCORE" vartype="Decimal"/>
          </outcomes>
          <respcondition continue="No">
            <conditionvar>
              <or>
                <varequal respident="RESPONSE_q6">480</varequal>
                <and>
                  <vargte respident="RESPONSE_q6">480.0</vargte>
                  <varlte respident="RESPONSE_q6">480.0</varlte>
                </and>
              </or>
            </conditionvar>
            <setvar varname="SCORE" action="Set">1</setvar>
            <displayfeedback feedbacktype="Response" linkrefid="correct"/>
          </respcondition>
        </resprocessing>
        <itemfeedback ident="general_fb">
          <flow_mat>
            <material>
              <mattext texttype="text/plain">&lt;math xmlns="http://www.w3.org/1998/Math/MathML" display="inline"&gt;&lt;mrow&gt;&lt;mtext&gt;Mass&lt;/mtext&gt;&lt;mo&gt;&amp;#x0003D;&lt;/mo&gt;&lt;mn&gt;1.2&lt;/mn&gt;&lt;mspace width="0.167em" /&gt;&lt;mi&gt;\textcolor&lt;/mi&gt;&lt;mrow&gt;&lt;mi&gt;b&lt;/mi&gt;&lt;mi&gt;l&lt;/mi&gt;&lt;mi&gt;u&lt;/mi&gt;&lt;mi&gt;e&lt;/mi&gt;&lt;/mrow&gt;&lt;mrow&gt;&lt;mtext&gt;t&lt;/mtext&gt;&lt;/mrow&gt;&lt;mi&gt;&amp;#x000D7;&lt;/mi&gt;&lt;mfrac&gt;&lt;mrow&gt;&lt;mn&gt;1000&lt;/mn&gt;&lt;mspace width="0.167em" /&gt;&lt;mi&gt;\textcolor&lt;/mi&gt;&lt;mrow&gt;&lt;mi&gt;r&lt;/mi&gt;&lt;mi&gt;e&lt;/mi&gt;&lt;mi&gt;d&lt;/mi&gt;&lt;/mrow&gt;&lt;mrow&gt;&lt;mtext&gt;kg&lt;/mtext&gt;&lt;/mrow&gt;&lt;/mrow&gt;&lt;mrow&gt;&lt;mn&gt;1&lt;/mn&gt;&lt;mspace width="0.167em" /&gt;&lt;mi&gt;\textcolor&lt;/mi&gt;&lt;mrow&gt;&lt;mi&gt;b&lt;/mi&gt;&lt;mi&gt;l&lt;/mi&gt;&lt;mi&gt;u&lt;/mi&gt;&lt;mi&gt;e&lt;/mi&gt;&lt;/mrow&gt;&lt;mrow&gt;&lt;mtext&gt;t&lt;/mtext&gt;&lt;/mrow&gt;&lt;/mrow&gt;&lt;/mfrac&gt;&lt;mi&gt;&amp;#x000D7;&lt;/mi&gt;&lt;mfrac&gt;&lt;mrow&gt;&lt;mn&gt;1&lt;/mn&gt;&lt;mspace width="0.167em" /&gt;&lt;mi&gt;\textcolor&lt;/mi&gt;&lt;mrow&gt;&lt;mi&gt;g&lt;/mi&gt;&lt;mi&gt;r&lt;/mi&gt;&lt;mi&gt;e&lt;/mi&gt;&lt;mi&gt;e&lt;/mi&gt;&lt;mi&gt;n&lt;/mi&gt;&lt;/mrow&gt;&lt;mrow&gt;&lt;mtext&gt;Br&lt;/mtext&gt;&lt;/mrow&gt;&lt;/mrow&gt;&lt;mrow&gt;&lt;mn&gt;2.5&lt;/mn&gt;&lt;mspace width="0.167em" /&gt;&lt;mi&gt;\textcolor&lt;/mi&gt;&lt;mrow&gt;&lt;mi&gt;r&lt;/mi&gt;&lt;mi&gt;e&lt;/mi&gt;&lt;mi&gt;d&lt;/mi&gt;&lt;/mrow&gt;&lt;mrow&gt;&lt;mtext&gt;kg&lt;/mtext&gt;&lt;/mrow&gt;&lt;/mrow&gt;&lt;/mfrac&gt;&lt;mo&gt;&amp;#x0003D;&lt;/mo&gt;&lt;mn&gt;480&lt;/mn&gt;&lt;mspace width="0.167em" /&gt;&lt;mi&gt;\textcolor&lt;/mi&gt;&lt;mrow&gt;&lt;mi&gt;g&lt;/mi&gt;&lt;mi&gt;r&lt;/mi&gt;&lt;mi&gt;e&lt;/mi&gt;&lt;mi&gt;e&lt;/mi&gt;&lt;mi&gt;n&lt;/mi&gt;&lt;/mrow&gt;&lt;mrow&gt;&lt;mtext&gt;Br&lt;/mtext&gt;&lt;/mrow&gt;&lt;/mrow&gt;&lt;/math&gt;</mattext>
            </material>
          </flow_mat>
        </itemfeedback>
        <itemfeedback ident="correct_fb">
          <flow_mat>
            <material>
              <mattext texttype="text/plain">&lt;p&gt;Good job&amp;#x21;&lt;/p&gt;</mattext>
            </material>
          </flow_mat>
        </itemfeedback>
        <itemfeedback ident="general_incorrect_fb">
          <flow_mat>
            <material>
              <mattext texttype="text/plain">&lt;p&gt;Try again&amp;#x21;&lt;/p&gt;</mattext>
            </material>
          </flow_mat>
        </itemfeedback>
      </item>
      <item ident="q7" title="Step Conversion">
        <itemmetadata>
          <qtimetadata>
            <qtimetadatafield>
              <fieldlabel>question_type</fieldlabel>
              <fieldentry>numerical_question</fieldentry>
            </qtimetadatafield>
          </qtimetadata>
        </itemmetadata>
        <presentation>
          <material>
            <mattext texttype="text/plain">&lt;p&gt;A hiker defines 1 &lt;em&gt;Step (Sp)&lt;/em&gt; as 0.75 meters&amp;#x2C; the length of their stride. 
If the hiker walks a trail 2.3 kilometers long&amp;#x2C; how many Steps does the hike take?&lt;/p&gt;</mattext>
          </material>
          <response_str ident="RESPONSE_q7" rcardinality="Single">
            <render_fib fibtype="Decimal" prompt="Box">
              <response_label ident="answer"/>
            </render_fib>
          </response_str>
        </presentation>
        <resprocessing>
          <outcomes>
            <decvar maxvalue="1" minvalue="0" varname="SCORE" vartype="Decimal"/>
          </outcomes>
          <respcondition continue="No">
            <conditionvar>
              <or>
                <varequal respident="RESPONSE_q7">3067</varequal>
                <and>
                  <vargte respident="RESPONSE_q7">3067.0</vargte>
                  <varlte respident="RESPONSE_q7">3067.0</varlte>
                </and>
              </or>
            </conditionvar>
            <setvar varname="SCORE" action="Set">1</setvar>
            <displayfeedback feedbacktype="Response" linkrefid="correct"/>
          </respcondition>
        </resprocessing>
        <itemfeedback ident="general_fb">
          <flow_mat>
            <material>
              <mattext texttype="text/plain">&lt;math xmlns="http://www.w3.org/1998/Math/MathML" display="inline"&gt;&lt;mrow&gt;&lt;mtext&gt;Distance&lt;/mtext&gt;&lt;mo&gt;&amp;#x0003D;&lt;/mo&gt;&lt;mn&gt;2.3&lt;/mn&gt;&lt;mspace width="0.167em" /&gt;&lt;mi&gt;\textcolor&lt;/mi&gt;&lt;mrow&gt;&lt;mi&gt;b&lt;/mi&gt;&lt;mi&gt;l&lt;/mi&gt;&lt;mi&gt;u&lt;/mi&gt;&lt;mi&gt;e&lt;/mi&gt;&lt;/mrow&gt;&lt;mrow&gt;&lt;mtext&gt;km&lt;/mtext&gt;&lt;/mrow&gt;&lt;mi&gt;&amp;#x000D7;&lt;/mi&gt;&lt;mfrac&gt;&lt;mrow&gt;&lt;mn&gt;1000&lt;/mn&gt;&lt;mspace width="0.167em" /&gt;&lt;mi&gt;\textcolor&lt;/mi&gt;&lt;mrow&gt;&lt;mi&gt;r&lt;/mi&gt;&lt;mi&gt;e&lt;/mi&gt;&lt;mi&gt;d&lt;/mi&gt;&lt;/mrow&gt;&lt;mrow&gt;&lt;mtext&gt;m&lt;/mtext&gt;&lt;/mrow&gt;&lt;/mrow&gt;&lt;mrow&gt;&lt;mn&gt;1&lt;/mn&gt;&lt;mspace width="0.167em" /&gt;&lt;mi&gt;\textcolor&lt;/mi&gt;&lt;mrow&gt;&lt;mi&gt;b&lt;/mi&gt;&lt;mi&gt;l&lt;/mi&gt;&lt;mi&gt;u&lt;/mi&gt;&lt;mi&gt;e&lt;/mi&gt;&lt;/mrow&gt;&lt;mrow&gt;&lt;mtext&gt;km&lt;/mtext&gt;&lt;/mrow&gt;&lt;/mrow&gt;&lt;/mfrac&gt;&lt;mi&gt;&amp;#x000D7;&lt;/mi&gt;&lt;mfrac&gt;&lt;mrow&gt;&lt;mn&gt;1&lt;/mn&gt;&lt;mspace width="0.167em" /&gt;&lt;mi&gt;\textcolor&lt;/mi&gt;&lt;mrow&gt;&lt;mi&gt;g&lt;/mi&gt;&lt;mi&gt;r&lt;/mi&gt;&lt;mi&gt;e&lt;/mi&gt;&lt;mi&gt;e&lt;/mi&gt;&lt;mi&gt;n&lt;/mi&gt;&lt;/mrow&gt;&lt;mrow&gt;&lt;mtext&gt;Sp&lt;/mtext&gt;&lt;/mrow&gt;&lt;/mrow&gt;&lt;mrow&gt;&lt;mn&gt;0.75&lt;/mn&gt;&lt;mspace width="0.167em" /&gt;&lt;mi&gt;\textcolor&lt;/mi&gt;&lt;mrow&gt;&lt;mi&gt;r&lt;/mi&gt;&lt;mi&gt;e&lt;/mi&gt;&lt;mi&gt;d&lt;/mi&gt;&lt;/mrow&gt;&lt;mrow&gt;&lt;mtext&gt;m&lt;/mtext&gt;&lt;/mrow&gt;&lt;/mrow&gt;&lt;/mfrac&gt;&lt;mo&gt;&amp;#x02248;&lt;/mo&gt;&lt;mn&gt;3067&lt;/mn&gt;&lt;mspace width="0.167em" /&gt;&lt;mi&gt;\textcolor&lt;/mi&gt;&lt;mrow&gt;&lt;mi&gt;g&lt;/mi&gt;&lt;mi&gt;r&lt;/mi&gt;&lt;mi&gt;e&lt;/mi&gt;&lt;mi&gt;e&lt;/mi&gt;&lt;mi&gt;n&lt;/mi&gt;&lt;/mrow&gt;&lt;mrow&gt;&lt;mtext&gt;Sp&lt;/mtext&gt;&lt;/mrow&gt;&lt;/mrow&gt;&lt;/math&gt;</mattext>
            </material>
          </flow_mat>
        </itemfeedback>
        <itemfeedback ident="correct_fb">
          <flow_mat>
            <material>
              <mattext texttype="text/plain">&lt;p&gt;Good job&amp;#x21;&lt;/p&gt;</mattext>
            </material>
          </flow_mat>
        </itemfeedback>
        <itemfeedback ident="general_incorrect_fb">
          <flow_mat>
            <material>
              <mattext texttype="text/plain">&lt;p&gt;Try again&amp;#x21;&lt;/p&gt;</mattext>
            </material>
          </flow_mat>
        </itemfeedback>
      </item>
      <item ident="q8" title="Lap Conversion">
        <itemmetadata>
          <qtimetadata>
            <qtimetadatafield>
              <fieldlabel>question_type</fieldlabel>
              <fieldentry>numerical_question</fieldentry>
            </qtimetadatafield>
          </qtimetadata>
        </itemmetadata>
        <presentation>
          <material>
            <mattext texttype="text/plain">&lt;p&gt;A track coach measures running distance in &lt;em&gt;Laps (Lp)&lt;/em&gt;&amp;#x2C; where 1 Lap = 400 meters. 
If an athlete runs 3 miles during training&amp;#x2C; and 1 mile = 1609 meters&amp;#x2C; how many Laps is the run?&lt;/p&gt;</mattext>
          </material>
          <response_str ident="RESPONSE_q8" rcardinality="Single">
            <render_fib fibtype="Decimal" prompt="Box">
              <response_label ident="answer"/>
            </render_fib>
          </response_str>
        </presentation>
        <resprocessing>
          <outcomes>
            <decvar maxvalue="1" minvalue="0" varname="SCORE" vartype="Decimal"/>
          </outcomes>
          <respcondition continue="No">
            <conditionvar>
              <or>
                <varequal respident="RESPONSE_q8">12.1</varequal>
                <and>
                  <vargte respident="RESPONSE_q8">12.1</vargte>
                  <varlte respident="RESPONSE_q8">12.1</varlte>
                </and>
              </or>
            </conditionvar>
            <setvar varname="SCORE" action="Set">1</setvar>
            <displayfeedback feedbacktype="Response" linkrefid="correct"/>
          </respcondition>
        </resprocessing>
        <itemfeedback ident="general_fb">
          <flow_mat>
            <material>
              <mattext texttype="text/plain">&lt;math xmlns="http://www.w3.org/1998/Math/MathML" display="inline"&gt;&lt;mrow&gt;&lt;mtext&gt;Distance&lt;/mtext&gt;&lt;mo&gt;&amp;#x0003D;&lt;/mo&gt;&lt;mn&gt;3&lt;/mn&gt;&lt;mspace width="0.167em" /&gt;&lt;mi&gt;\textcolor&lt;/mi&gt;&lt;mrow&gt;&lt;mi&gt;b&lt;/mi&gt;&lt;mi&gt;l&lt;/mi&gt;&lt;mi&gt;u&lt;/mi&gt;&lt;mi&gt;e&lt;/mi&gt;&lt;/mrow&gt;&lt;mrow&gt;&lt;mtext&gt;mi&lt;/mtext&gt;&lt;/mrow&gt;&lt;mi&gt;&amp;#x000D7;&lt;/mi&gt;&lt;mfrac&gt;&lt;mrow&gt;&lt;mn&gt;1609&lt;/mn&gt;&lt;mspace width="0.167em" /&gt;&lt;mi&gt;\textcolor&lt;/mi&gt;&lt;mrow&gt;&lt;mi&gt;r&lt;/mi&gt;&lt;mi&gt;e&lt;/mi&gt;&lt;mi&gt;d&lt;/mi&gt;&lt;/mrow&gt;&lt;mrow&gt;&lt;mtext&gt;m&lt;/mtext&gt;&lt;/mrow&gt;&lt;/mrow&gt;&lt;mrow&gt;&lt;mn&gt;1&lt;/mn&gt;&lt;mspace width="0.167em" /&gt;&lt;mi&gt;\textcolor&lt;/mi&gt;&lt;mrow&gt;&lt;mi&gt;b&lt;/mi&gt;&lt;mi&gt;l&lt;/mi&gt;&lt;mi&gt;u&lt;/mi&gt;&lt;mi&gt;e&lt;/mi&gt;&lt;/mrow&gt;&lt;mrow&gt;&lt;mtext&gt;mi&lt;/mtext&gt;&lt;/mrow&gt;&lt;/mrow&gt;&lt;/mfrac&gt;&lt;mi&gt;&amp;#x000D7;&lt;/mi&gt;&lt;mfrac&gt;&lt;mrow&gt;&lt;mn&gt;1&lt;/mn&gt;&lt;mspace width="0.167em" /&gt;&lt;mi&gt;\textcolor&lt;/mi&gt;&lt;mrow&gt;&lt;mi&gt;g&lt;/mi&gt;&lt;mi&gt;r&lt;/mi&gt;&lt;mi&gt;e&lt;/mi&gt;&lt;mi&gt;e&lt;/mi&gt;&lt;mi&gt;n&lt;/mi&gt;&lt;/mrow&gt;&lt;mrow&gt;&lt;mtext&gt;Lp&lt;/mtext&gt;&lt;/mrow&gt;&lt;/mrow&gt;&lt;mrow&gt;&lt;mn&gt;400&lt;/mn&gt;&lt;mspace width="0.167em" /&gt;&lt;mi&gt;\textcolor&lt;/mi&gt;&lt;mrow&gt;&lt;mi&gt;r&lt;/mi&gt;&lt;mi&gt;e&lt;/mi&gt;&lt;mi&gt;d&lt;/mi&gt;&lt;/mrow&gt;&lt;mrow&gt;&lt;mtext&gt;m&lt;/mtext&gt;&lt;/mrow&gt;&lt;/mrow&gt;&lt;/mfrac&gt;&lt;mo&gt;&amp;#x02248;&lt;/mo&gt;&lt;mn&gt;12.1&lt;/mn&gt;&lt;mspace width="0.167em" /&gt;&lt;mi&gt;\textcolor&lt;/mi&gt;&lt;mrow&gt;&lt;mi&gt;g&lt;/mi&gt;&lt;mi&gt;r&lt;/mi&gt;&lt;mi&gt;e&lt;/mi&gt;&lt;mi&gt;e&lt;/mi&gt;&lt;mi&gt;n&lt;/mi&gt;&lt;/mrow&gt;&lt;mrow&gt;&lt;mtext&gt;Lp&lt;/mtext&gt;&lt;/mrow&gt;&lt;/mrow&gt;&lt;/math&gt;</mattext>
            </material>
          </flow_mat>
        </itemfeedback>
        <itemfeedback ident="correct_fb">
          <flow_mat>
            <material>
              <mattext texttype="text/plain">&lt;p&gt;Good job&amp;#x21;&lt;/p&gt;</mattext>
            </material>
          </flow_mat>
        </itemfeedback>
        <itemfeedback ident="general_incorrect_fb">
          <flow_mat>
            <material>
              <mattext texttype="text/plain">&lt;p&gt;Try again&amp;#x21;&lt;/p&gt;</mattext>
            </material>
          </flow_mat>
        </itemfeedback>
      </item>
      <item ident="q9" title="Tile Conversion">
        <itemmetadata>
          <qtimetadata>
            <qtimetadatafield>
              <fieldlabel>question_type</fieldlabel>
              <fieldentry>numerical_question</fieldentry>
            </qtimetadatafield>
          </qtimetadata>
        </itemmetadata>
        <presentation>
          <material>
            <mattext texttype="text/plain">&lt;p&gt;A homeowner remodeling their kitchen uses &lt;em&gt;Tiles (Tl)&lt;/em&gt; to measure area&amp;#x2C; where each Tile = 0.25 m&amp;#xB2;. 
If the kitchen floor area is 120 ft&amp;#xB2;&amp;#x2C; and 1 ft = 0.305 m&amp;#x2C; how many Tiles is the floor?&lt;/p&gt;</mattext>
          </material>
          <response_str ident="RESPONSE_q9" rcardinality="Single">
            <render_fib fibtype="Decimal" prompt="Box">
              <response_label ident="answer"/>
            </render_fib>
          </response_str>
        </presentation>
        <resprocessing>
          <outcomes>
            <decvar maxvalue="1" minvalue="0" varname="SCORE" vartype="Decimal"/>
          </outcomes>
          <respcondition continue="No">
            <conditionvar>
              <or>
                <varequal respident="RESPONSE_q9">143</varequal>
                <and>
                  <vargte respident="RESPONSE_q9">143.0</vargte>
                  <varlte respident="RESPONSE_q9">143.0</varlte>
                </and>
              </or>
            </conditionvar>
            <setvar varname="SCORE" action="Set">1</setvar>
            <displayfeedback feedbacktype="Response" linkrefid="correct"/>
          </respcondition>
        </resprocessing>
        <itemfeedback ident="general_fb">
          <flow_mat>
            <material>
              <mattext texttype="text/plain">&lt;math xmlns="http://www.w3.org/1998/Math/MathML" display="inline"&gt;&lt;mrow&gt;&lt;mtext&gt;Area&lt;/mtext&gt;&lt;mo&gt;&amp;#x0003D;&lt;/mo&gt;&lt;mn&gt;120&lt;/mn&gt;&lt;mspace width="0.167em" /&gt;&lt;mi&gt;\textcolor&lt;/mi&gt;&lt;mrow&gt;&lt;mi&gt;b&lt;/mi&gt;&lt;mi&gt;l&lt;/mi&gt;&lt;mi&gt;u&lt;/mi&gt;&lt;mi&gt;e&lt;/mi&gt;&lt;/mrow&gt;&lt;mrow&gt;&lt;msup&gt;&lt;mtext&gt;ft&lt;/mtext&gt;&lt;mn&gt;2&lt;/mn&gt;&lt;/msup&gt;&lt;/mrow&gt;&lt;mi&gt;&amp;#x000D7;&lt;/mi&gt;&lt;msup&gt;&lt;mrow&gt;&lt;mo stretchy="true" fence="true" form="prefix"&gt;&amp;#x00028;&lt;/mo&gt;&lt;mfrac&gt;&lt;mrow&gt;&lt;mn&gt;0.305&lt;/mn&gt;&lt;mspace width="0.167em" /&gt;&lt;mi&gt;\textcolor&lt;/mi&gt;&lt;mrow&gt;&lt;mi&gt;r&lt;/mi&gt;&lt;mi&gt;e&lt;/mi&gt;&lt;mi&gt;d&lt;/mi&gt;&lt;/mrow&gt;&lt;mrow&gt;&lt;mtext&gt;m&lt;/mtext&gt;&lt;/mrow&gt;&lt;/mrow&gt;&lt;mrow&gt;&lt;mn&gt;1&lt;/mn&gt;&lt;mspace width="0.167em" /&gt;&lt;mi&gt;\textcolor&lt;/mi&gt;&lt;mrow&gt;&lt;mi&gt;b&lt;/mi&gt;&lt;mi&gt;l&lt;/mi&gt;&lt;mi&gt;u&lt;/mi&gt;&lt;mi&gt;e&lt;/mi&gt;&lt;/mrow&gt;&lt;mrow&gt;&lt;mtext&gt;ft&lt;/mtext&gt;&lt;/mrow&gt;&lt;/mrow&gt;&lt;/mfrac&gt;&lt;mo stretchy="true" fence="true" form="postfix"&gt;&amp;#x00029;&lt;/mo&gt;&lt;/mrow&gt;&lt;mn&gt;2&lt;/mn&gt;&lt;/msup&gt;&lt;mi&gt;&amp;#x000D7;&lt;/mi&gt;&lt;mfrac&gt;&lt;mrow&gt;&lt;mn&gt;1&lt;/mn&gt;&lt;mspace width="0.167em" /&gt;&lt;mi&gt;\textcolor&lt;/mi&gt;&lt;mrow&gt;&lt;mi&gt;g&lt;/mi&gt;&lt;mi&gt;r&lt;/mi&gt;&lt;mi&gt;e&lt;/mi&gt;&lt;mi&gt;e&lt;/mi&gt;&lt;mi&gt;n&lt;/mi&gt;&lt;/mrow&gt;&lt;mrow&gt;&lt;mtext&gt;Tl&lt;/mtext&gt;&lt;/mrow&gt;&lt;/mrow&gt;&lt;mrow&gt;&lt;mn&gt;0.25&lt;/mn&gt;&lt;mspace width="0.167em" /&gt;&lt;mi&gt;\textcolor&lt;/mi&gt;&lt;mrow&gt;&lt;mi&gt;r&lt;/mi&gt;&lt;mi&gt;e&lt;/mi&gt;&lt;mi&gt;d&lt;/mi&gt;&lt;/mrow&gt;&lt;mrow&gt;&lt;msup&gt;&lt;mtext&gt;m&lt;/mtext&gt;&lt;mn&gt;2&lt;/mn&gt;&lt;/msup&gt;&lt;/mrow&gt;&lt;/mrow&gt;&lt;/mfrac&gt;&lt;mo&gt;&amp;#x02248;&lt;/mo&gt;&lt;mn&gt;143&lt;/mn&gt;&lt;mspace width="0.167em" /&gt;&lt;mi&gt;\textcolor&lt;/mi&gt;&lt;mrow&gt;&lt;mi&gt;g&lt;/mi&gt;&lt;mi&gt;r&lt;/mi&gt;&lt;mi&gt;e&lt;/mi&gt;&lt;mi&gt;e&lt;/mi&gt;&lt;mi&gt;n&lt;/mi&gt;&lt;/mrow&gt;&lt;mrow&gt;&lt;mtext&gt;Tl&lt;/mtext&gt;&lt;/mrow&gt;&lt;/mrow&gt;&lt;/math&gt;</mattext>
            </material>
          </flow_mat>
        </itemfeedback>
        <itemfeedback ident="correct_fb">
          <flow_mat>
            <material>
              <mattext texttype="text/plain">&lt;p&gt;Good job&amp;#x21;&lt;/p&gt;</mattext>
            </material>
          </flow_mat>
        </itemfeedback>
        <itemfeedback ident="general_incorrect_fb">
          <flow_mat>
            <material>
              <mattext texttype="text/plain">&lt;p&gt;Try again&amp;#x21;&lt;/p&gt;</mattext>
            </material>
          </flow_mat>
        </itemfeedback>
      </item>
      <item ident="q10" title="Field Conversion">
        <itemmetadata>
          <qtimetadata>
            <qtimetadatafield>
              <fieldlabel>question_type</fieldlabel>
              <fieldentry>numerical_question</fieldentry>
            </qtimetadatafield>
          </qtimetadata>
        </itemmetadata>
        <presentation>
          <material>
            <mattext texttype="text/plain">&lt;p&gt;A community garden organizer defines a &lt;em&gt;Field (Fd)&lt;/em&gt; as 100 m&amp;#xB2;. 
If the city allocates 0.15 hectares for community gardens&amp;#x2C; how many Fields is this?&lt;/p&gt;</mattext>
          </material>
          <response_str ident="RESPONSE_q10" rcardinality="Single">
            <render_fib fibtype="Decimal" prompt="Box">
              <response_label ident="answer"/>
            </render_fib>
          </response_str>
        </presentation>
        <resprocessing>
          <outcomes>
            <decvar maxvalue="1" minvalue="0" varname="SCORE" vartype="Decimal"/>
          </outcomes>
          <respcondition continue="No">
            <conditionvar>
              <or>
                <varequal respident="RESPONSE_q10">15</varequal>
                <and>
                  <vargte respident="RESPONSE_q10">15.0</vargte>
                  <varlte respident="RESPONSE_q10">15.0</varlte>
                </and>
              </or>
            </conditionvar>
            <setvar varname="SCORE" action="Set">1</setvar>
            <displayfeedback feedbacktype="Response" linkrefid="correct"/>
          </respcondition>
        </resprocessing>
        <itemfeedback ident="general_fb">
          <flow_mat>
            <material>
              <mattext texttype="text/plain">&lt;math xmlns="http://www.w3.org/1998/Math/MathML" display="inline"&gt;&lt;mrow&gt;&lt;mtext&gt;Area&lt;/mtext&gt;&lt;mo&gt;&amp;#x0003D;&lt;/mo&gt;&lt;mn&gt;0.15&lt;/mn&gt;&lt;mspace width="0.167em" /&gt;&lt;mi&gt;\textcolor&lt;/mi&gt;&lt;mrow&gt;&lt;mi&gt;b&lt;/mi&gt;&lt;mi&gt;l&lt;/mi&gt;&lt;mi&gt;u&lt;/mi&gt;&lt;mi&gt;e&lt;/mi&gt;&lt;/mrow&gt;&lt;mrow&gt;&lt;mtext&gt;ha&lt;/mtext&gt;&lt;/mrow&gt;&lt;mi&gt;&amp;#x000D7;&lt;/mi&gt;&lt;mfrac&gt;&lt;mrow&gt;&lt;mn&gt;10000&lt;/mn&gt;&lt;mspace width="0.167em" /&gt;&lt;mi&gt;\textcolor&lt;/mi&gt;&lt;mrow&gt;&lt;mi&gt;r&lt;/mi&gt;&lt;mi&gt;e&lt;/mi&gt;&lt;mi&gt;d&lt;/mi&gt;&lt;/mrow&gt;&lt;mrow&gt;&lt;msup&gt;&lt;mtext&gt;m&lt;/mtext&gt;&lt;mn&gt;2&lt;/mn&gt;&lt;/msup&gt;&lt;/mrow&gt;&lt;/mrow&gt;&lt;mrow&gt;&lt;mn&gt;1&lt;/mn&gt;&lt;mspace width="0.167em" /&gt;&lt;mi&gt;\textcolor&lt;/mi&gt;&lt;mrow&gt;&lt;mi&gt;b&lt;/mi&gt;&lt;mi&gt;l&lt;/mi&gt;&lt;mi&gt;u&lt;/mi&gt;&lt;mi&gt;e&lt;/mi&gt;&lt;/mrow&gt;&lt;mrow&gt;&lt;mtext&gt;ha&lt;/mtext&gt;&lt;/mrow&gt;&lt;/mrow&gt;&lt;/mfrac&gt;&lt;mi&gt;&amp;#x000D7;&lt;/mi&gt;&lt;mfrac&gt;&lt;mrow&gt;&lt;mn&gt;1&lt;/mn&gt;&lt;mspace width="0.167em" /&gt;&lt;mi&gt;\textcolor&lt;/mi&gt;&lt;mrow&gt;&lt;mi&gt;g&lt;/mi&gt;&lt;mi&gt;r&lt;/mi&gt;&lt;mi&gt;e&lt;/mi&gt;&lt;mi&gt;e&lt;/mi&gt;&lt;mi&gt;n&lt;/mi&gt;&lt;/mrow&gt;&lt;mrow&gt;&lt;mtext&gt;Fd&lt;/mtext&gt;&lt;/mrow&gt;&lt;/mrow&gt;&lt;mrow&gt;&lt;mn&gt;100&lt;/mn&gt;&lt;mspace width="0.167em" /&gt;&lt;mi&gt;\textcolor&lt;/mi&gt;&lt;mrow&gt;&lt;mi&gt;r&lt;/mi&gt;&lt;mi&gt;e&lt;/mi&gt;&lt;mi&gt;d&lt;/mi&gt;&lt;/mrow&gt;&lt;mrow&gt;&lt;msup&gt;&lt;mtext&gt;m&lt;/mtext&gt;&lt;mn&gt;2&lt;/mn&gt;&lt;/msup&gt;&lt;/mrow&gt;&lt;/mrow&gt;&lt;/mfrac&gt;&lt;mo&gt;&amp;#x0003D;&lt;/mo&gt;&lt;mn&gt;15&lt;/mn&gt;&lt;mspace width="0.167em" /&gt;&lt;mi&gt;\textcolor&lt;/mi&gt;&lt;mrow&gt;&lt;mi&gt;g&lt;/mi&gt;&lt;mi&gt;r&lt;/mi&gt;&lt;mi&gt;e&lt;/mi&gt;&lt;mi&gt;e&lt;/mi&gt;&lt;mi&gt;n&lt;/mi&gt;&lt;/mrow&gt;&lt;mrow&gt;&lt;mtext&gt;Fd&lt;/mtext&gt;&lt;/mrow&gt;&lt;/mrow&gt;&lt;/math&gt;</mattext>
            </material>
          </flow_mat>
        </itemfeedback>
        <itemfeedback ident="correct_fb">
          <flow_mat>
            <material>
              <mattext texttype="text/plain">&lt;p&gt;Good job&amp;#x21;&lt;/p&gt;</mattext>
            </material>
          </flow_mat>
        </itemfeedback>
        <itemfeedback ident="general_incorrect_fb">
          <flow_mat>
            <material>
              <mattext texttype="text/plain">&lt;p&gt;Try again&amp;#x21;&lt;/p&gt;</mattext>
            </material>
          </flow_mat>
        </itemfeedback>
      </item>
    </section>
  </assessment>
</questestinterop>
