<?xml version='1.0' encoding='utf-8'?>
<questestinterop xmlns="http://www.imsglobal.org/xsd/ims_qtiasiv1p2" xmlns:xsi="http://www.w3.org/2001/XMLSchema-instance" xsi:schemaLocation="http://www.imsglobal.org/xsd/ims_qtiasiv1p2 http://www.imsglobal.org/xsd/ims_qtiasiv1p2p1.xsd">
  <assessment ident="qti" title="1D Kinematics with Non-Constant Acceleration">
    <qtimetadata>
      <qtimetadatafield>
        <fieldlabel>cc_maxattempts</fieldlabel>
        <fieldentry>1</fieldentry>
      </qtimetadatafield>
    </qtimetadata>
    <section ident="root_section">
      <item ident="vx_poly_rollerbot" title="Rollerbot Dash - Distance Traveled">
        <itemmetadata>
          <qtimetadata>
            <qtimetadatafield>
              <fieldlabel>question_type</fieldlabel>
              <fieldentry>numerical_question</fieldentry>
            </qtimetadatafield>
          </qtimetadata>
        </itemmetadata>
        <presentation>
          <material>
            <mattext texttype="text/plain">&lt;p&gt;A small robot named &lt;em&gt;Rollerbot&lt;/em&gt; is programmed to travel &lt;strong&gt;forward&lt;/strong&gt; in a straight corridor inside a science museum. It begins its motion &lt;strong&gt;80.245 m ahead&lt;/strong&gt; of the start line&amp;#x2C; moving with an initial speed of &lt;strong&gt;15.632 m/s&lt;/strong&gt;. It continues moving for &lt;strong&gt;12.370 s&lt;/strong&gt;&amp;#x2C; with a velocity that varies over time according to:&lt;/p&gt;
&lt;math xmlns="http://www.w3.org/1998/Math/MathML" display="inline"&gt;&lt;mrow&gt;&lt;msub&gt;&lt;mi&gt;v&lt;/mi&gt;&lt;mi&gt;x&lt;/mi&gt;&lt;/msub&gt;&lt;mo stretchy="false"&gt;&amp;#x00028;&lt;/mo&gt;&lt;mi&gt;t&lt;/mi&gt;&lt;mo stretchy="false"&gt;&amp;#x00029;&lt;/mo&gt;&lt;mo&gt;&amp;#x0003D;&lt;/mo&gt;&lt;mn&gt;0.85&lt;/mn&gt;&lt;mo&gt;&amp;#x02212;&lt;/mo&gt;&lt;mn&gt;0.24&lt;/mn&gt;&lt;mi&gt;t&lt;/mi&gt;&lt;mo&gt;&amp;#x02212;&lt;/mo&gt;&lt;mn&gt;0.31&lt;/mn&gt;&lt;msup&gt;&lt;mi&gt;t&lt;/mi&gt;&lt;mn&gt;2&lt;/mn&gt;&lt;/msup&gt;&lt;mo&gt;&amp;#x0002B;&lt;/mo&gt;&lt;mn&gt;0.49&lt;/mn&gt;&lt;msup&gt;&lt;mi&gt;t&lt;/mi&gt;&lt;mn&gt;3&lt;/mn&gt;&lt;/msup&gt;&lt;/mrow&gt;&lt;/math&gt;

&lt;p&gt;where ( v_x(t) ) is in m/s and ( t ) is in seconds.&lt;/p&gt;
&lt;p&gt;&lt;strong&gt;How far does Rollerbot travel during this time?&lt;/strong&gt;
Give your answer to &lt;strong&gt;3 significant figures&lt;/strong&gt;.&lt;/p&gt;</mattext>
          </material>
          <response_str ident="RESPONSE_vx_poly_rollerbot" rcardinality="Single">
            <render_fib fibtype="Decimal" prompt="Box">
              <response_label ident="answer"/>
            </render_fib>
          </response_str>
        </presentation>
        <resprocessing>
          <outcomes>
            <decvar maxvalue="3" minvalue="0" varname="SCORE" vartype="Decimal"/>
          </outcomes>
          <respcondition continue="No">
            <conditionvar>
              <or>
                <varequal respident="RESPONSE_vx_poly_rollerbot" precision="3" precisiontype="significantDigits">2660</varequal>
                <and>
                  <vargt respident="RESPONSE_vx_poly_rollerbot">2659.95</vargt>
                  <varlte respident="RESPONSE_vx_poly_rollerbot">2660.05</varlte>
                </and>
              </or>
            </conditionvar>
            <setvar varname="SCORE" action="Set">3</setvar>
            <displayfeedback feedbacktype="Response" linkrefid="correct"/>
          </respcondition>
        </resprocessing>
        <itemfeedback ident="general_fb">
          <flow_mat>
            <material>
              <mattext texttype="text/plain">&lt;p&gt;To find displacement&amp;#x2C; integrate the velocity function:&lt;/p&gt;
&lt;math xmlns="http://www.w3.org/1998/Math/MathML" display="inline"&gt;&lt;mrow&gt;&lt;mi&gt;x&lt;/mi&gt;&lt;mo stretchy="false"&gt;&amp;#x00028;&lt;/mo&gt;&lt;mi&gt;t&lt;/mi&gt;&lt;mo stretchy="false"&gt;&amp;#x00029;&lt;/mo&gt;&lt;mo&gt;&amp;#x0003D;&lt;/mo&gt;&lt;mo&gt;&amp;#x0222B;&lt;/mo&gt;&lt;msub&gt;&lt;mi&gt;v&lt;/mi&gt;&lt;mi&gt;x&lt;/mi&gt;&lt;/msub&gt;&lt;mo stretchy="false"&gt;&amp;#x00028;&lt;/mo&gt;&lt;mi&gt;t&lt;/mi&gt;&lt;mo stretchy="false"&gt;&amp;#x00029;&lt;/mo&gt;&lt;mi&gt;d&lt;/mi&gt;&lt;mi&gt;t&lt;/mi&gt;&lt;mo&gt;&amp;#x0003D;&lt;/mo&gt;&lt;mo&gt;&amp;#x0222B;&lt;/mo&gt;&lt;mo stretchy="false"&gt;&amp;#x00028;&lt;/mo&gt;&lt;mn&gt;0.85&lt;/mn&gt;&lt;mo&gt;&amp;#x02212;&lt;/mo&gt;&lt;mn&gt;0.24&lt;/mn&gt;&lt;mi&gt;t&lt;/mi&gt;&lt;mo&gt;&amp;#x02212;&lt;/mo&gt;&lt;mn&gt;0.31&lt;/mn&gt;&lt;msup&gt;&lt;mi&gt;t&lt;/mi&gt;&lt;mn&gt;2&lt;/mn&gt;&lt;/msup&gt;&lt;mo&gt;&amp;#x0002B;&lt;/mo&gt;&lt;mn&gt;0.49&lt;/mn&gt;&lt;msup&gt;&lt;mi&gt;t&lt;/mi&gt;&lt;mn&gt;3&lt;/mn&gt;&lt;/msup&gt;&lt;mo stretchy="false"&gt;&amp;#x00029;&lt;/mo&gt;&lt;mi&gt;d&lt;/mi&gt;&lt;mi&gt;t&lt;/mi&gt;&lt;/mrow&gt;&lt;/math&gt;

&lt;math xmlns="http://www.w3.org/1998/Math/MathML" display="inline"&gt;&lt;mrow&gt;&lt;mi&gt;x&lt;/mi&gt;&lt;mo stretchy="false"&gt;&amp;#x00028;&lt;/mo&gt;&lt;mi&gt;t&lt;/mi&gt;&lt;mo stretchy="false"&gt;&amp;#x00029;&lt;/mo&gt;&lt;mo&gt;&amp;#x0003D;&lt;/mo&gt;&lt;mn&gt;0.85&lt;/mn&gt;&lt;mi&gt;t&lt;/mi&gt;&lt;mo&gt;&amp;#x02212;&lt;/mo&gt;&lt;mn&gt;0.12&lt;/mn&gt;&lt;msup&gt;&lt;mi&gt;t&lt;/mi&gt;&lt;mn&gt;2&lt;/mn&gt;&lt;/msup&gt;&lt;mo&gt;&amp;#x02212;&lt;/mo&gt;&lt;mn&gt;0.1033&lt;/mn&gt;&lt;msup&gt;&lt;mi&gt;t&lt;/mi&gt;&lt;mn&gt;3&lt;/mn&gt;&lt;/msup&gt;&lt;mo&gt;&amp;#x0002B;&lt;/mo&gt;&lt;mn&gt;0.1225&lt;/mn&gt;&lt;msup&gt;&lt;mi&gt;t&lt;/mi&gt;&lt;mn&gt;4&lt;/mn&gt;&lt;/msup&gt;&lt;mo&gt;&amp;#x0002B;&lt;/mo&gt;&lt;mi&gt;C&lt;/mi&gt;&lt;/mrow&gt;&lt;/math&gt;

&lt;p&gt;Using initial position ( x_0 = 80.245 ) m&amp;#x2C; we evaluate the position at ( t = 12.370 ) s:&lt;/p&gt;
&lt;math xmlns="http://www.w3.org/1998/Math/MathML" display="inline"&gt;&lt;mrow&gt;&lt;mi&gt;x&lt;/mi&gt;&lt;mo stretchy="false"&gt;&amp;#x00028;&lt;/mo&gt;&lt;mn&gt;12.370&lt;/mn&gt;&lt;mo stretchy="false"&gt;&amp;#x00029;&lt;/mo&gt;&lt;mo&gt;&amp;#x02248;&lt;/mo&gt;&lt;mn&gt;2664.797&lt;/mn&gt;&lt;mtext&gt;&amp;#x000A0;&lt;/mtext&gt;&lt;mi&gt;e&lt;/mi&gt;&lt;mi&gt;x&lt;/mi&gt;&lt;mi&gt;t&lt;/mi&gt;&lt;mrow&gt;&lt;mi&gt;m&lt;/mi&gt;&lt;/mrow&gt;&lt;/mrow&gt;&lt;/math&gt;

&lt;p&gt;So the displacement is approximately ( \boxed{2660\    ext{m}} ) (3 sig. figs).&lt;/p&gt;</mattext>
            </material>
          </flow_mat>
        </itemfeedback>
        <itemfeedback ident="correct_fb">
          <flow_mat>
            <material>
              <mattext texttype="text/plain">&lt;p&gt;Excellent&amp;#x21;&lt;/p&gt;</mattext>
            </material>
          </flow_mat>
        </itemfeedback>
        <itemfeedback ident="general_incorrect_fb">
          <flow_mat>
            <material>
              <mattext texttype="text/plain">&lt;p&gt;Try again by integrating the velocity function and applying the initial condition.&lt;/p&gt;</mattext>
            </material>
          </flow_mat>
        </itemfeedback>
      </item>
      <item ident="vx_exp_meteor" title="Meteor Drop - Instantaneous Acceleration">
        <itemmetadata>
          <qtimetadata>
            <qtimetadatafield>
              <fieldlabel>question_type</fieldlabel>
              <fieldentry>numerical_question</fieldentry>
            </qtimetadatafield>
          </qtimetadata>
        </itemmetadata>
        <presentation>
          <material>
            <mattext texttype="text/plain">&lt;p&gt;A meteor fragment is falling &lt;strong&gt;straight down&lt;/strong&gt; toward Earth. At a moment when it is &lt;strong&gt;35.712 m above&lt;/strong&gt; the ground&amp;#x2C; its speed is measured to be &lt;strong&gt;12.048 m/s downward&lt;/strong&gt;. From that point&amp;#x2C; it continues falling for &lt;strong&gt;6.823 s&lt;/strong&gt;&amp;#x2C; and its velocity as a function of time is modeled by:&lt;/p&gt;
&lt;math xmlns="http://www.w3.org/1998/Math/MathML" display="inline"&gt;&lt;mrow&gt;&lt;msub&gt;&lt;mi&gt;v&lt;/mi&gt;&lt;mi&gt;x&lt;/mi&gt;&lt;/msub&gt;&lt;mo stretchy="false"&gt;&amp;#x00028;&lt;/mo&gt;&lt;mi&gt;t&lt;/mi&gt;&lt;mo stretchy="false"&gt;&amp;#x00029;&lt;/mo&gt;&lt;mo&gt;&amp;#x0003D;&lt;/mo&gt;&lt;mn&gt;0.58&lt;/mn&gt;&lt;mi&gt;&amp;#x000B7;&lt;/mi&gt;&lt;mrow&gt;&lt;mo stretchy="true" fence="true" form="prefix"&gt;&amp;#x00028;&lt;/mo&gt;&lt;mn&gt;1&lt;/mn&gt;&lt;mo&gt;&amp;#x02212;&lt;/mo&gt;&lt;msup&gt;&lt;mi&gt;e&lt;/mi&gt;&lt;mrow&gt;&lt;mo&gt;&amp;#x02212;&lt;/mo&gt;&lt;mn&gt;0.11&lt;/mn&gt;&lt;mi&gt;t&lt;/mi&gt;&lt;/mrow&gt;&lt;/msup&gt;&lt;mo stretchy="true" fence="true" form="postfix"&gt;&amp;#x00029;&lt;/mo&gt;&lt;/mrow&gt;&lt;/mrow&gt;&lt;/math&gt;

&lt;p&gt;&lt;strong&gt;What is the instantaneous acceleration&lt;/strong&gt; of the meteor when it reaches the second reference point (after 6.823 s)?
Give your answer to &lt;strong&gt;2 significant figures&lt;/strong&gt;.&lt;/p&gt;</mattext>
          </material>
          <response_str ident="RESPONSE_vx_exp_meteor" rcardinality="Single">
            <render_fib fibtype="Decimal" prompt="Box">
              <response_label ident="answer"/>
            </render_fib>
          </response_str>
        </presentation>
        <resprocessing>
          <outcomes>
            <decvar maxvalue="2" minvalue="0" varname="SCORE" vartype="Decimal"/>
          </outcomes>
          <respcondition continue="No">
            <conditionvar>
              <or>
                <varequal respident="RESPONSE_vx_exp_meteor" precision="2" precisiontype="significantDigits">0.03</varequal>
                <and>
                  <vargt respident="RESPONSE_vx_exp_meteor">0.0295</vargt>
                  <varlte respident="RESPONSE_vx_exp_meteor">0.0305</varlte>
                </and>
              </or>
            </conditionvar>
            <setvar varname="SCORE" action="Set">2</setvar>
            <displayfeedback feedbacktype="Response" linkrefid="correct"/>
          </respcondition>
        </resprocessing>
        <itemfeedback ident="general_fb">
          <flow_mat>
            <material>
              <mattext texttype="text/plain">&lt;p&gt;Differentiate velocity to get acceleration:&lt;/p&gt;
&lt;math xmlns="http://www.w3.org/1998/Math/MathML" display="inline"&gt;&lt;mrow&gt;&lt;msub&gt;&lt;mi&gt;a&lt;/mi&gt;&lt;mi&gt;x&lt;/mi&gt;&lt;/msub&gt;&lt;mo stretchy="false"&gt;&amp;#x00028;&lt;/mo&gt;&lt;mi&gt;t&lt;/mi&gt;&lt;mo stretchy="false"&gt;&amp;#x00029;&lt;/mo&gt;&lt;mo&gt;&amp;#x0003D;&lt;/mo&gt;&lt;mfrac&gt;&lt;mrow&gt;&lt;mi&gt;d&lt;/mi&gt;&lt;/mrow&gt;&lt;mrow&gt;&lt;mi&gt;d&lt;/mi&gt;&lt;mi&gt;t&lt;/mi&gt;&lt;/mrow&gt;&lt;/mfrac&gt;&lt;mrow&gt;&lt;mo stretchy="true" fence="true" form="prefix"&gt;[&lt;/mo&gt;&lt;mn&gt;0.58&lt;/mn&gt;&lt;mo stretchy="false"&gt;&amp;#x00028;&lt;/mo&gt;&lt;mn&gt;1&lt;/mn&gt;&lt;mo&gt;&amp;#x02212;&lt;/mo&gt;&lt;msup&gt;&lt;mi&gt;e&lt;/mi&gt;&lt;mrow&gt;&lt;mo&gt;&amp;#x02212;&lt;/mo&gt;&lt;mn&gt;0.11&lt;/mn&gt;&lt;mi&gt;t&lt;/mi&gt;&lt;/mrow&gt;&lt;/msup&gt;&lt;mo stretchy="false"&gt;&amp;#x00029;&lt;/mo&gt;&lt;mo stretchy="true" fence="true" form="postfix"&gt;]&lt;/mo&gt;&lt;/mrow&gt;&lt;mo&gt;&amp;#x0003D;&lt;/mo&gt;&lt;mn&gt;0.58&lt;/mn&gt;&lt;mi&gt;&amp;#x000B7;&lt;/mi&gt;&lt;mn&gt;0.11&lt;/mn&gt;&lt;mi&gt;&amp;#x000B7;&lt;/mi&gt;&lt;msup&gt;&lt;mi&gt;e&lt;/mi&gt;&lt;mrow&gt;&lt;mo&gt;&amp;#x02212;&lt;/mo&gt;&lt;mn&gt;0.11&lt;/mn&gt;&lt;mi&gt;t&lt;/mi&gt;&lt;/mrow&gt;&lt;/msup&gt;&lt;/mrow&gt;&lt;/math&gt;

&lt;p&gt;At ( t = 6.823 ) s:&lt;/p&gt;
&lt;math xmlns="http://www.w3.org/1998/Math/MathML" display="inline"&gt;&lt;mrow&gt;&lt;msub&gt;&lt;mi&gt;a&lt;/mi&gt;&lt;mi&gt;x&lt;/mi&gt;&lt;/msub&gt;&lt;mo&gt;&amp;#x02248;&lt;/mo&gt;&lt;mn&gt;0.03&lt;/mn&gt;&lt;mtext&gt;&amp;#x000A0;&lt;/mtext&gt;&lt;mi&gt;e&lt;/mi&gt;&lt;mi&gt;x&lt;/mi&gt;&lt;mi&gt;t&lt;/mi&gt;&lt;msup&gt;&lt;mrow&gt;&lt;mi&gt;m&lt;/mi&gt;&lt;mo&gt;&amp;#x0002F;&lt;/mo&gt;&lt;mi&gt;s&lt;/mi&gt;&lt;/mrow&gt;&lt;mn&gt;2&lt;/mn&gt;&lt;/msup&gt;&lt;/mrow&gt;&lt;/math&gt;

&lt;p&gt;So the correct answer is ( \boxed{0.03\    ext{m/s}&amp;#x5E;2} ).&lt;/p&gt;</mattext>
            </material>
          </flow_mat>
        </itemfeedback>
        <itemfeedback ident="correct_fb">
          <flow_mat>
            <material>
              <mattext texttype="text/plain">&lt;p&gt;Well done&amp;#x21;&lt;/p&gt;</mattext>
            </material>
          </flow_mat>
        </itemfeedback>
        <itemfeedback ident="general_incorrect_fb">
          <flow_mat>
            <material>
              <mattext texttype="text/plain">&lt;p&gt;Review the derivative of exponential velocity functions.&lt;/p&gt;</mattext>
            </material>
          </flow_mat>
        </itemfeedback>
      </item>
      <item ident="vx_log_mining" title="Martian Mining Sled - Distance on Ramp">
        <itemmetadata>
          <qtimetadata>
            <qtimetadatafield>
              <fieldlabel>question_type</fieldlabel>
              <fieldentry>numerical_question</fieldentry>
            </qtimetadatafield>
          </qtimetadata>
        </itemmetadata>
        <presentation>
          <material>
            <mattext texttype="text/plain">&lt;p&gt;On a Martian slope&amp;#x2C; an automated mining sled begins &lt;strong&gt;50.912 m up the ramp&lt;/strong&gt; from the mining base. It travels &lt;strong&gt;down the ramp&lt;/strong&gt; at an initial speed of &lt;strong&gt;4.692 m/s&lt;/strong&gt;&amp;#x2C; and the motion is measured over the next &lt;strong&gt;14.582 s&lt;/strong&gt;. Its velocity function is modeled by:&lt;/p&gt;
&lt;math xmlns="http://www.w3.org/1998/Math/MathML" display="inline"&gt;&lt;mrow&gt;&lt;msub&gt;&lt;mi&gt;v&lt;/mi&gt;&lt;mi&gt;x&lt;/mi&gt;&lt;/msub&gt;&lt;mo stretchy="false"&gt;&amp;#x00028;&lt;/mo&gt;&lt;mi&gt;t&lt;/mi&gt;&lt;mo stretchy="false"&gt;&amp;#x00029;&lt;/mo&gt;&lt;mo&gt;&amp;#x0003D;&lt;/mo&gt;&lt;mn&gt;0.29&lt;/mn&gt;&lt;mi&gt;&amp;#x000B7;&lt;/mi&gt;&lt;mi&gt;ln&lt;/mi&gt;&lt;mo stretchy="false"&gt;&amp;#x00028;&lt;/mo&gt;&lt;mn&gt;1&lt;/mn&gt;&lt;mo&gt;&amp;#x0002B;&lt;/mo&gt;&lt;mn&gt;0.14&lt;/mn&gt;&lt;mi&gt;t&lt;/mi&gt;&lt;mo stretchy="false"&gt;&amp;#x00029;&lt;/mo&gt;&lt;/mrow&gt;&lt;/math&gt;

&lt;p&gt;The slope is at an angle of ( 20&amp;#x5E;\circ ).
&lt;strong&gt;How far down the ramp&lt;/strong&gt; does the sled travel during this time?
Give your answer to &lt;strong&gt;3 significant figures&lt;/strong&gt;.&lt;/p&gt;</mattext>
          </material>
          <response_str ident="RESPONSE_vx_log_mining" rcardinality="Single">
            <render_fib fibtype="Decimal" prompt="Box">
              <response_label ident="answer"/>
            </render_fib>
          </response_str>
        </presentation>
        <resprocessing>
          <outcomes>
            <decvar maxvalue="3" minvalue="0" varname="SCORE" vartype="Decimal"/>
          </outcomes>
          <respcondition continue="No">
            <conditionvar>
              <or>
                <varequal respident="RESPONSE_vx_log_mining" precision="3" precisiontype="significantDigits">2.78</varequal>
                <and>
                  <vargt respident="RESPONSE_vx_log_mining">2.775</vargt>
                  <varlte respident="RESPONSE_vx_log_mining">2.785</varlte>
                </and>
              </or>
            </conditionvar>
            <setvar varname="SCORE" action="Set">3</setvar>
            <displayfeedback feedbacktype="Response" linkrefid="correct"/>
          </respcondition>
        </resprocessing>
        <itemfeedback ident="general_fb">
          <flow_mat>
            <material>
              <mattext texttype="text/plain">&lt;p&gt;To find displacement&amp;#x2C; integrate the velocity:&lt;/p&gt;
&lt;math xmlns="http://www.w3.org/1998/Math/MathML" display="inline"&gt;&lt;mrow&gt;&lt;mi&gt;x&lt;/mi&gt;&lt;mo stretchy="false"&gt;&amp;#x00028;&lt;/mo&gt;&lt;mi&gt;t&lt;/mi&gt;&lt;mo stretchy="false"&gt;&amp;#x00029;&lt;/mo&gt;&lt;mo&gt;&amp;#x0003D;&lt;/mo&gt;&lt;mo&gt;&amp;#x0222B;&lt;/mo&gt;&lt;mn&gt;0.29&lt;/mn&gt;&lt;mi&gt;ln&lt;/mi&gt;&lt;mo stretchy="false"&gt;&amp;#x00028;&lt;/mo&gt;&lt;mn&gt;1&lt;/mn&gt;&lt;mo&gt;&amp;#x0002B;&lt;/mo&gt;&lt;mn&gt;0.14&lt;/mn&gt;&lt;mi&gt;t&lt;/mi&gt;&lt;mo stretchy="false"&gt;&amp;#x00029;&lt;/mo&gt;&lt;mi&gt;d&lt;/mi&gt;&lt;mi&gt;t&lt;/mi&gt;&lt;/mrow&gt;&lt;/math&gt;

&lt;p&gt;Use integration by parts and evaluate the expression at ( t = 14.582 )&amp;#x2C; adding to the initial position ( x_0 = 50.912 ) m:&lt;/p&gt;
&lt;p&gt;[
\Delta x \approx \oxed{2.78\    ext{m}}
]&lt;/p&gt;
&lt;p&gt;This is the distance traveled &lt;strong&gt;down the ramp&lt;/strong&gt; during the motion.&lt;/p&gt;</mattext>
            </material>
          </flow_mat>
        </itemfeedback>
        <itemfeedback ident="correct_fb">
          <flow_mat>
            <material>
              <mattext texttype="text/plain">&lt;p&gt;Correct&amp;#x21;&lt;/p&gt;</mattext>
            </material>
          </flow_mat>
        </itemfeedback>
        <itemfeedback ident="general_incorrect_fb">
          <flow_mat>
            <material>
              <mattext texttype="text/plain">&lt;p&gt;Try integrating the logarithmic function and evaluating it over time.&lt;/p&gt;</mattext>
            </material>
          </flow_mat>
        </itemfeedback>
      </item>
      <item ident="vx_exp_jetbunny" title="Jetpack Bunny Hop - Distance Traveled">
        <itemmetadata>
          <qtimetadata>
            <qtimetadatafield>
              <fieldlabel>question_type</fieldlabel>
              <fieldentry>numerical_question</fieldentry>
            </qtimetadatafield>
          </qtimetadata>
        </itemmetadata>
        <presentation>
          <material>
            <mattext texttype="text/plain">&lt;p&gt;A stunt rabbit named Jet hops &lt;strong&gt;29.214 m behind&lt;/strong&gt; a finish line on a launchpad. When his jetpack activates&amp;#x2C; he travels &lt;strong&gt;forward&lt;/strong&gt; with a speed of &lt;strong&gt;7.391 m/s&lt;/strong&gt;. His speed decays over time due to drag&amp;#x2C; following the velocity function:&lt;/p&gt;
&lt;math xmlns="http://www.w3.org/1998/Math/MathML" display="inline"&gt;&lt;mrow&gt;&lt;msub&gt;&lt;mi&gt;v&lt;/mi&gt;&lt;mi&gt;x&lt;/mi&gt;&lt;/msub&gt;&lt;mo stretchy="false"&gt;&amp;#x00028;&lt;/mo&gt;&lt;mi&gt;t&lt;/mi&gt;&lt;mo stretchy="false"&gt;&amp;#x00029;&lt;/mo&gt;&lt;mo&gt;&amp;#x0003D;&lt;/mo&gt;&lt;mo&gt;&amp;#x02212;&lt;/mo&gt;&lt;mn&gt;0.60&lt;/mn&gt;&lt;mi&gt;&amp;#x000B7;&lt;/mi&gt;&lt;msup&gt;&lt;mi&gt;e&lt;/mi&gt;&lt;mrow&gt;&lt;mo&gt;&amp;#x02212;&lt;/mo&gt;&lt;mn&gt;0.13&lt;/mn&gt;&lt;mi&gt;t&lt;/mi&gt;&lt;/mrow&gt;&lt;/msup&gt;&lt;/mrow&gt;&lt;/math&gt;

&lt;p&gt;He travels for &lt;strong&gt;9.393 s&lt;/strong&gt;.&lt;/p&gt;
&lt;p&gt;&lt;strong&gt;How far does Jet travel during this time?&lt;/strong&gt;
Give your answer to &lt;strong&gt;4 significant figures&lt;/strong&gt;.&lt;/p&gt;</mattext>
          </material>
          <response_str ident="RESPONSE_vx_exp_jetbunny" rcardinality="Single">
            <render_fib fibtype="Decimal" prompt="Box">
              <response_label ident="answer"/>
            </render_fib>
          </response_str>
        </presentation>
        <resprocessing>
          <outcomes>
            <decvar maxvalue="3" minvalue="0" varname="SCORE" vartype="Decimal"/>
          </outcomes>
          <respcondition continue="No">
            <conditionvar>
              <or>
                <varequal respident="RESPONSE_vx_exp_jetbunny" precision="4" precisiontype="significantDigits">1.361</varequal>
                <and>
                  <vargt respident="RESPONSE_vx_exp_jetbunny">1.3605</vargt>
                  <varlte respident="RESPONSE_vx_exp_jetbunny">1.3615</varlte>
                </and>
              </or>
            </conditionvar>
            <setvar varname="SCORE" action="Set">3</setvar>
            <displayfeedback feedbacktype="Response" linkrefid="correct"/>
          </respcondition>
        </resprocessing>
        <itemfeedback ident="general_fb">
          <flow_mat>
            <material>
              <mattext texttype="text/plain">&lt;p&gt;We integrate the velocity:&lt;/p&gt;
&lt;math xmlns="http://www.w3.org/1998/Math/MathML" display="inline"&gt;&lt;mrow&gt;&lt;mi&gt;x&lt;/mi&gt;&lt;mo stretchy="false"&gt;&amp;#x00028;&lt;/mo&gt;&lt;mi&gt;t&lt;/mi&gt;&lt;mo stretchy="false"&gt;&amp;#x00029;&lt;/mo&gt;&lt;mo&gt;&amp;#x0003D;&lt;/mo&gt;&lt;mo&gt;&amp;#x0222B;&lt;/mo&gt;&lt;mo&gt;&amp;#x02212;&lt;/mo&gt;&lt;mn&gt;0.60&lt;/mn&gt;&lt;mi&gt;&amp;#x000B7;&lt;/mi&gt;&lt;msup&gt;&lt;mi&gt;e&lt;/mi&gt;&lt;mrow&gt;&lt;mo&gt;&amp;#x02212;&lt;/mo&gt;&lt;mn&gt;0.13&lt;/mn&gt;&lt;mi&gt;t&lt;/mi&gt;&lt;/mrow&gt;&lt;/msup&gt;&lt;mi&gt;d&lt;/mi&gt;&lt;mi&gt;t&lt;/mi&gt;&lt;mo&gt;&amp;#x0003D;&lt;/mo&gt;&lt;mfrac&gt;&lt;mrow&gt;&lt;mn&gt;0.60&lt;/mn&gt;&lt;/mrow&gt;&lt;mrow&gt;&lt;mn&gt;0.13&lt;/mn&gt;&lt;/mrow&gt;&lt;/mfrac&gt;&lt;msup&gt;&lt;mi&gt;e&lt;/mi&gt;&lt;mrow&gt;&lt;mo&gt;&amp;#x02212;&lt;/mo&gt;&lt;mn&gt;0.13&lt;/mn&gt;&lt;mi&gt;t&lt;/mi&gt;&lt;/mrow&gt;&lt;/msup&gt;&lt;mo&gt;&amp;#x0002B;&lt;/mo&gt;&lt;mi&gt;C&lt;/mi&gt;&lt;/mrow&gt;&lt;/math&gt;

&lt;p&gt;Apply the initial condition and evaluate at ( t = 9.393 ):&lt;/p&gt;
&lt;p&gt;[
\Delta x \approx \boxed{1.361\  ext{m}}
]&lt;/p&gt;</mattext>
            </material>
          </flow_mat>
        </itemfeedback>
        <itemfeedback ident="correct_fb">
          <flow_mat>
            <material>
              <mattext texttype="text/plain">&lt;p&gt;Correct&amp;#x21;&lt;/p&gt;</mattext>
            </material>
          </flow_mat>
        </itemfeedback>
        <itemfeedback ident="general_incorrect_fb">
          <flow_mat>
            <material>
              <mattext texttype="text/plain">&lt;p&gt;Try integrating the exponential velocity function.&lt;/p&gt;</mattext>
            </material>
          </flow_mat>
        </itemfeedback>
      </item>
      <item ident="vx_poly_lavarover" title="Lava Rover Run - Downhill Travel">
        <itemmetadata>
          <qtimetadata>
            <qtimetadatafield>
              <fieldlabel>question_type</fieldlabel>
              <fieldentry>numerical_question</fieldentry>
            </qtimetadatafield>
          </qtimetadata>
        </itemmetadata>
        <presentation>
          <material>
            <mattext texttype="text/plain">&lt;p&gt;A lava rover begins its journey &lt;strong&gt;59.241 m downward&lt;/strong&gt; from a cliff edge on a volcanic slope. It rolls further down at an initial speed of &lt;strong&gt;1.024 m/s&lt;/strong&gt;&amp;#x2C; but its velocity increases non-linearly due to gravity and engine boost:&lt;/p&gt;
&lt;math xmlns="http://www.w3.org/1998/Math/MathML" display="inline"&gt;&lt;mrow&gt;&lt;msub&gt;&lt;mi&gt;v&lt;/mi&gt;&lt;mi&gt;x&lt;/mi&gt;&lt;/msub&gt;&lt;mo stretchy="false"&gt;&amp;#x00028;&lt;/mo&gt;&lt;mi&gt;t&lt;/mi&gt;&lt;mo stretchy="false"&gt;&amp;#x00029;&lt;/mo&gt;&lt;mo&gt;&amp;#x0003D;&lt;/mo&gt;&lt;mo&gt;&amp;#x02212;&lt;/mo&gt;&lt;mn&gt;0.87&lt;/mn&gt;&lt;mo&gt;&amp;#x0002B;&lt;/mo&gt;&lt;mn&gt;0.9&lt;/mn&gt;&lt;mi&gt;t&lt;/mi&gt;&lt;mo&gt;&amp;#x0002B;&lt;/mo&gt;&lt;mn&gt;0.93&lt;/mn&gt;&lt;msup&gt;&lt;mi&gt;t&lt;/mi&gt;&lt;mn&gt;2&lt;/mn&gt;&lt;/msup&gt;&lt;mo&gt;&amp;#x0002B;&lt;/mo&gt;&lt;mn&gt;0.62&lt;/mn&gt;&lt;msup&gt;&lt;mi&gt;t&lt;/mi&gt;&lt;mn&gt;3&lt;/mn&gt;&lt;/msup&gt;&lt;/mrow&gt;&lt;/math&gt;

&lt;p&gt;The rover moves for &lt;strong&gt;12.347 s&lt;/strong&gt;.&lt;/p&gt;
&lt;p&gt;&lt;strong&gt;How far does the rover travel down the slope?&lt;/strong&gt;
Give your answer to &lt;strong&gt;4 significant figures&lt;/strong&gt;.&lt;/p&gt;</mattext>
          </material>
          <response_str ident="RESPONSE_vx_poly_lavarover" rcardinality="Single">
            <render_fib fibtype="Decimal" prompt="Box">
              <response_label ident="answer"/>
            </render_fib>
          </response_str>
        </presentation>
        <resprocessing>
          <outcomes>
            <decvar maxvalue="3" minvalue="0" varname="SCORE" vartype="Decimal"/>
          </outcomes>
          <respcondition continue="No">
            <conditionvar>
              <or>
                <varequal respident="RESPONSE_vx_poly_lavarover" precision="4" precisiontype="significantDigits">4243.647</varequal>
                <and>
                  <vargt respident="RESPONSE_vx_poly_lavarover">4243.6465</vargt>
                  <varlte respident="RESPONSE_vx_poly_lavarover">4243.6475</varlte>
                </and>
              </or>
            </conditionvar>
            <setvar varname="SCORE" action="Set">3</setvar>
            <displayfeedback feedbacktype="Response" linkrefid="correct"/>
          </respcondition>
        </resprocessing>
        <itemfeedback ident="general_fb">
          <flow_mat>
            <material>
              <mattext texttype="text/plain">&lt;p&gt;Integrate the polynomial velocity:&lt;/p&gt;
&lt;math xmlns="http://www.w3.org/1998/Math/MathML" display="inline"&gt;&lt;mrow&gt;&lt;mi&gt;x&lt;/mi&gt;&lt;mo stretchy="false"&gt;&amp;#x00028;&lt;/mo&gt;&lt;mi&gt;t&lt;/mi&gt;&lt;mo stretchy="false"&gt;&amp;#x00029;&lt;/mo&gt;&lt;mo&gt;&amp;#x0003D;&lt;/mo&gt;&lt;mo&gt;&amp;#x02212;&lt;/mo&gt;&lt;mn&gt;0.87&lt;/mn&gt;&lt;mi&gt;t&lt;/mi&gt;&lt;mo&gt;&amp;#x0002B;&lt;/mo&gt;&lt;mn&gt;0.45&lt;/mn&gt;&lt;msup&gt;&lt;mi&gt;t&lt;/mi&gt;&lt;mn&gt;2&lt;/mn&gt;&lt;/msup&gt;&lt;mo&gt;&amp;#x0002B;&lt;/mo&gt;&lt;mn&gt;0.31&lt;/mn&gt;&lt;msup&gt;&lt;mi&gt;t&lt;/mi&gt;&lt;mn&gt;3&lt;/mn&gt;&lt;/msup&gt;&lt;mo&gt;&amp;#x0002B;&lt;/mo&gt;&lt;mn&gt;0.155&lt;/mn&gt;&lt;msup&gt;&lt;mi&gt;t&lt;/mi&gt;&lt;mn&gt;4&lt;/mn&gt;&lt;/msup&gt;&lt;mo&gt;&amp;#x0002B;&lt;/mo&gt;&lt;mi&gt;C&lt;/mi&gt;&lt;/mrow&gt;&lt;/math&gt;

&lt;p&gt;Evaluate at ( t = 12.347 ):&lt;/p&gt;
&lt;p&gt;[
\Delta x \approx \boxed{4243.647\   ext{m}}
]&lt;/p&gt;</mattext>
            </material>
          </flow_mat>
        </itemfeedback>
        <itemfeedback ident="correct_fb">
          <flow_mat>
            <material>
              <mattext texttype="text/plain">&lt;p&gt;Well done&amp;#x21;&lt;/p&gt;</mattext>
            </material>
          </flow_mat>
        </itemfeedback>
        <itemfeedback ident="general_incorrect_fb">
          <flow_mat>
            <material>
              <mattext texttype="text/plain">&lt;p&gt;Try integrating the polynomial and evaluating it at the given time.&lt;/p&gt;</mattext>
            </material>
          </flow_mat>
        </itemfeedback>
      </item>
      <item ident="vx_log_puck" title="Moon Hockey Puck - Glide Distance">
        <itemmetadata>
          <qtimetadata>
            <qtimetadatafield>
              <fieldlabel>question_type</fieldlabel>
              <fieldentry>numerical_question</fieldentry>
            </qtimetadatafield>
          </qtimetadata>
        </itemmetadata>
        <presentation>
          <material>
            <mattext texttype="text/plain">&lt;p&gt;On a moon base&amp;#x2C; an air hockey puck starts &lt;strong&gt;30.461 m behind&lt;/strong&gt; a sensor gate and glides &lt;strong&gt;backward&lt;/strong&gt; on a low-friction surface. Its speed changes according to:&lt;/p&gt;
&lt;math xmlns="http://www.w3.org/1998/Math/MathML" display="inline"&gt;&lt;mrow&gt;&lt;msub&gt;&lt;mi&gt;v&lt;/mi&gt;&lt;mi&gt;x&lt;/mi&gt;&lt;/msub&gt;&lt;mo stretchy="false"&gt;&amp;#x00028;&lt;/mo&gt;&lt;mi&gt;t&lt;/mi&gt;&lt;mo stretchy="false"&gt;&amp;#x00029;&lt;/mo&gt;&lt;mo&gt;&amp;#x0003D;&lt;/mo&gt;&lt;mo&gt;&amp;#x02212;&lt;/mo&gt;&lt;mn&gt;0.76&lt;/mn&gt;&lt;mi&gt;&amp;#x000B7;&lt;/mi&gt;&lt;mi&gt;ln&lt;/mi&gt;&lt;mo stretchy="false"&gt;&amp;#x00028;&lt;/mo&gt;&lt;mn&gt;1&lt;/mn&gt;&lt;mo&gt;&amp;#x0002B;&lt;/mo&gt;&lt;mn&gt;0.13&lt;/mn&gt;&lt;mi&gt;t&lt;/mi&gt;&lt;mo stretchy="false"&gt;&amp;#x00029;&lt;/mo&gt;&lt;/mrow&gt;&lt;/math&gt;

&lt;p&gt;The puck glides for &lt;strong&gt;13.843 s&lt;/strong&gt;.&lt;/p&gt;
&lt;p&gt;&lt;strong&gt;How far does the puck move during this time?&lt;/strong&gt;
Give your answer to &lt;strong&gt;4 significant figures&lt;/strong&gt;.&lt;/p&gt;</mattext>
          </material>
          <response_str ident="RESPONSE_vx_log_puck" rcardinality="Single">
            <render_fib fibtype="Decimal" prompt="Box">
              <response_label ident="answer"/>
            </render_fib>
          </response_str>
        </presentation>
        <resprocessing>
          <outcomes>
            <decvar maxvalue="3" minvalue="0" varname="SCORE" vartype="Decimal"/>
          </outcomes>
          <respcondition continue="No">
            <conditionvar>
              <or>
                <varequal respident="RESPONSE_vx_log_puck" precision="4" precisiontype="significantDigits">6.329</varequal>
                <and>
                  <vargt respident="RESPONSE_vx_log_puck">6.3285</vargt>
                  <varlte respident="RESPONSE_vx_log_puck">6.3295</varlte>
                </and>
              </or>
            </conditionvar>
            <setvar varname="SCORE" action="Set">3</setvar>
            <displayfeedback feedbacktype="Response" linkrefid="correct"/>
          </respcondition>
        </resprocessing>
        <itemfeedback ident="general_fb">
          <flow_mat>
            <material>
              <mattext texttype="text/plain">&lt;p&gt;Integrate the velocity:&lt;/p&gt;
&lt;math xmlns="http://www.w3.org/1998/Math/MathML" display="inline"&gt;&lt;mrow&gt;&lt;mi&gt;x&lt;/mi&gt;&lt;mo stretchy="false"&gt;&amp;#x00028;&lt;/mo&gt;&lt;mi&gt;t&lt;/mi&gt;&lt;mo stretchy="false"&gt;&amp;#x00029;&lt;/mo&gt;&lt;mo&gt;&amp;#x0003D;&lt;/mo&gt;&lt;mo&gt;&amp;#x0222B;&lt;/mo&gt;&lt;mo&gt;&amp;#x02212;&lt;/mo&gt;&lt;mn&gt;0.76&lt;/mn&gt;&lt;mi&gt;ln&lt;/mi&gt;&lt;mo stretchy="false"&gt;&amp;#x00028;&lt;/mo&gt;&lt;mn&gt;1&lt;/mn&gt;&lt;mo&gt;&amp;#x0002B;&lt;/mo&gt;&lt;mn&gt;0.13&lt;/mn&gt;&lt;mi&gt;t&lt;/mi&gt;&lt;mo stretchy="false"&gt;&amp;#x00029;&lt;/mo&gt;&lt;mi&gt;d&lt;/mi&gt;&lt;mi&gt;t&lt;/mi&gt;&lt;/mrow&gt;&lt;/math&gt;

&lt;p&gt;Evaluate at ( t = 13.843 ):&lt;/p&gt;
&lt;p&gt;[
\Delta x \approx \boxed{6.329\  ext{m}}
]&lt;/p&gt;</mattext>
            </material>
          </flow_mat>
        </itemfeedback>
        <itemfeedback ident="correct_fb">
          <flow_mat>
            <material>
              <mattext texttype="text/plain">&lt;p&gt;That's right&amp;#x21;&lt;/p&gt;</mattext>
            </material>
          </flow_mat>
        </itemfeedback>
        <itemfeedback ident="general_incorrect_fb">
          <flow_mat>
            <material>
              <mattext texttype="text/plain">&lt;p&gt;Try evaluating the integral of the logarithmic velocity function.&lt;/p&gt;</mattext>
            </material>
          </flow_mat>
        </itemfeedback>
      </item>
      <item ident="vx_exp_hovercrate" title="Hover-Crate Delivery - Drift Distance">
        <itemmetadata>
          <qtimetadata>
            <qtimetadatafield>
              <fieldlabel>question_type</fieldlabel>
              <fieldentry>numerical_question</fieldentry>
            </qtimetadatafield>
          </qtimetadata>
        </itemmetadata>
        <presentation>
          <material>
            <mattext texttype="text/plain">&lt;p&gt;A supply drone hovers &lt;strong&gt;3.439 m toward home&lt;/strong&gt; from a landing platform and begins drifting back as its propellers slow. It has an initial speed of &lt;strong&gt;18.195 m/s&lt;/strong&gt;&amp;#x2C; and its velocity function is modeled by:&lt;/p&gt;
&lt;math xmlns="http://www.w3.org/1998/Math/MathML" display="inline"&gt;&lt;mrow&gt;&lt;msub&gt;&lt;mi&gt;v&lt;/mi&gt;&lt;mi&gt;x&lt;/mi&gt;&lt;/msub&gt;&lt;mo stretchy="false"&gt;&amp;#x00028;&lt;/mo&gt;&lt;mi&gt;t&lt;/mi&gt;&lt;mo stretchy="false"&gt;&amp;#x00029;&lt;/mo&gt;&lt;mo&gt;&amp;#x0003D;&lt;/mo&gt;&lt;mo&gt;&amp;#x02212;&lt;/mo&gt;&lt;mn&gt;0.15&lt;/mn&gt;&lt;mi&gt;&amp;#x000B7;&lt;/mi&gt;&lt;msup&gt;&lt;mi&gt;e&lt;/mi&gt;&lt;mrow&gt;&lt;mo&gt;&amp;#x02212;&lt;/mo&gt;&lt;mn&gt;0.06&lt;/mn&gt;&lt;mi&gt;t&lt;/mi&gt;&lt;/mrow&gt;&lt;/msup&gt;&lt;/mrow&gt;&lt;/math&gt;

&lt;p&gt;The drone hovers for &lt;strong&gt;5.546 s&lt;/strong&gt; before shutting down.&lt;/p&gt;
&lt;p&gt;&lt;strong&gt;How far does the drone travel during this time?&lt;/strong&gt;
Give your answer to &lt;strong&gt;4 significant figures&lt;/strong&gt;.&lt;/p&gt;</mattext>
          </material>
          <response_str ident="RESPONSE_vx_exp_hovercrate" rcardinality="Single">
            <render_fib fibtype="Decimal" prompt="Box">
              <response_label ident="answer"/>
            </render_fib>
          </response_str>
        </presentation>
        <resprocessing>
          <outcomes>
            <decvar maxvalue="3" minvalue="0" varname="SCORE" vartype="Decimal"/>
          </outcomes>
          <respcondition continue="No">
            <conditionvar>
              <or>
                <varequal respident="RESPONSE_vx_exp_hovercrate" precision="4" precisiontype="significantDigits">1.7924</varequal>
                <and>
                  <vargt respident="RESPONSE_vx_exp_hovercrate">1.79235</vargt>
                  <varlte respident="RESPONSE_vx_exp_hovercrate">1.79245</varlte>
                </and>
              </or>
            </conditionvar>
            <setvar varname="SCORE" action="Set">3</setvar>
            <displayfeedback feedbacktype="Response" linkrefid="correct"/>
          </respcondition>
        </resprocessing>
        <itemfeedback ident="general_fb">
          <flow_mat>
            <material>
              <mattext texttype="text/plain">&lt;p&gt;Integrate the velocity:&lt;/p&gt;
&lt;math xmlns="http://www.w3.org/1998/Math/MathML" display="inline"&gt;&lt;mrow&gt;&lt;mi&gt;x&lt;/mi&gt;&lt;mo stretchy="false"&gt;&amp;#x00028;&lt;/mo&gt;&lt;mi&gt;t&lt;/mi&gt;&lt;mo stretchy="false"&gt;&amp;#x00029;&lt;/mo&gt;&lt;mo&gt;&amp;#x0003D;&lt;/mo&gt;&lt;mo&gt;&amp;#x0222B;&lt;/mo&gt;&lt;mo&gt;&amp;#x02212;&lt;/mo&gt;&lt;mn&gt;0.15&lt;/mn&gt;&lt;mi&gt;&amp;#x000B7;&lt;/mi&gt;&lt;msup&gt;&lt;mi&gt;e&lt;/mi&gt;&lt;mrow&gt;&lt;mo&gt;&amp;#x02212;&lt;/mo&gt;&lt;mn&gt;0.06&lt;/mn&gt;&lt;mi&gt;t&lt;/mi&gt;&lt;/mrow&gt;&lt;/msup&gt;&lt;mi&gt;d&lt;/mi&gt;&lt;mi&gt;t&lt;/mi&gt;&lt;mo&gt;&amp;#x0003D;&lt;/mo&gt;&lt;mfrac&gt;&lt;mrow&gt;&lt;mn&gt;0.15&lt;/mn&gt;&lt;/mrow&gt;&lt;mrow&gt;&lt;mn&gt;0.06&lt;/mn&gt;&lt;/mrow&gt;&lt;/mfrac&gt;&lt;msup&gt;&lt;mi&gt;e&lt;/mi&gt;&lt;mrow&gt;&lt;mo&gt;&amp;#x02212;&lt;/mo&gt;&lt;mn&gt;0.06&lt;/mn&gt;&lt;mi&gt;t&lt;/mi&gt;&lt;/mrow&gt;&lt;/msup&gt;&lt;mo&gt;&amp;#x0002B;&lt;/mo&gt;&lt;mi&gt;C&lt;/mi&gt;&lt;/mrow&gt;&lt;/math&gt;

&lt;p&gt;Using ( x_0 = 3.439 )&amp;#x2C; evaluate at ( t = 5.546 ):&lt;/p&gt;
&lt;p&gt;[
\Delta x \approx \boxed{1.792\  ext{m}}
]&lt;/p&gt;</mattext>
            </material>
          </flow_mat>
        </itemfeedback>
        <itemfeedback ident="correct_fb">
          <flow_mat>
            <material>
              <mattext texttype="text/plain">&lt;p&gt;Great work&amp;#x21;&lt;/p&gt;</mattext>
            </material>
          </flow_mat>
        </itemfeedback>
        <itemfeedback ident="general_incorrect_fb">
          <flow_mat>
            <material>
              <mattext texttype="text/plain">&lt;p&gt;Try integrating the exponential velocity function and evaluate carefully.&lt;/p&gt;</mattext>
            </material>
          </flow_mat>
        </itemfeedback>
      </item>
      <item ident="vx_exp_balloon" title="Slow Balloon Drift - Small Displacement">
        <itemmetadata>
          <qtimetadata>
            <qtimetadatafield>
              <fieldlabel>question_type</fieldlabel>
              <fieldentry>numerical_question</fieldentry>
            </qtimetadatafield>
          </qtimetadata>
        </itemmetadata>
        <presentation>
          <material>
            <mattext texttype="text/plain">&lt;p&gt;A helium balloon begins &lt;strong&gt;56.770 m toward home&lt;/strong&gt; and slowly drifts backward due to a slight breeze. Its initial speed is &lt;strong&gt;0.723 m/s&lt;/strong&gt;&amp;#x2C; and its velocity decays exponentially:&lt;/p&gt;
&lt;math xmlns="http://www.w3.org/1998/Math/MathML" display="inline"&gt;&lt;mrow&gt;&lt;msub&gt;&lt;mi&gt;v&lt;/mi&gt;&lt;mi&gt;x&lt;/mi&gt;&lt;/msub&gt;&lt;mo stretchy="false"&gt;&amp;#x00028;&lt;/mo&gt;&lt;mi&gt;t&lt;/mi&gt;&lt;mo stretchy="false"&gt;&amp;#x00029;&lt;/mo&gt;&lt;mo&gt;&amp;#x0003D;&lt;/mo&gt;&lt;mo&gt;&amp;#x02212;&lt;/mo&gt;&lt;mn&gt;0.21&lt;/mn&gt;&lt;mi&gt;&amp;#x000B7;&lt;/mi&gt;&lt;msup&gt;&lt;mi&gt;e&lt;/mi&gt;&lt;mrow&gt;&lt;mo&gt;&amp;#x02212;&lt;/mo&gt;&lt;mn&gt;0.23&lt;/mn&gt;&lt;mi&gt;t&lt;/mi&gt;&lt;/mrow&gt;&lt;/msup&gt;&lt;/mrow&gt;&lt;/math&gt;

&lt;p&gt;The motion continues for &lt;strong&gt;16.925 s&lt;/strong&gt;.&lt;/p&gt;
&lt;p&gt;&lt;strong&gt;How far does the balloon drift during this time?&lt;/strong&gt;
Give your answer to &lt;strong&gt;4 significant figures&lt;/strong&gt;.&lt;/p&gt;</mattext>
          </material>
          <response_str ident="RESPONSE_vx_exp_balloon" rcardinality="Single">
            <render_fib fibtype="Decimal" prompt="Box">
              <response_label ident="answer"/>
            </render_fib>
          </response_str>
        </presentation>
        <resprocessing>
          <outcomes>
            <decvar maxvalue="2" minvalue="0" varname="SCORE" vartype="Decimal"/>
          </outcomes>
          <respcondition continue="No">
            <conditionvar>
              <or>
                <varequal respident="RESPONSE_vx_exp_balloon" precision="4" precisiontype="significantDigits">0.0186</varequal>
                <and>
                  <vargt respident="RESPONSE_vx_exp_balloon">0.018595</vargt>
                  <varlte respident="RESPONSE_vx_exp_balloon">0.018605</varlte>
                </and>
              </or>
            </conditionvar>
            <setvar varname="SCORE" action="Set">2</setvar>
            <displayfeedback feedbacktype="Response" linkrefid="correct"/>
          </respcondition>
        </resprocessing>
        <itemfeedback ident="general_fb">
          <flow_mat>
            <material>
              <mattext texttype="text/plain">&lt;p&gt;Integrate:&lt;/p&gt;
&lt;math xmlns="http://www.w3.org/1998/Math/MathML" display="inline"&gt;&lt;mrow&gt;&lt;mi&gt;x&lt;/mi&gt;&lt;mo stretchy="false"&gt;&amp;#x00028;&lt;/mo&gt;&lt;mi&gt;t&lt;/mi&gt;&lt;mo stretchy="false"&gt;&amp;#x00029;&lt;/mo&gt;&lt;mo&gt;&amp;#x0003D;&lt;/mo&gt;&lt;mo&gt;&amp;#x0222B;&lt;/mo&gt;&lt;mo&gt;&amp;#x02212;&lt;/mo&gt;&lt;mn&gt;0.21&lt;/mn&gt;&lt;mi&gt;&amp;#x000B7;&lt;/mi&gt;&lt;msup&gt;&lt;mi&gt;e&lt;/mi&gt;&lt;mrow&gt;&lt;mo&gt;&amp;#x02212;&lt;/mo&gt;&lt;mn&gt;0.23&lt;/mn&gt;&lt;mi&gt;t&lt;/mi&gt;&lt;/mrow&gt;&lt;/msup&gt;&lt;mi&gt;d&lt;/mi&gt;&lt;mi&gt;t&lt;/mi&gt;&lt;mo&gt;&amp;#x0003D;&lt;/mo&gt;&lt;mfrac&gt;&lt;mrow&gt;&lt;mn&gt;0.21&lt;/mn&gt;&lt;/mrow&gt;&lt;mrow&gt;&lt;mn&gt;0.23&lt;/mn&gt;&lt;/mrow&gt;&lt;/mfrac&gt;&lt;msup&gt;&lt;mi&gt;e&lt;/mi&gt;&lt;mrow&gt;&lt;mo&gt;&amp;#x02212;&lt;/mo&gt;&lt;mn&gt;0.23&lt;/mn&gt;&lt;mi&gt;t&lt;/mi&gt;&lt;/mrow&gt;&lt;/msup&gt;&lt;mo&gt;&amp;#x0002B;&lt;/mo&gt;&lt;mi&gt;C&lt;/mi&gt;&lt;/mrow&gt;&lt;/math&gt;

&lt;p&gt;Apply the initial condition and evaluate at ( t = 16.925 ):&lt;/p&gt;
&lt;p&gt;[
\Delta x \approx \boxed{0.0186\     ext{m}}
]&lt;/p&gt;</mattext>
            </material>
          </flow_mat>
        </itemfeedback>
        <itemfeedback ident="correct_fb">
          <flow_mat>
            <material>
              <mattext texttype="text/plain">&lt;p&gt;Correct&amp;#x21;&lt;/p&gt;</mattext>
            </material>
          </flow_mat>
        </itemfeedback>
        <itemfeedback ident="general_incorrect_fb">
          <flow_mat>
            <material>
              <mattext texttype="text/plain">&lt;p&gt;Don't forget to apply the initial condition and evaluate properly.&lt;/p&gt;</mattext>
            </material>
          </flow_mat>
        </itemfeedback>
      </item>
      <item ident="vx_poly_catapult" title="Catapult Cart - High-Speed Travel">
        <itemmetadata>
          <qtimetadata>
            <qtimetadatafield>
              <fieldlabel>question_type</fieldlabel>
              <fieldentry>numerical_question</fieldentry>
            </qtimetadatafield>
          </qtimetadata>
        </itemmetadata>
        <presentation>
          <material>
            <mattext texttype="text/plain">&lt;p&gt;On a high-speed maglev test track&amp;#x2C; a cart is launched from &lt;strong&gt;72.727 m ahead&lt;/strong&gt; of the end point. It accelerates from &lt;strong&gt;6.598 m/s&lt;/strong&gt; and follows this velocity function:&lt;/p&gt;
&lt;math xmlns="http://www.w3.org/1998/Math/MathML" display="inline"&gt;&lt;mrow&gt;&lt;msub&gt;&lt;mi&gt;v&lt;/mi&gt;&lt;mi&gt;x&lt;/mi&gt;&lt;/msub&gt;&lt;mo stretchy="false"&gt;&amp;#x00028;&lt;/mo&gt;&lt;mi&gt;t&lt;/mi&gt;&lt;mo stretchy="false"&gt;&amp;#x00029;&lt;/mo&gt;&lt;mo&gt;&amp;#x0003D;&lt;/mo&gt;&lt;mn&gt;0.92&lt;/mn&gt;&lt;mo&gt;&amp;#x0002B;&lt;/mo&gt;&lt;mn&gt;0.69&lt;/mn&gt;&lt;mi&gt;t&lt;/mi&gt;&lt;mo&gt;&amp;#x0002B;&lt;/mo&gt;&lt;mn&gt;0.49&lt;/mn&gt;&lt;msup&gt;&lt;mi&gt;t&lt;/mi&gt;&lt;mn&gt;2&lt;/mn&gt;&lt;/msup&gt;&lt;mo&gt;&amp;#x0002B;&lt;/mo&gt;&lt;mn&gt;0.08&lt;/mn&gt;&lt;msup&gt;&lt;mi&gt;t&lt;/mi&gt;&lt;mn&gt;3&lt;/mn&gt;&lt;/msup&gt;&lt;/mrow&gt;&lt;/math&gt;

&lt;p&gt;The motion lasts &lt;strong&gt;11.624 s&lt;/strong&gt;.&lt;/p&gt;
&lt;p&gt;&lt;strong&gt;How far does the cart travel in that time?&lt;/strong&gt;
Give your answer to &lt;strong&gt;4 significant figures&lt;/strong&gt;.&lt;/p&gt;</mattext>
          </material>
          <response_str ident="RESPONSE_vx_poly_catapult" rcardinality="Single">
            <render_fib fibtype="Decimal" prompt="Box">
              <response_label ident="answer"/>
            </render_fib>
          </response_str>
        </presentation>
        <resprocessing>
          <outcomes>
            <decvar maxvalue="3" minvalue="0" varname="SCORE" vartype="Decimal"/>
          </outcomes>
          <respcondition continue="No">
            <conditionvar>
              <or>
                <varequal respident="RESPONSE_vx_poly_catapult" precision="4" precisiontype="significantDigits">678.9757</varequal>
                <and>
                  <vargt respident="RESPONSE_vx_poly_catapult">678.97565</vargt>
                  <varlte respident="RESPONSE_vx_poly_catapult">678.97575</varlte>
                </and>
              </or>
            </conditionvar>
            <setvar varname="SCORE" action="Set">3</setvar>
            <displayfeedback feedbacktype="Response" linkrefid="correct"/>
          </respcondition>
        </resprocessing>
        <itemfeedback ident="general_fb">
          <flow_mat>
            <material>
              <mattext texttype="text/plain">&lt;p&gt;Integrate:&lt;/p&gt;
&lt;math xmlns="http://www.w3.org/1998/Math/MathML" display="inline"&gt;&lt;mrow&gt;&lt;mi&gt;x&lt;/mi&gt;&lt;mo stretchy="false"&gt;&amp;#x00028;&lt;/mo&gt;&lt;mi&gt;t&lt;/mi&gt;&lt;mo stretchy="false"&gt;&amp;#x00029;&lt;/mo&gt;&lt;mo&gt;&amp;#x0003D;&lt;/mo&gt;&lt;mn&gt;0.92&lt;/mn&gt;&lt;mi&gt;t&lt;/mi&gt;&lt;mo&gt;&amp;#x0002B;&lt;/mo&gt;&lt;mn&gt;0.345&lt;/mn&gt;&lt;msup&gt;&lt;mi&gt;t&lt;/mi&gt;&lt;mn&gt;2&lt;/mn&gt;&lt;/msup&gt;&lt;mo&gt;&amp;#x0002B;&lt;/mo&gt;&lt;mn&gt;0.1633&lt;/mn&gt;&lt;msup&gt;&lt;mi&gt;t&lt;/mi&gt;&lt;mn&gt;3&lt;/mn&gt;&lt;/msup&gt;&lt;mo&gt;&amp;#x0002B;&lt;/mo&gt;&lt;mn&gt;0.02&lt;/mn&gt;&lt;msup&gt;&lt;mi&gt;t&lt;/mi&gt;&lt;mn&gt;4&lt;/mn&gt;&lt;/msup&gt;&lt;mo&gt;&amp;#x0002B;&lt;/mo&gt;&lt;mi&gt;C&lt;/mi&gt;&lt;/mrow&gt;&lt;/math&gt;

&lt;p&gt;Evaluate the expression at ( t = 11.624 ):&lt;/p&gt;
&lt;p&gt;[
\Delta x \approx \boxed{678.976\    ext{m}}
]&lt;/p&gt;</mattext>
            </material>
          </flow_mat>
        </itemfeedback>
        <itemfeedback ident="correct_fb">
          <flow_mat>
            <material>
              <mattext texttype="text/plain">&lt;p&gt;Nicely done&amp;#x21;&lt;/p&gt;</mattext>
            </material>
          </flow_mat>
        </itemfeedback>
        <itemfeedback ident="general_incorrect_fb">
          <flow_mat>
            <material>
              <mattext texttype="text/plain">&lt;p&gt;Review polynomial integration and plug in values carefully.&lt;/p&gt;</mattext>
            </material>
          </flow_mat>
        </itemfeedback>
      </item>
      <item ident="vx_poly_tunnelracer" title="Tunnel Racer - Velocity Dive">
        <itemmetadata>
          <qtimetadata>
            <qtimetadatafield>
              <fieldlabel>question_type</fieldlabel>
              <fieldentry>numerical_question</fieldentry>
            </qtimetadatafield>
          </qtimetadata>
        </itemmetadata>
        <presentation>
          <material>
            <mattext texttype="text/plain">&lt;p&gt;A tunnel racer begins &lt;strong&gt;58.675 m downhill&lt;/strong&gt; from a control gate and launches with high speed. Its velocity function during this unstable burst is:&lt;/p&gt;
&lt;math xmlns="http://www.w3.org/1998/Math/MathML" display="inline"&gt;&lt;mrow&gt;&lt;msub&gt;&lt;mi&gt;v&lt;/mi&gt;&lt;mi&gt;x&lt;/mi&gt;&lt;/msub&gt;&lt;mo stretchy="false"&gt;&amp;#x00028;&lt;/mo&gt;&lt;mi&gt;t&lt;/mi&gt;&lt;mo stretchy="false"&gt;&amp;#x00029;&lt;/mo&gt;&lt;mo&gt;&amp;#x0003D;&lt;/mo&gt;&lt;mo&gt;&amp;#x02212;&lt;/mo&gt;&lt;mn&gt;0.41&lt;/mn&gt;&lt;mo&gt;&amp;#x02212;&lt;/mo&gt;&lt;mn&gt;0.67&lt;/mn&gt;&lt;mi&gt;t&lt;/mi&gt;&lt;mo&gt;&amp;#x02212;&lt;/mo&gt;&lt;mn&gt;0.97&lt;/mn&gt;&lt;msup&gt;&lt;mi&gt;t&lt;/mi&gt;&lt;mn&gt;2&lt;/mn&gt;&lt;/msup&gt;&lt;mo&gt;&amp;#x02212;&lt;/mo&gt;&lt;mn&gt;0.15&lt;/mn&gt;&lt;msup&gt;&lt;mi&gt;t&lt;/mi&gt;&lt;mn&gt;3&lt;/mn&gt;&lt;/msup&gt;&lt;/mrow&gt;&lt;/math&gt;

&lt;p&gt;It moves for &lt;strong&gt;12.337 s&lt;/strong&gt; before stopping.&lt;/p&gt;
&lt;p&gt;&lt;strong&gt;How far does the racer travel in that time?&lt;/strong&gt;
Give your answer to &lt;strong&gt;4 significant figures&lt;/strong&gt;.&lt;/p&gt;</mattext>
          </material>
          <response_str ident="RESPONSE_vx_poly_tunnelracer" rcardinality="Single">
            <render_fib fibtype="Decimal" prompt="Box">
              <response_label ident="answer"/>
            </render_fib>
          </response_str>
        </presentation>
        <resprocessing>
          <outcomes>
            <decvar maxvalue="3" minvalue="0" varname="SCORE" vartype="Decimal"/>
          </outcomes>
          <respcondition continue="No">
            <conditionvar>
              <or>
                <varequal respident="RESPONSE_vx_poly_tunnelracer" precision="4" precisiontype="significantDigits">1531.872</varequal>
                <and>
                  <vargt respident="RESPONSE_vx_poly_tunnelracer">1531.8715</vargt>
                  <varlte respident="RESPONSE_vx_poly_tunnelracer">1531.8725</varlte>
                </and>
              </or>
            </conditionvar>
            <setvar varname="SCORE" action="Set">3</setvar>
            <displayfeedback feedbacktype="Response" linkrefid="correct"/>
          </respcondition>
        </resprocessing>
        <itemfeedback ident="general_fb">
          <flow_mat>
            <material>
              <mattext texttype="text/plain">&lt;p&gt;Integrate:&lt;/p&gt;
&lt;math xmlns="http://www.w3.org/1998/Math/MathML" display="inline"&gt;&lt;mrow&gt;&lt;mi&gt;x&lt;/mi&gt;&lt;mo stretchy="false"&gt;&amp;#x00028;&lt;/mo&gt;&lt;mi&gt;t&lt;/mi&gt;&lt;mo stretchy="false"&gt;&amp;#x00029;&lt;/mo&gt;&lt;mo&gt;&amp;#x0003D;&lt;/mo&gt;&lt;mo&gt;&amp;#x02212;&lt;/mo&gt;&lt;mn&gt;0.41&lt;/mn&gt;&lt;mi&gt;t&lt;/mi&gt;&lt;mo&gt;&amp;#x02212;&lt;/mo&gt;&lt;mn&gt;0.335&lt;/mn&gt;&lt;msup&gt;&lt;mi&gt;t&lt;/mi&gt;&lt;mn&gt;2&lt;/mn&gt;&lt;/msup&gt;&lt;mo&gt;&amp;#x02212;&lt;/mo&gt;&lt;mn&gt;0.3233&lt;/mn&gt;&lt;msup&gt;&lt;mi&gt;t&lt;/mi&gt;&lt;mn&gt;3&lt;/mn&gt;&lt;/msup&gt;&lt;mo&gt;&amp;#x02212;&lt;/mo&gt;&lt;mn&gt;0.0375&lt;/mn&gt;&lt;msup&gt;&lt;mi&gt;t&lt;/mi&gt;&lt;mn&gt;4&lt;/mn&gt;&lt;/msup&gt;&lt;mo&gt;&amp;#x0002B;&lt;/mo&gt;&lt;mi&gt;C&lt;/mi&gt;&lt;/mrow&gt;&lt;/math&gt;

&lt;p&gt;Evaluate at ( t = 12.337 ) and subtract the initial position:&lt;/p&gt;
&lt;p&gt;[
\Delta x \pprox \boxed{1531.872\    ext{m}}
]&lt;/p&gt;</mattext>
            </material>
          </flow_mat>
        </itemfeedback>
        <itemfeedback ident="correct_fb">
          <flow_mat>
            <material>
              <mattext texttype="text/plain">&lt;p&gt;Well done&amp;#x21;&lt;/p&gt;</mattext>
            </material>
          </flow_mat>
        </itemfeedback>
        <itemfeedback ident="general_incorrect_fb">
          <flow_mat>
            <material>
              <mattext texttype="text/plain">&lt;p&gt;Make sure to integrate the velocity and use the correct time interval.&lt;/p&gt;</mattext>
            </material>
          </flow_mat>
        </itemfeedback>
      </item>
      <item ident="vx_poly_droplet" title="Water Droplet Slide - Leaf Motion">
        <itemmetadata>
          <qtimetadata>
            <qtimetadatafield>
              <fieldlabel>question_type</fieldlabel>
              <fieldentry>numerical_question</fieldentry>
            </qtimetadatafield>
          </qtimetadata>
        </itemmetadata>
        <presentation>
          <material>
            <mattext texttype="text/plain">&lt;p&gt;A water droplet begins &lt;strong&gt;39.488 m below&lt;/strong&gt; a ridge on a curved leaf and slides for &lt;strong&gt;0.775 s&lt;/strong&gt;. Its velocity function is:&lt;/p&gt;
&lt;math xmlns="http://www.w3.org/1998/Math/MathML" display="inline"&gt;&lt;mrow&gt;&lt;msub&gt;&lt;mi&gt;v&lt;/mi&gt;&lt;mi&gt;x&lt;/mi&gt;&lt;/msub&gt;&lt;mo stretchy="false"&gt;&amp;#x00028;&lt;/mo&gt;&lt;mi&gt;t&lt;/mi&gt;&lt;mo stretchy="false"&gt;&amp;#x00029;&lt;/mo&gt;&lt;mo&gt;&amp;#x0003D;&lt;/mo&gt;&lt;mn&gt;0.42&lt;/mn&gt;&lt;mo&gt;&amp;#x0002B;&lt;/mo&gt;&lt;mn&gt;0.58&lt;/mn&gt;&lt;mi&gt;t&lt;/mi&gt;&lt;mo&gt;&amp;#x0002B;&lt;/mo&gt;&lt;mn&gt;0.21&lt;/mn&gt;&lt;msup&gt;&lt;mi&gt;t&lt;/mi&gt;&lt;mn&gt;2&lt;/mn&gt;&lt;/msup&gt;&lt;mo&gt;&amp;#x0002B;&lt;/mo&gt;&lt;mn&gt;0.85&lt;/mn&gt;&lt;msup&gt;&lt;mi&gt;t&lt;/mi&gt;&lt;mn&gt;3&lt;/mn&gt;&lt;/msup&gt;&lt;/mrow&gt;&lt;/math&gt;

&lt;p&gt;&lt;strong&gt;How far does the droplet slide in this time?&lt;/strong&gt;
Give your answer to &lt;strong&gt;3 significant figures&lt;/strong&gt;.&lt;/p&gt;</mattext>
          </material>
          <response_str ident="RESPONSE_vx_poly_droplet" rcardinality="Single">
            <render_fib fibtype="Decimal" prompt="Box">
              <response_label ident="answer"/>
            </render_fib>
          </response_str>
        </presentation>
        <resprocessing>
          <outcomes>
            <decvar maxvalue="2" minvalue="0" varname="SCORE" vartype="Decimal"/>
          </outcomes>
          <respcondition continue="No">
            <conditionvar>
              <or>
                <varequal respident="RESPONSE_vx_poly_droplet" precision="3" precisiontype="significantDigits">0.609</varequal>
                <and>
                  <vargt respident="RESPONSE_vx_poly_droplet">0.6085</vargt>
                  <varlte respident="RESPONSE_vx_poly_droplet">0.6095</varlte>
                </and>
              </or>
            </conditionvar>
            <setvar varname="SCORE" action="Set">2</setvar>
            <displayfeedback feedbacktype="Response" linkrefid="correct"/>
          </respcondition>
        </resprocessing>
        <itemfeedback ident="general_fb">
          <flow_mat>
            <material>
              <mattext texttype="text/plain">&lt;p&gt;Integrate the velocity function:&lt;/p&gt;
&lt;math xmlns="http://www.w3.org/1998/Math/MathML" display="inline"&gt;&lt;mrow&gt;&lt;mi&gt;x&lt;/mi&gt;&lt;mo stretchy="false"&gt;&amp;#x00028;&lt;/mo&gt;&lt;mi&gt;t&lt;/mi&gt;&lt;mo stretchy="false"&gt;&amp;#x00029;&lt;/mo&gt;&lt;mo&gt;&amp;#x0003D;&lt;/mo&gt;&lt;mn&gt;0.42&lt;/mn&gt;&lt;mi&gt;t&lt;/mi&gt;&lt;mo&gt;&amp;#x0002B;&lt;/mo&gt;&lt;mn&gt;0.29&lt;/mn&gt;&lt;msup&gt;&lt;mi&gt;t&lt;/mi&gt;&lt;mn&gt;2&lt;/mn&gt;&lt;/msup&gt;&lt;mo&gt;&amp;#x0002B;&lt;/mo&gt;&lt;mn&gt;0.07&lt;/mn&gt;&lt;msup&gt;&lt;mi&gt;t&lt;/mi&gt;&lt;mn&gt;3&lt;/mn&gt;&lt;/msup&gt;&lt;mo&gt;&amp;#x0002B;&lt;/mo&gt;&lt;mn&gt;0.2125&lt;/mn&gt;&lt;msup&gt;&lt;mi&gt;t&lt;/mi&gt;&lt;mn&gt;4&lt;/mn&gt;&lt;/msup&gt;&lt;mo&gt;&amp;#x0002B;&lt;/mo&gt;&lt;mi&gt;C&lt;/mi&gt;&lt;/mrow&gt;&lt;/math&gt;

&lt;p&gt;Evaluate at ( t = 0.775 ):&lt;/p&gt;
&lt;p&gt;[
\Delta x \approx \boxed{0.609\  ext{m}}
]&lt;/p&gt;</mattext>
            </material>
          </flow_mat>
        </itemfeedback>
        <itemfeedback ident="correct_fb">
          <flow_mat>
            <material>
              <mattext texttype="text/plain">&lt;p&gt;Correct&amp;#x21;&lt;/p&gt;</mattext>
            </material>
          </flow_mat>
        </itemfeedback>
        <itemfeedback ident="general_incorrect_fb">
          <flow_mat>
            <material>
              <mattext texttype="text/plain">&lt;p&gt;Be careful with your polynomial integration.&lt;/p&gt;</mattext>
            </material>
          </flow_mat>
        </itemfeedback>
      </item>
      <item ident="vx_exp_spacedebris" title="Space Debris Drift - Exponential Slowdown">
        <itemmetadata>
          <qtimetadata>
            <qtimetadatafield>
              <fieldlabel>question_type</fieldlabel>
              <fieldentry>numerical_question</fieldentry>
            </qtimetadatafield>
          </qtimetadata>
        </itemmetadata>
        <presentation>
          <material>
            <mattext texttype="text/plain">&lt;p&gt;A small piece of space debris begins &lt;strong&gt;65.108 m to the right&lt;/strong&gt; of a satellite's hull. Its motion is governed by an exponential velocity decay:&lt;/p&gt;
&lt;math xmlns="http://www.w3.org/1998/Math/MathML" display="inline"&gt;&lt;mrow&gt;&lt;msub&gt;&lt;mi&gt;v&lt;/mi&gt;&lt;mi&gt;x&lt;/mi&gt;&lt;/msub&gt;&lt;mo stretchy="false"&gt;&amp;#x00028;&lt;/mo&gt;&lt;mi&gt;t&lt;/mi&gt;&lt;mo stretchy="false"&gt;&amp;#x00029;&lt;/mo&gt;&lt;mo&gt;&amp;#x0003D;&lt;/mo&gt;&lt;mo&gt;&amp;#x02212;&lt;/mo&gt;&lt;mn&gt;0.81&lt;/mn&gt;&lt;mi&gt;&amp;#x000B7;&lt;/mi&gt;&lt;msup&gt;&lt;mi&gt;e&lt;/mi&gt;&lt;mrow&gt;&lt;mo&gt;&amp;#x02212;&lt;/mo&gt;&lt;mn&gt;0.1&lt;/mn&gt;&lt;mi&gt;t&lt;/mi&gt;&lt;/mrow&gt;&lt;/msup&gt;&lt;/mrow&gt;&lt;/math&gt;

&lt;p&gt;The object drifts for &lt;strong&gt;17.076 s&lt;/strong&gt;.&lt;/p&gt;
&lt;p&gt;&lt;strong&gt;How far does the debris travel during this time?&lt;/strong&gt;
Give your answer to &lt;strong&gt;4 significant figures&lt;/strong&gt;.&lt;/p&gt;</mattext>
          </material>
          <response_str ident="RESPONSE_vx_exp_spacedebris" rcardinality="Single">
            <render_fib fibtype="Decimal" prompt="Box">
              <response_label ident="answer"/>
            </render_fib>
          </response_str>
        </presentation>
        <resprocessing>
          <outcomes>
            <decvar maxvalue="3" minvalue="0" varname="SCORE" vartype="Decimal"/>
          </outcomes>
          <respcondition continue="No">
            <conditionvar>
              <or>
                <varequal respident="RESPONSE_vx_exp_spacedebris" precision="4" precisiontype="significantDigits">1.469</varequal>
                <and>
                  <vargt respident="RESPONSE_vx_exp_spacedebris">1.4685</vargt>
                  <varlte respident="RESPONSE_vx_exp_spacedebris">1.4695</varlte>
                </and>
              </or>
            </conditionvar>
            <setvar varname="SCORE" action="Set">3</setvar>
            <displayfeedback feedbacktype="Response" linkrefid="correct"/>
          </respcondition>
        </resprocessing>
        <itemfeedback ident="general_fb">
          <flow_mat>
            <material>
              <mattext texttype="text/plain">&lt;p&gt;Integrate:&lt;/p&gt;
&lt;math xmlns="http://www.w3.org/1998/Math/MathML" display="inline"&gt;&lt;mrow&gt;&lt;mi&gt;x&lt;/mi&gt;&lt;mo stretchy="false"&gt;&amp;#x00028;&lt;/mo&gt;&lt;mi&gt;t&lt;/mi&gt;&lt;mo stretchy="false"&gt;&amp;#x00029;&lt;/mo&gt;&lt;mo&gt;&amp;#x0003D;&lt;/mo&gt;&lt;mfrac&gt;&lt;mrow&gt;&lt;mo&gt;&amp;#x02212;&lt;/mo&gt;&lt;mn&gt;0.81&lt;/mn&gt;&lt;/mrow&gt;&lt;mrow&gt;&lt;mo&gt;&amp;#x02212;&lt;/mo&gt;&lt;mn&gt;0.1&lt;/mn&gt;&lt;/mrow&gt;&lt;/mfrac&gt;&lt;msup&gt;&lt;mi&gt;e&lt;/mi&gt;&lt;mrow&gt;&lt;mo&gt;&amp;#x02212;&lt;/mo&gt;&lt;mn&gt;0.1&lt;/mn&gt;&lt;mi&gt;t&lt;/mi&gt;&lt;/mrow&gt;&lt;/msup&gt;&lt;mo&gt;&amp;#x0002B;&lt;/mo&gt;&lt;mi&gt;C&lt;/mi&gt;&lt;mo&gt;&amp;#x0003D;&lt;/mo&gt;&lt;mn&gt;8.1&lt;/mn&gt;&lt;msup&gt;&lt;mi&gt;e&lt;/mi&gt;&lt;mrow&gt;&lt;mo&gt;&amp;#x02212;&lt;/mo&gt;&lt;mn&gt;0.1&lt;/mn&gt;&lt;mi&gt;t&lt;/mi&gt;&lt;/mrow&gt;&lt;/msup&gt;&lt;mo&gt;&amp;#x0002B;&lt;/mo&gt;&lt;mi&gt;C&lt;/mi&gt;&lt;/mrow&gt;&lt;/math&gt;

&lt;p&gt;Evaluate from ( t = 0 ) to ( t = 17.076 ):&lt;/p&gt;
&lt;p&gt;[
\Delta x \approx \boxed{1.469\  ext{m}}
]&lt;/p&gt;</mattext>
            </material>
          </flow_mat>
        </itemfeedback>
        <itemfeedback ident="correct_fb">
          <flow_mat>
            <material>
              <mattext texttype="text/plain">&lt;p&gt;Spot on&amp;#x21;&lt;/p&gt;</mattext>
            </material>
          </flow_mat>
        </itemfeedback>
        <itemfeedback ident="general_incorrect_fb">
          <flow_mat>
            <material>
              <mattext texttype="text/plain">&lt;p&gt;Try the exponential integration again using correct limits.&lt;/p&gt;</mattext>
            </material>
          </flow_mat>
        </itemfeedback>
      </item>
      <item ident="log_acc_mars_train" title="Mars Train - Instantaneous Acceleration">
        <itemmetadata>
          <qtimetadata>
            <qtimetadatafield>
              <fieldlabel>question_type</fieldlabel>
              <fieldentry>numerical_question</fieldentry>
            </qtimetadatafield>
          </qtimetadata>
        </itemmetadata>
        <presentation>
          <material>
            <mattext texttype="text/plain">&lt;p&gt;A cargo train on Mars begins &lt;strong&gt;66.884 m along the rail&lt;/strong&gt; from a depot&amp;#x2C; gliding &lt;strong&gt;forward&lt;/strong&gt; at a speed of &lt;strong&gt;13.352 m/s&lt;/strong&gt;. After &lt;strong&gt;12.235 s&lt;/strong&gt;&amp;#x2C; its velocity is governed by the function:&lt;/p&gt;
&lt;math xmlns="http://www.w3.org/1998/Math/MathML" display="inline"&gt;&lt;mrow&gt;&lt;msub&gt;&lt;mi&gt;v&lt;/mi&gt;&lt;mi&gt;x&lt;/mi&gt;&lt;/msub&gt;&lt;mo stretchy="false"&gt;&amp;#x00028;&lt;/mo&gt;&lt;mi&gt;t&lt;/mi&gt;&lt;mo stretchy="false"&gt;&amp;#x00029;&lt;/mo&gt;&lt;mo&gt;&amp;#x0003D;&lt;/mo&gt;&lt;mn&gt;0.12&lt;/mn&gt;&lt;mi&gt;&amp;#x000B7;&lt;/mi&gt;&lt;mi&gt;ln&lt;/mi&gt;&lt;mo stretchy="false"&gt;&amp;#x00028;&lt;/mo&gt;&lt;mn&gt;1&lt;/mn&gt;&lt;mo&gt;&amp;#x0002B;&lt;/mo&gt;&lt;mn&gt;0.10&lt;/mn&gt;&lt;mi&gt;t&lt;/mi&gt;&lt;mo stretchy="false"&gt;&amp;#x00029;&lt;/mo&gt;&lt;/mrow&gt;&lt;/math&gt;

&lt;p&gt;&lt;strong&gt;What is the instantaneous acceleration&lt;/strong&gt; of the train at that moment?
Give your answer to &lt;strong&gt;3 significant figures&lt;/strong&gt;.&lt;/p&gt;</mattext>
          </material>
          <response_str ident="RESPONSE_log_acc_mars_train" rcardinality="Single">
            <render_fib fibtype="Decimal" prompt="Box">
              <response_label ident="answer"/>
            </render_fib>
          </response_str>
        </presentation>
        <resprocessing>
          <outcomes>
            <decvar maxvalue="2" minvalue="0" varname="SCORE" vartype="Decimal"/>
          </outcomes>
          <respcondition continue="No">
            <conditionvar>
              <or>
                <varequal respident="RESPONSE_log_acc_mars_train" precision="3" precisiontype="significantDigits">0.005</varequal>
                <and>
                  <vargt respident="RESPONSE_log_acc_mars_train">0.004995</vargt>
                  <varlte respident="RESPONSE_log_acc_mars_train">0.005005</varlte>
                </and>
              </or>
            </conditionvar>
            <setvar varname="SCORE" action="Set">2</setvar>
            <displayfeedback feedbacktype="Response" linkrefid="correct"/>
          </respcondition>
        </resprocessing>
        <itemfeedback ident="general_fb">
          <flow_mat>
            <material>
              <mattext texttype="text/plain">&lt;p&gt;Differentiate the velocity function:&lt;/p&gt;
&lt;math xmlns="http://www.w3.org/1998/Math/MathML" display="inline"&gt;&lt;mrow&gt;&lt;msub&gt;&lt;mi&gt;a&lt;/mi&gt;&lt;mi&gt;x&lt;/mi&gt;&lt;/msub&gt;&lt;mo stretchy="false"&gt;&amp;#x00028;&lt;/mo&gt;&lt;mi&gt;t&lt;/mi&gt;&lt;mo stretchy="false"&gt;&amp;#x00029;&lt;/mo&gt;&lt;mo&gt;&amp;#x0003D;&lt;/mo&gt;&lt;mfrac&gt;&lt;mrow&gt;&lt;mi&gt;d&lt;/mi&gt;&lt;/mrow&gt;&lt;mrow&gt;&lt;mi&gt;d&lt;/mi&gt;&lt;mi&gt;t&lt;/mi&gt;&lt;/mrow&gt;&lt;/mfrac&gt;&lt;mrow&gt;&lt;mo stretchy="true" fence="true" form="prefix"&gt;[&lt;/mo&gt;&lt;mn&gt;0.12&lt;/mn&gt;&lt;mi&gt;&amp;#x000B7;&lt;/mi&gt;&lt;mi&gt;ln&lt;/mi&gt;&lt;mo stretchy="false"&gt;&amp;#x00028;&lt;/mo&gt;&lt;mn&gt;1&lt;/mn&gt;&lt;mo&gt;&amp;#x0002B;&lt;/mo&gt;&lt;mn&gt;0.10&lt;/mn&gt;&lt;mi&gt;t&lt;/mi&gt;&lt;mo stretchy="false"&gt;&amp;#x00029;&lt;/mo&gt;&lt;mo stretchy="true" fence="true" form="postfix"&gt;]&lt;/mo&gt;&lt;/mrow&gt;&lt;mo&gt;&amp;#x0003D;&lt;/mo&gt;&lt;mfrac&gt;&lt;mrow&gt;&lt;mn&gt;0.012&lt;/mn&gt;&lt;/mrow&gt;&lt;mrow&gt;&lt;mn&gt;1&lt;/mn&gt;&lt;mo&gt;&amp;#x0002B;&lt;/mo&gt;&lt;mn&gt;0.10&lt;/mn&gt;&lt;mi&gt;t&lt;/mi&gt;&lt;/mrow&gt;&lt;/mfrac&gt;&lt;/mrow&gt;&lt;/math&gt;

&lt;p&gt;At ( t = 12.235 ):&lt;/p&gt;
&lt;math xmlns="http://www.w3.org/1998/Math/MathML" display="inline"&gt;&lt;mrow&gt;&lt;msub&gt;&lt;mi&gt;a&lt;/mi&gt;&lt;mi&gt;x&lt;/mi&gt;&lt;/msub&gt;&lt;mo&gt;&amp;#x02248;&lt;/mo&gt;&lt;mfrac&gt;&lt;mrow&gt;&lt;mn&gt;0.012&lt;/mn&gt;&lt;/mrow&gt;&lt;mrow&gt;&lt;mn&gt;2.2235&lt;/mn&gt;&lt;/mrow&gt;&lt;/mfrac&gt;&lt;mo&gt;&amp;#x0003D;&lt;/mo&gt;&lt;menclose notation="box"&gt;&lt;mrow&gt;&lt;mn&gt;0.005&lt;/mn&gt;&lt;mtext&gt;&amp;#x000A0;&lt;/mtext&gt;&lt;mi&gt;e&lt;/mi&gt;&lt;mi&gt;x&lt;/mi&gt;&lt;mi&gt;t&lt;/mi&gt;&lt;msup&gt;&lt;mrow&gt;&lt;mi&gt;m&lt;/mi&gt;&lt;mo&gt;&amp;#x0002F;&lt;/mo&gt;&lt;mi&gt;s&lt;/mi&gt;&lt;/mrow&gt;&lt;mn&gt;2&lt;/mn&gt;&lt;/msup&gt;&lt;/mrow&gt;&lt;/menclose&gt;&lt;/mrow&gt;&lt;/math&gt;</mattext>
            </material>
          </flow_mat>
        </itemfeedback>
        <itemfeedback ident="correct_fb">
          <flow_mat>
            <material>
              <mattext texttype="text/plain">&lt;p&gt;Nicely done&amp;#x21;&lt;/p&gt;</mattext>
            </material>
          </flow_mat>
        </itemfeedback>
        <itemfeedback ident="general_incorrect_fb">
          <flow_mat>
            <material>
              <mattext texttype="text/plain">&lt;p&gt;Differentiate the logarithmic velocity function and plug in the time correctly.&lt;/p&gt;</mattext>
            </material>
          </flow_mat>
        </itemfeedback>
      </item>
      <item ident="log_acc_booster" title="Booster Rocket - Instantaneous Acceleration">
        <itemmetadata>
          <qtimetadata>
            <qtimetadatafield>
              <fieldlabel>question_type</fieldlabel>
              <fieldentry>numerical_question</fieldentry>
            </qtimetadatafield>
          </qtimetadata>
        </itemmetadata>
        <presentation>
          <material>
            <mattext texttype="text/plain">&lt;p&gt;A booster rocket begins &lt;strong&gt;97.171 m behind&lt;/strong&gt; the mothership. It is gliding &lt;strong&gt;in reverse&lt;/strong&gt; at &lt;strong&gt;16.993 m/s&lt;/strong&gt;. After &lt;strong&gt;14.713 s&lt;/strong&gt;&amp;#x2C; its velocity is given by:&lt;/p&gt;
&lt;math xmlns="http://www.w3.org/1998/Math/MathML" display="inline"&gt;&lt;mrow&gt;&lt;msub&gt;&lt;mi&gt;v&lt;/mi&gt;&lt;mi&gt;x&lt;/mi&gt;&lt;/msub&gt;&lt;mo stretchy="false"&gt;&amp;#x00028;&lt;/mo&gt;&lt;mi&gt;t&lt;/mi&gt;&lt;mo stretchy="false"&gt;&amp;#x00029;&lt;/mo&gt;&lt;mo&gt;&amp;#x0003D;&lt;/mo&gt;&lt;mo&gt;&amp;#x02212;&lt;/mo&gt;&lt;mn&gt;0.49&lt;/mn&gt;&lt;mi&gt;&amp;#x000B7;&lt;/mi&gt;&lt;mi&gt;ln&lt;/mi&gt;&lt;mo stretchy="false"&gt;&amp;#x00028;&lt;/mo&gt;&lt;mn&gt;1&lt;/mn&gt;&lt;mo&gt;&amp;#x0002B;&lt;/mo&gt;&lt;mn&gt;0.02&lt;/mn&gt;&lt;mi&gt;t&lt;/mi&gt;&lt;mo stretchy="false"&gt;&amp;#x00029;&lt;/mo&gt;&lt;/mrow&gt;&lt;/math&gt;

&lt;p&gt;&lt;strong&gt;What is the instantaneous acceleration&lt;/strong&gt; of the rocket at that time?
Give your answer to &lt;strong&gt;3 significant figures&lt;/strong&gt;.&lt;/p&gt;</mattext>
          </material>
          <response_str ident="RESPONSE_log_acc_booster" rcardinality="Single">
            <render_fib fibtype="Decimal" prompt="Box">
              <response_label ident="answer"/>
            </render_fib>
          </response_str>
        </presentation>
        <resprocessing>
          <outcomes>
            <decvar maxvalue="2" minvalue="0" varname="SCORE" vartype="Decimal"/>
          </outcomes>
          <respcondition continue="No">
            <conditionvar>
              <or>
                <varequal respident="RESPONSE_log_acc_booster" precision="3" precisiontype="significantDigits">-0.008</varequal>
                <and>
                  <vargt respident="RESPONSE_log_acc_booster">-0.009</vargt>
                  <varlte respident="RESPONSE_log_acc_booster">-0.007</varlte>
                </and>
              </or>
            </conditionvar>
            <setvar varname="SCORE" action="Set">2</setvar>
            <displayfeedback feedbacktype="Response" linkrefid="correct"/>
          </respcondition>
        </resprocessing>
        <itemfeedback ident="general_fb">
          <flow_mat>
            <material>
              <mattext texttype="text/plain">&lt;p&gt;Differentiate:&lt;/p&gt;
&lt;math xmlns="http://www.w3.org/1998/Math/MathML" display="inline"&gt;&lt;mrow&gt;&lt;msub&gt;&lt;mi&gt;a&lt;/mi&gt;&lt;mi&gt;x&lt;/mi&gt;&lt;/msub&gt;&lt;mo stretchy="false"&gt;&amp;#x00028;&lt;/mo&gt;&lt;mi&gt;t&lt;/mi&gt;&lt;mo stretchy="false"&gt;&amp;#x00029;&lt;/mo&gt;&lt;mo&gt;&amp;#x0003D;&lt;/mo&gt;&lt;mfrac&gt;&lt;mrow&gt;&lt;mo&gt;&amp;#x02212;&lt;/mo&gt;&lt;mn&gt;0.0098&lt;/mn&gt;&lt;/mrow&gt;&lt;mrow&gt;&lt;mn&gt;1&lt;/mn&gt;&lt;mo&gt;&amp;#x0002B;&lt;/mo&gt;&lt;mn&gt;0.02&lt;/mn&gt;&lt;mi&gt;t&lt;/mi&gt;&lt;/mrow&gt;&lt;/mfrac&gt;&lt;/mrow&gt;&lt;/math&gt;

&lt;p&gt;At ( t = 14.713 ):&lt;/p&gt;
&lt;math xmlns="http://www.w3.org/1998/Math/MathML" display="inline"&gt;&lt;mrow&gt;&lt;msub&gt;&lt;mi&gt;a&lt;/mi&gt;&lt;mi&gt;x&lt;/mi&gt;&lt;/msub&gt;&lt;mo&gt;&amp;#x02248;&lt;/mo&gt;&lt;mfrac&gt;&lt;mrow&gt;&lt;mo&gt;&amp;#x02212;&lt;/mo&gt;&lt;mn&gt;0.0098&lt;/mn&gt;&lt;/mrow&gt;&lt;mrow&gt;&lt;mn&gt;1.2943&lt;/mn&gt;&lt;/mrow&gt;&lt;/mfrac&gt;&lt;mo&gt;&amp;#x0003D;&lt;/mo&gt;&lt;menclose notation="box"&gt;&lt;mrow&gt;&lt;mo&gt;&amp;#x02212;&lt;/mo&gt;&lt;mn&gt;0.008&lt;/mn&gt;&lt;mtext&gt;&amp;#x000A0;&lt;/mtext&gt;&lt;mi&gt;e&lt;/mi&gt;&lt;mi&gt;x&lt;/mi&gt;&lt;mi&gt;t&lt;/mi&gt;&lt;msup&gt;&lt;mrow&gt;&lt;mi&gt;m&lt;/mi&gt;&lt;mo&gt;&amp;#x0002F;&lt;/mo&gt;&lt;mi&gt;s&lt;/mi&gt;&lt;/mrow&gt;&lt;mn&gt;2&lt;/mn&gt;&lt;/msup&gt;&lt;/mrow&gt;&lt;/menclose&gt;&lt;/mrow&gt;&lt;/math&gt;</mattext>
            </material>
          </flow_mat>
        </itemfeedback>
        <itemfeedback ident="correct_fb">
          <flow_mat>
            <material>
              <mattext texttype="text/plain">&lt;p&gt;Great&amp;#x21;&lt;/p&gt;</mattext>
            </material>
          </flow_mat>
        </itemfeedback>
        <itemfeedback ident="general_incorrect_fb">
          <flow_mat>
            <material>
              <mattext texttype="text/plain">&lt;p&gt;Be careful with signs and plug in correctly.&lt;/p&gt;</mattext>
            </material>
          </flow_mat>
        </itemfeedback>
      </item>
      <item ident="log_acc_skatepod" title="Interplanetary Skate Pod - Acceleration">
        <itemmetadata>
          <qtimetadata>
            <qtimetadatafield>
              <fieldlabel>question_type</fieldlabel>
              <fieldentry>numerical_question</fieldentry>
            </qtimetadatafield>
          </qtimetadata>
        </itemmetadata>
        <presentation>
          <material>
            <mattext texttype="text/plain">&lt;p&gt;A skate pod is cruising &lt;strong&gt;71.066 m east&lt;/strong&gt; of a central hub with an initial speed of &lt;strong&gt;2.307 m/s&lt;/strong&gt;. Its velocity evolves as:&lt;/p&gt;
&lt;math xmlns="http://www.w3.org/1998/Math/MathML" display="inline"&gt;&lt;mrow&gt;&lt;msub&gt;&lt;mi&gt;v&lt;/mi&gt;&lt;mi&gt;x&lt;/mi&gt;&lt;/msub&gt;&lt;mo stretchy="false"&gt;&amp;#x00028;&lt;/mo&gt;&lt;mi&gt;t&lt;/mi&gt;&lt;mo stretchy="false"&gt;&amp;#x00029;&lt;/mo&gt;&lt;mo&gt;&amp;#x0003D;&lt;/mo&gt;&lt;mn&gt;0.79&lt;/mn&gt;&lt;mi&gt;&amp;#x000B7;&lt;/mi&gt;&lt;mi&gt;ln&lt;/mi&gt;&lt;mo stretchy="false"&gt;&amp;#x00028;&lt;/mo&gt;&lt;mn&gt;1&lt;/mn&gt;&lt;mo&gt;&amp;#x0002B;&lt;/mo&gt;&lt;mn&gt;0.12&lt;/mn&gt;&lt;mi&gt;t&lt;/mi&gt;&lt;mo stretchy="false"&gt;&amp;#x00029;&lt;/mo&gt;&lt;/mrow&gt;&lt;/math&gt;

&lt;p&gt;After &lt;strong&gt;9.347 s&lt;/strong&gt;&amp;#x2C; determine the &lt;strong&gt;instantaneous acceleration&lt;/strong&gt;.
Give your answer to &lt;strong&gt;3 significant figures&lt;/strong&gt;.&lt;/p&gt;</mattext>
          </material>
          <response_str ident="RESPONSE_log_acc_skatepod" rcardinality="Single">
            <render_fib fibtype="Decimal" prompt="Box">
              <response_label ident="answer"/>
            </render_fib>
          </response_str>
        </presentation>
        <resprocessing>
          <outcomes>
            <decvar maxvalue="2" minvalue="0" varname="SCORE" vartype="Decimal"/>
          </outcomes>
          <respcondition continue="No">
            <conditionvar>
              <or>
                <varequal respident="RESPONSE_log_acc_skatepod" precision="3" precisiontype="significantDigits">0.045</varequal>
                <and>
                  <vargt respident="RESPONSE_log_acc_skatepod">0.04495</vargt>
                  <varlte respident="RESPONSE_log_acc_skatepod">0.04505</varlte>
                </and>
              </or>
            </conditionvar>
            <setvar varname="SCORE" action="Set">2</setvar>
            <displayfeedback feedbacktype="Response" linkrefid="correct"/>
          </respcondition>
        </resprocessing>
        <itemfeedback ident="general_fb">
          <flow_mat>
            <material>
              <mattext texttype="text/plain">&lt;p&gt;Differentiate:&lt;/p&gt;
&lt;math xmlns="http://www.w3.org/1998/Math/MathML" display="inline"&gt;&lt;mrow&gt;&lt;msub&gt;&lt;mi&gt;a&lt;/mi&gt;&lt;mi&gt;x&lt;/mi&gt;&lt;/msub&gt;&lt;mo stretchy="false"&gt;&amp;#x00028;&lt;/mo&gt;&lt;mi&gt;t&lt;/mi&gt;&lt;mo stretchy="false"&gt;&amp;#x00029;&lt;/mo&gt;&lt;mo&gt;&amp;#x0003D;&lt;/mo&gt;&lt;mfrac&gt;&lt;mrow&gt;&lt;mn&gt;0.0948&lt;/mn&gt;&lt;/mrow&gt;&lt;mrow&gt;&lt;mn&gt;1&lt;/mn&gt;&lt;mo&gt;&amp;#x0002B;&lt;/mo&gt;&lt;mn&gt;0.12&lt;/mn&gt;&lt;mi&gt;t&lt;/mi&gt;&lt;/mrow&gt;&lt;/mfrac&gt;&lt;/mrow&gt;&lt;/math&gt;

&lt;p&gt;At ( t = 9.347 ):&lt;/p&gt;
&lt;math xmlns="http://www.w3.org/1998/Math/MathML" display="inline"&gt;&lt;mrow&gt;&lt;msub&gt;&lt;mi&gt;a&lt;/mi&gt;&lt;mi&gt;x&lt;/mi&gt;&lt;/msub&gt;&lt;mo&gt;&amp;#x02248;&lt;/mo&gt;&lt;mfrac&gt;&lt;mrow&gt;&lt;mn&gt;0.0948&lt;/mn&gt;&lt;/mrow&gt;&lt;mrow&gt;&lt;mn&gt;2.1216&lt;/mn&gt;&lt;/mrow&gt;&lt;/mfrac&gt;&lt;mo&gt;&amp;#x0003D;&lt;/mo&gt;&lt;menclose notation="box"&gt;&lt;mrow&gt;&lt;mn&gt;0.045&lt;/mn&gt;&lt;mtext&gt;&amp;#x000A0;&lt;/mtext&gt;&lt;mi&gt;e&lt;/mi&gt;&lt;mi&gt;x&lt;/mi&gt;&lt;mi&gt;t&lt;/mi&gt;&lt;msup&gt;&lt;mrow&gt;&lt;mi&gt;m&lt;/mi&gt;&lt;mo&gt;&amp;#x0002F;&lt;/mo&gt;&lt;mi&gt;s&lt;/mi&gt;&lt;/mrow&gt;&lt;mn&gt;2&lt;/mn&gt;&lt;/msup&gt;&lt;/mrow&gt;&lt;/menclose&gt;&lt;/mrow&gt;&lt;/math&gt;</mattext>
            </material>
          </flow_mat>
        </itemfeedback>
        <itemfeedback ident="correct_fb">
          <flow_mat>
            <material>
              <mattext texttype="text/plain">&lt;p&gt;Correct&amp;#x21;&lt;/p&gt;</mattext>
            </material>
          </flow_mat>
        </itemfeedback>
        <itemfeedback ident="general_incorrect_fb">
          <flow_mat>
            <material>
              <mattext texttype="text/plain">&lt;p&gt;Try taking the derivative of the logarithmic velocity function carefully.&lt;/p&gt;</mattext>
            </material>
          </flow_mat>
        </itemfeedback>
      </item>
      <item ident="exp_vel_dronedrift" title="Drone Drift - Velocity Change">
        <itemmetadata>
          <qtimetadata>
            <qtimetadatafield>
              <fieldlabel>question_type</fieldlabel>
              <fieldentry>numerical_question</fieldentry>
            </qtimetadatafield>
          </qtimetadata>
        </itemmetadata>
        <presentation>
          <material>
            <mattext texttype="text/plain">&lt;p&gt;A drone starts &lt;strong&gt;56.328 m downrange&lt;/strong&gt; of &lt;strong&gt;a launch tower&lt;/strong&gt; and begins to drift toward &lt;strong&gt;a control beacon&lt;/strong&gt;. The drone's acceleration decays over time:&lt;/p&gt;
&lt;math xmlns="http://www.w3.org/1998/Math/MathML" display="inline"&gt;&lt;mrow&gt;&lt;msub&gt;&lt;mi&gt;a&lt;/mi&gt;&lt;mi&gt;x&lt;/mi&gt;&lt;/msub&gt;&lt;mo stretchy="false"&gt;&amp;#x00028;&lt;/mo&gt;&lt;mi&gt;t&lt;/mi&gt;&lt;mo stretchy="false"&gt;&amp;#x00029;&lt;/mo&gt;&lt;mo&gt;&amp;#x0003D;&lt;/mo&gt;&lt;mn&gt;0.89&lt;/mn&gt;&lt;mi&gt;&amp;#x000B7;&lt;/mi&gt;&lt;msup&gt;&lt;mi&gt;e&lt;/mi&gt;&lt;mrow&gt;&lt;mo&gt;&amp;#x02212;&lt;/mo&gt;&lt;mn&gt;0.15&lt;/mn&gt;&lt;mi&gt;t&lt;/mi&gt;&lt;/mrow&gt;&lt;/msup&gt;&lt;/mrow&gt;&lt;/math&gt;

&lt;p&gt;The motion lasts for &lt;strong&gt;3.647 s&lt;/strong&gt;.&lt;/p&gt;
&lt;p&gt;&lt;strong&gt;What is the change in velocity&lt;/strong&gt; of the drone by the time it reaches the second reference point?
Give your answer to &lt;strong&gt;3 significant figures&lt;/strong&gt;.&lt;/p&gt;</mattext>
          </material>
          <response_str ident="RESPONSE_exp_vel_dronedrift" rcardinality="Single">
            <render_fib fibtype="Decimal" prompt="Box">
              <response_label ident="answer"/>
            </render_fib>
          </response_str>
        </presentation>
        <resprocessing>
          <outcomes>
            <decvar maxvalue="2" minvalue="0" varname="SCORE" vartype="Decimal"/>
          </outcomes>
          <respcondition continue="No">
            <conditionvar>
              <or>
                <varequal respident="RESPONSE_exp_vel_dronedrift" precision="3" precisiontype="significantDigits">-3.433</varequal>
                <and>
                  <vargt respident="RESPONSE_exp_vel_dronedrift">-3.433</vargt>
                  <varlte respident="RESPONSE_exp_vel_dronedrift">-3.432</varlte>
                </and>
              </or>
            </conditionvar>
            <setvar varname="SCORE" action="Set">2</setvar>
            <displayfeedback feedbacktype="Response" linkrefid="correct"/>
          </respcondition>
        </resprocessing>
        <itemfeedback ident="general_fb">
          <flow_mat>
            <material>
              <mattext texttype="text/plain">&lt;p&gt;Integrate acceleration:&lt;/p&gt;
&lt;math xmlns="http://www.w3.org/1998/Math/MathML" display="inline"&gt;&lt;mrow&gt;&lt;msub&gt;&lt;mi&gt;v&lt;/mi&gt;&lt;mi&gt;x&lt;/mi&gt;&lt;/msub&gt;&lt;mo stretchy="false"&gt;&amp;#x00028;&lt;/mo&gt;&lt;mi&gt;t&lt;/mi&gt;&lt;mo stretchy="false"&gt;&amp;#x00029;&lt;/mo&gt;&lt;mo&gt;&amp;#x0003D;&lt;/mo&gt;&lt;mo&gt;&amp;#x0222B;&lt;/mo&gt;&lt;mn&gt;0.89&lt;/mn&gt;&lt;mi&gt;&amp;#x000B7;&lt;/mi&gt;&lt;msup&gt;&lt;mi&gt;e&lt;/mi&gt;&lt;mrow&gt;&lt;mo&gt;&amp;#x02212;&lt;/mo&gt;&lt;mn&gt;0.15&lt;/mn&gt;&lt;mi&gt;t&lt;/mi&gt;&lt;/mrow&gt;&lt;/msup&gt;&lt;mi&gt;d&lt;/mi&gt;&lt;mi&gt;t&lt;/mi&gt;&lt;mo&gt;&amp;#x0003D;&lt;/mo&gt;&lt;mfrac&gt;&lt;mrow&gt;&lt;mn&gt;0.89&lt;/mn&gt;&lt;/mrow&gt;&lt;mrow&gt;&lt;mo&gt;&amp;#x02212;&lt;/mo&gt;&lt;mn&gt;0.15&lt;/mn&gt;&lt;/mrow&gt;&lt;/mfrac&gt;&lt;msup&gt;&lt;mi&gt;e&lt;/mi&gt;&lt;mrow&gt;&lt;mo&gt;&amp;#x02212;&lt;/mo&gt;&lt;mn&gt;0.15&lt;/mn&gt;&lt;mi&gt;t&lt;/mi&gt;&lt;/mrow&gt;&lt;/msup&gt;&lt;mo&gt;&amp;#x0002B;&lt;/mo&gt;&lt;mi&gt;C&lt;/mi&gt;&lt;/mrow&gt;&lt;/math&gt;

&lt;p&gt;Evaluating from ( t = 0 ) to ( 3.647 ):&lt;/p&gt;
&lt;p&gt;[
\Delta v \approx \boxed{-3.43\  ext{m/s}}
]&lt;/p&gt;</mattext>
            </material>
          </flow_mat>
        </itemfeedback>
        <itemfeedback ident="correct_fb">
          <flow_mat>
            <material>
              <mattext texttype="text/plain">&lt;p&gt;Well done&amp;#x21;&lt;/p&gt;</mattext>
            </material>
          </flow_mat>
        </itemfeedback>
        <itemfeedback ident="general_incorrect_fb">
          <flow_mat>
            <material>
              <mattext texttype="text/plain">&lt;p&gt;Review the integration of exponential decay functions.&lt;/p&gt;</mattext>
            </material>
          </flow_mat>
        </itemfeedback>
      </item>
      <item ident="exp_vel_capsule" title="Capsule Launch - Velocity Change">
        <itemmetadata>
          <qtimetadata>
            <qtimetadatafield>
              <fieldlabel>question_type</fieldlabel>
              <fieldentry>numerical_question</fieldentry>
            </qtimetadatafield>
          </qtimetadata>
        </itemmetadata>
        <presentation>
          <material>
            <mattext texttype="text/plain">&lt;p&gt;An escape capsule is launched from &lt;strong&gt;a docking station&lt;/strong&gt;&amp;#x2C; located &lt;strong&gt;69.478 m behind&lt;/strong&gt; the antenna array. Its thrusters provide an exponentially decaying acceleration:&lt;/p&gt;
&lt;math xmlns="http://www.w3.org/1998/Math/MathML" display="inline"&gt;&lt;mrow&gt;&lt;msub&gt;&lt;mi&gt;a&lt;/mi&gt;&lt;mi&gt;x&lt;/mi&gt;&lt;/msub&gt;&lt;mo stretchy="false"&gt;&amp;#x00028;&lt;/mo&gt;&lt;mi&gt;t&lt;/mi&gt;&lt;mo stretchy="false"&gt;&amp;#x00029;&lt;/mo&gt;&lt;mo&gt;&amp;#x0003D;&lt;/mo&gt;&lt;mn&gt;0.61&lt;/mn&gt;&lt;mi&gt;&amp;#x000B7;&lt;/mi&gt;&lt;msup&gt;&lt;mi&gt;e&lt;/mi&gt;&lt;mrow&gt;&lt;mo&gt;&amp;#x02212;&lt;/mo&gt;&lt;mn&gt;0.05&lt;/mn&gt;&lt;mi&gt;t&lt;/mi&gt;&lt;/mrow&gt;&lt;/msup&gt;&lt;/mrow&gt;&lt;/math&gt;

&lt;p&gt;The capsule travels toward the array for &lt;strong&gt;12.863 s&lt;/strong&gt;.&lt;/p&gt;
&lt;p&gt;&lt;strong&gt;What is the change in velocity&lt;/strong&gt; of the capsule during this motion?
Give your answer to &lt;strong&gt;3 significant figures&lt;/strong&gt;.&lt;/p&gt;</mattext>
          </material>
          <response_str ident="RESPONSE_exp_vel_capsule" rcardinality="Single">
            <render_fib fibtype="Decimal" prompt="Box">
              <response_label ident="answer"/>
            </render_fib>
          </response_str>
        </presentation>
        <resprocessing>
          <outcomes>
            <decvar maxvalue="2" minvalue="0" varname="SCORE" vartype="Decimal"/>
          </outcomes>
          <respcondition continue="No">
            <conditionvar>
              <or>
                <varequal respident="RESPONSE_exp_vel_capsule" precision="3" precisiontype="significantDigits">-6.413</varequal>
                <and>
                  <vargt respident="RESPONSE_exp_vel_capsule">-6.413</vargt>
                  <varlte respident="RESPONSE_exp_vel_capsule">-6.413</varlte>
                </and>
              </or>
            </conditionvar>
            <setvar varname="SCORE" action="Set">2</setvar>
            <displayfeedback feedbacktype="Response" linkrefid="correct"/>
          </respcondition>
        </resprocessing>
        <itemfeedback ident="general_fb">
          <flow_mat>
            <material>
              <mattext texttype="text/plain">&lt;p&gt;Integrate:&lt;/p&gt;
&lt;math xmlns="http://www.w3.org/1998/Math/MathML" display="inline"&gt;&lt;mrow&gt;&lt;msub&gt;&lt;mi&gt;v&lt;/mi&gt;&lt;mi&gt;x&lt;/mi&gt;&lt;/msub&gt;&lt;mo stretchy="false"&gt;&amp;#x00028;&lt;/mo&gt;&lt;mi&gt;t&lt;/mi&gt;&lt;mo stretchy="false"&gt;&amp;#x00029;&lt;/mo&gt;&lt;mo&gt;&amp;#x0003D;&lt;/mo&gt;&lt;mfrac&gt;&lt;mrow&gt;&lt;mn&gt;0.61&lt;/mn&gt;&lt;/mrow&gt;&lt;mrow&gt;&lt;mo&gt;&amp;#x02212;&lt;/mo&gt;&lt;mn&gt;0.05&lt;/mn&gt;&lt;/mrow&gt;&lt;/mfrac&gt;&lt;msup&gt;&lt;mi&gt;e&lt;/mi&gt;&lt;mrow&gt;&lt;mo&gt;&amp;#x02212;&lt;/mo&gt;&lt;mn&gt;0.05&lt;/mn&gt;&lt;mi&gt;t&lt;/mi&gt;&lt;/mrow&gt;&lt;/msup&gt;&lt;mo&gt;&amp;#x0002B;&lt;/mo&gt;&lt;mi&gt;C&lt;/mi&gt;&lt;/mrow&gt;&lt;/math&gt;

&lt;p&gt;Evaluate from 0 to 12.863:&lt;/p&gt;
&lt;p&gt;[
\Delta v \approx \boxed{-6.41\  ext{m/s}}
]&lt;/p&gt;</mattext>
            </material>
          </flow_mat>
        </itemfeedback>
        <itemfeedback ident="correct_fb">
          <flow_mat>
            <material>
              <mattext texttype="text/plain">&lt;p&gt;Great&amp;#x21;&lt;/p&gt;</mattext>
            </material>
          </flow_mat>
        </itemfeedback>
        <itemfeedback ident="general_incorrect_fb">
          <flow_mat>
            <material>
              <mattext texttype="text/plain">&lt;p&gt;Try re-evaluating the exponential integral carefully.&lt;/p&gt;</mattext>
            </material>
          </flow_mat>
        </itemfeedback>
      </item>
      <item ident="exp_vel_sled" title="Observatory Glide - Velocity Change">
        <itemmetadata>
          <qtimetadata>
            <qtimetadatafield>
              <fieldlabel>question_type</fieldlabel>
              <fieldentry>numerical_question</fieldentry>
            </qtimetadatafield>
          </qtimetadata>
        </itemmetadata>
        <presentation>
          <material>
            <mattext texttype="text/plain">&lt;p&gt;A test sled glides from &lt;strong&gt;an observatory&lt;/strong&gt;&amp;#x2C; located &lt;strong&gt;89.256 m behind&lt;/strong&gt; &lt;strong&gt;the maintenance zone&lt;/strong&gt;. It accelerates gently according to:&lt;/p&gt;
&lt;math xmlns="http://www.w3.org/1998/Math/MathML" display="inline"&gt;&lt;mrow&gt;&lt;msub&gt;&lt;mi&gt;a&lt;/mi&gt;&lt;mi&gt;x&lt;/mi&gt;&lt;/msub&gt;&lt;mo stretchy="false"&gt;&amp;#x00028;&lt;/mo&gt;&lt;mi&gt;t&lt;/mi&gt;&lt;mo stretchy="false"&gt;&amp;#x00029;&lt;/mo&gt;&lt;mo&gt;&amp;#x0003D;&lt;/mo&gt;&lt;mo&gt;&amp;#x02212;&lt;/mo&gt;&lt;mn&gt;0.46&lt;/mn&gt;&lt;mi&gt;&amp;#x000B7;&lt;/mi&gt;&lt;mo stretchy="false"&gt;&amp;#x00028;&lt;/mo&gt;&lt;mn&gt;1&lt;/mn&gt;&lt;mo&gt;&amp;#x02212;&lt;/mo&gt;&lt;msup&gt;&lt;mi&gt;e&lt;/mi&gt;&lt;mrow&gt;&lt;mo&gt;&amp;#x02212;&lt;/mo&gt;&lt;mn&gt;0.17&lt;/mn&gt;&lt;mi&gt;t&lt;/mi&gt;&lt;/mrow&gt;&lt;/msup&gt;&lt;mo stretchy="false"&gt;&amp;#x00029;&lt;/mo&gt;&lt;/mrow&gt;&lt;/math&gt;

&lt;p&gt;The motion lasts &lt;strong&gt;16.341 s&lt;/strong&gt;.&lt;/p&gt;
&lt;p&gt;&lt;strong&gt;What is the change in velocity&lt;/strong&gt; of the sled during this glide?
Give your answer to &lt;strong&gt;3 significant figures&lt;/strong&gt;.&lt;/p&gt;</mattext>
          </material>
          <response_str ident="RESPONSE_exp_vel_sled" rcardinality="Single">
            <render_fib fibtype="Decimal" prompt="Box">
              <response_label ident="answer"/>
            </render_fib>
          </response_str>
        </presentation>
        <resprocessing>
          <outcomes>
            <decvar maxvalue="2" minvalue="0" varname="SCORE" vartype="Decimal"/>
          </outcomes>
          <respcondition continue="No">
            <conditionvar>
              <or>
                <varequal respident="RESPONSE_exp_vel_sled" precision="3" precisiontype="significantDigits">-7.685</varequal>
                <and>
                  <vargt respident="RESPONSE_exp_vel_sled">-7.685</vargt>
                  <varlte respident="RESPONSE_exp_vel_sled">-7.684</varlte>
                </and>
              </or>
            </conditionvar>
            <setvar varname="SCORE" action="Set">2</setvar>
            <displayfeedback feedbacktype="Response" linkrefid="correct"/>
          </respcondition>
        </resprocessing>
        <itemfeedback ident="general_fb">
          <flow_mat>
            <material>
              <mattext texttype="text/plain">&lt;p&gt;Integrate:&lt;/p&gt;
&lt;math xmlns="http://www.w3.org/1998/Math/MathML" display="inline"&gt;&lt;mrow&gt;&lt;msub&gt;&lt;mi&gt;v&lt;/mi&gt;&lt;mi&gt;x&lt;/mi&gt;&lt;/msub&gt;&lt;mo stretchy="false"&gt;&amp;#x00028;&lt;/mo&gt;&lt;mi&gt;t&lt;/mi&gt;&lt;mo stretchy="false"&gt;&amp;#x00029;&lt;/mo&gt;&lt;mo&gt;&amp;#x0003D;&lt;/mo&gt;&lt;mo&gt;&amp;#x02212;&lt;/mo&gt;&lt;mn&gt;0.46&lt;/mn&gt;&lt;mi&gt;t&lt;/mi&gt;&lt;mo&gt;&amp;#x0002B;&lt;/mo&gt;&lt;mfrac&gt;&lt;mrow&gt;&lt;mn&gt;0.46&lt;/mn&gt;&lt;/mrow&gt;&lt;mrow&gt;&lt;mn&gt;0.17&lt;/mn&gt;&lt;/mrow&gt;&lt;/mfrac&gt;&lt;msup&gt;&lt;mi&gt;e&lt;/mi&gt;&lt;mrow&gt;&lt;mo&gt;&amp;#x02212;&lt;/mo&gt;&lt;mn&gt;0.17&lt;/mn&gt;&lt;mi&gt;t&lt;/mi&gt;&lt;/mrow&gt;&lt;/msup&gt;&lt;mo&gt;&amp;#x0002B;&lt;/mo&gt;&lt;mi&gt;C&lt;/mi&gt;&lt;/mrow&gt;&lt;/math&gt;

&lt;p&gt;Evaluate from 0 to 16.341:&lt;/p&gt;
&lt;p&gt;[
\Delta v \approx \boxed{-7.69\  ext{m/s}}
]&lt;/p&gt;</mattext>
            </material>
          </flow_mat>
        </itemfeedback>
        <itemfeedback ident="correct_fb">
          <flow_mat>
            <material>
              <mattext texttype="text/plain">&lt;p&gt;Excellent&amp;#x21;&lt;/p&gt;</mattext>
            </material>
          </flow_mat>
        </itemfeedback>
        <itemfeedback ident="general_incorrect_fb">
          <flow_mat>
            <material>
              <mattext texttype="text/plain">&lt;p&gt;Don't forget to include both terms from the integration result.&lt;/p&gt;</mattext>
            </material>
          </flow_mat>
        </itemfeedback>
      </item>
      <item ident="log_acc_probe" title="Probe Flyby - Solar Array Acceleration">
        <itemmetadata>
          <qtimetadata>
            <qtimetadatafield>
              <fieldlabel>question_type</fieldlabel>
              <fieldentry>numerical_question</fieldentry>
            </qtimetadatafield>
          </qtimetadata>
        </itemmetadata>
        <presentation>
          <material>
            <mattext texttype="text/plain">&lt;p&gt;A probe starts &lt;strong&gt;0.052 m toward port&lt;/strong&gt; of &lt;strong&gt;a rest station&lt;/strong&gt; and glides toward &lt;strong&gt;a solar panel array&lt;/strong&gt;. Its velocity changes according to:&lt;/p&gt;
&lt;math xmlns="http://www.w3.org/1998/Math/MathML" display="inline"&gt;&lt;mrow&gt;&lt;msub&gt;&lt;mi&gt;v&lt;/mi&gt;&lt;mi&gt;x&lt;/mi&gt;&lt;/msub&gt;&lt;mo stretchy="false"&gt;&amp;#x00028;&lt;/mo&gt;&lt;mi&gt;t&lt;/mi&gt;&lt;mo stretchy="false"&gt;&amp;#x00029;&lt;/mo&gt;&lt;mo&gt;&amp;#x0003D;&lt;/mo&gt;&lt;mn&gt;0.38&lt;/mn&gt;&lt;mi&gt;&amp;#x000B7;&lt;/mi&gt;&lt;mi&gt;ln&lt;/mi&gt;&lt;mo stretchy="false"&gt;&amp;#x00028;&lt;/mo&gt;&lt;mn&gt;1&lt;/mn&gt;&lt;mo&gt;&amp;#x0002B;&lt;/mo&gt;&lt;mn&gt;0.07&lt;/mn&gt;&lt;mi&gt;t&lt;/mi&gt;&lt;mo stretchy="false"&gt;&amp;#x00029;&lt;/mo&gt;&lt;/mrow&gt;&lt;/math&gt;

&lt;p&gt;The motion lasts &lt;strong&gt;6.791 s&lt;/strong&gt;.&lt;/p&gt;
&lt;p&gt;&lt;strong&gt;What is the instantaneous acceleration&lt;/strong&gt; of the probe when it reaches the solar panel array?
Give your answer to &lt;strong&gt;3 significant figures&lt;/strong&gt;.&lt;/p&gt;</mattext>
          </material>
          <response_str ident="RESPONSE_log_acc_probe" rcardinality="Single">
            <render_fib fibtype="Decimal" prompt="Box">
              <response_label ident="answer"/>
            </render_fib>
          </response_str>
        </presentation>
        <resprocessing>
          <outcomes>
            <decvar maxvalue="2" minvalue="0" varname="SCORE" vartype="Decimal"/>
          </outcomes>
          <respcondition continue="No">
            <conditionvar>
              <or>
                <varequal respident="RESPONSE_log_acc_probe" precision="3" precisiontype="significantDigits">0.018</varequal>
                <and>
                  <vargt respident="RESPONSE_log_acc_probe">0.01795</vargt>
                  <varlte respident="RESPONSE_log_acc_probe">0.01805</varlte>
                </and>
              </or>
            </conditionvar>
            <setvar varname="SCORE" action="Set">2</setvar>
            <displayfeedback feedbacktype="Response" linkrefid="correct"/>
          </respcondition>
        </resprocessing>
        <itemfeedback ident="general_fb">
          <flow_mat>
            <material>
              <mattext texttype="text/plain">&lt;p&gt;Differentiate velocity:&lt;/p&gt;
&lt;math xmlns="http://www.w3.org/1998/Math/MathML" display="inline"&gt;&lt;mrow&gt;&lt;msub&gt;&lt;mi&gt;a&lt;/mi&gt;&lt;mi&gt;x&lt;/mi&gt;&lt;/msub&gt;&lt;mo stretchy="false"&gt;&amp;#x00028;&lt;/mo&gt;&lt;mi&gt;t&lt;/mi&gt;&lt;mo stretchy="false"&gt;&amp;#x00029;&lt;/mo&gt;&lt;mo&gt;&amp;#x0003D;&lt;/mo&gt;&lt;mfrac&gt;&lt;mrow&gt;&lt;mn&gt;0.0266&lt;/mn&gt;&lt;/mrow&gt;&lt;mrow&gt;&lt;mn&gt;1&lt;/mn&gt;&lt;mo&gt;&amp;#x0002B;&lt;/mo&gt;&lt;mn&gt;0.07&lt;/mn&gt;&lt;mi&gt;t&lt;/mi&gt;&lt;/mrow&gt;&lt;/mfrac&gt;&lt;/mrow&gt;&lt;/math&gt;

&lt;p&gt;At ( t = 6.791 ):&lt;/p&gt;
&lt;p&gt;[
a_x \approx \boxed{0.018\   ext{m/s}&amp;#x5E;2}
]&lt;/p&gt;</mattext>
            </material>
          </flow_mat>
        </itemfeedback>
        <itemfeedback ident="correct_fb">
          <flow_mat>
            <material>
              <mattext texttype="text/plain">&lt;p&gt;Nicely done&amp;#x21;&lt;/p&gt;</mattext>
            </material>
          </flow_mat>
        </itemfeedback>
        <itemfeedback ident="general_incorrect_fb">
          <flow_mat>
            <material>
              <mattext texttype="text/plain">&lt;p&gt;Try differentiating the logarithmic function and plugging in the time correctly.&lt;/p&gt;</mattext>
            </material>
          </flow_mat>
        </itemfeedback>
      </item>
      <item ident="exp_acc_ejector" title="Ejector Module - Coolant Tower Approach">
        <itemmetadata>
          <qtimetadata>
            <qtimetadatafield>
              <fieldlabel>question_type</fieldlabel>
              <fieldentry>numerical_question</fieldentry>
            </qtimetadatafield>
          </qtimetadata>
        </itemmetadata>
        <presentation>
          <material>
            <mattext texttype="text/plain">&lt;p&gt;An ejector module begins &lt;strong&gt;24.413 m rightward&lt;/strong&gt; of &lt;strong&gt;the shuttle hatch&lt;/strong&gt;&amp;#x2C; heading for &lt;strong&gt;a coolant tower&lt;/strong&gt;. Its velocity decays exponentially:&lt;/p&gt;
&lt;math xmlns="http://www.w3.org/1998/Math/MathML" display="inline"&gt;&lt;mrow&gt;&lt;msub&gt;&lt;mi&gt;v&lt;/mi&gt;&lt;mi&gt;x&lt;/mi&gt;&lt;/msub&gt;&lt;mo stretchy="false"&gt;&amp;#x00028;&lt;/mo&gt;&lt;mi&gt;t&lt;/mi&gt;&lt;mo stretchy="false"&gt;&amp;#x00029;&lt;/mo&gt;&lt;mo&gt;&amp;#x0003D;&lt;/mo&gt;&lt;mn&gt;0.94&lt;/mn&gt;&lt;mi&gt;&amp;#x000B7;&lt;/mi&gt;&lt;msup&gt;&lt;mi&gt;e&lt;/mi&gt;&lt;mrow&gt;&lt;mo&gt;&amp;#x02212;&lt;/mo&gt;&lt;mn&gt;0.24&lt;/mn&gt;&lt;mi&gt;t&lt;/mi&gt;&lt;/mrow&gt;&lt;/msup&gt;&lt;/mrow&gt;&lt;/math&gt;

&lt;p&gt;The trip takes &lt;strong&gt;5.157 s&lt;/strong&gt;.&lt;/p&gt;
&lt;p&gt;&lt;strong&gt;What is the instantaneous acceleration&lt;/strong&gt; of the module when it reaches the coolant tower?
Give your answer to &lt;strong&gt;3 significant figures&lt;/strong&gt;.&lt;/p&gt;</mattext>
          </material>
          <response_str ident="RESPONSE_exp_acc_ejector" rcardinality="Single">
            <render_fib fibtype="Decimal" prompt="Box">
              <response_label ident="answer"/>
            </render_fib>
          </response_str>
        </presentation>
        <resprocessing>
          <outcomes>
            <decvar maxvalue="2" minvalue="0" varname="SCORE" vartype="Decimal"/>
          </outcomes>
          <respcondition continue="No">
            <conditionvar>
              <or>
                <varequal respident="RESPONSE_exp_acc_ejector" precision="3" precisiontype="significantDigits">-0.065</varequal>
                <and>
                  <vargt respident="RESPONSE_exp_acc_ejector">-0.066</vargt>
                  <varlte respident="RESPONSE_exp_acc_ejector">-0.065</varlte>
                </and>
              </or>
            </conditionvar>
            <setvar varname="SCORE" action="Set">2</setvar>
            <displayfeedback feedbacktype="Response" linkrefid="correct"/>
          </respcondition>
        </resprocessing>
        <itemfeedback ident="general_fb">
          <flow_mat>
            <material>
              <mattext texttype="text/plain">&lt;p&gt;Differentiate velocity:&lt;/p&gt;
&lt;math xmlns="http://www.w3.org/1998/Math/MathML" display="inline"&gt;&lt;mrow&gt;&lt;msub&gt;&lt;mi&gt;a&lt;/mi&gt;&lt;mi&gt;x&lt;/mi&gt;&lt;/msub&gt;&lt;mo stretchy="false"&gt;&amp;#x00028;&lt;/mo&gt;&lt;mi&gt;t&lt;/mi&gt;&lt;mo stretchy="false"&gt;&amp;#x00029;&lt;/mo&gt;&lt;mo&gt;&amp;#x0003D;&lt;/mo&gt;&lt;mo&gt;&amp;#x02212;&lt;/mo&gt;&lt;mn&gt;0.94&lt;/mn&gt;&lt;mi&gt;&amp;#x000B7;&lt;/mi&gt;&lt;mn&gt;0.24&lt;/mn&gt;&lt;mi&gt;&amp;#x000B7;&lt;/mi&gt;&lt;msup&gt;&lt;mi&gt;e&lt;/mi&gt;&lt;mrow&gt;&lt;mo&gt;&amp;#x02212;&lt;/mo&gt;&lt;mn&gt;0.24&lt;/mn&gt;&lt;mi&gt;t&lt;/mi&gt;&lt;/mrow&gt;&lt;/msup&gt;&lt;/mrow&gt;&lt;/math&gt;

&lt;p&gt;At ( t = 5.157 ):&lt;/p&gt;
&lt;p&gt;[
a_x \approx \boxed{-0.065\  ext{m/s}&amp;#x5E;2}
]&lt;/p&gt;</mattext>
            </material>
          </flow_mat>
        </itemfeedback>
        <itemfeedback ident="correct_fb">
          <flow_mat>
            <material>
              <mattext texttype="text/plain">&lt;p&gt;Well done&amp;#x21;&lt;/p&gt;</mattext>
            </material>
          </flow_mat>
        </itemfeedback>
        <itemfeedback ident="general_incorrect_fb">
          <flow_mat>
            <material>
              <mattext texttype="text/plain">&lt;p&gt;Review the derivative of exponential velocity decay.&lt;/p&gt;</mattext>
            </material>
          </flow_mat>
        </itemfeedback>
      </item>
      <item ident="log_acc_module" title="Module Glide - Final Acceleration at Array">
        <itemmetadata>
          <qtimetadata>
            <qtimetadatafield>
              <fieldlabel>question_type</fieldlabel>
              <fieldentry>numerical_question</fieldentry>
            </qtimetadatafield>
          </qtimetadata>
        </itemmetadata>
        <presentation>
          <material>
            <mattext texttype="text/plain">&lt;p&gt;A module starts &lt;strong&gt;25.178 m toward the structure&lt;/strong&gt; from &lt;strong&gt;the shuttle hatch&lt;/strong&gt; and moves toward &lt;strong&gt;a solar panel array&lt;/strong&gt;. Its velocity evolves as:&lt;/p&gt;
&lt;math xmlns="http://www.w3.org/1998/Math/MathML" display="inline"&gt;&lt;mrow&gt;&lt;msub&gt;&lt;mi&gt;v&lt;/mi&gt;&lt;mi&gt;x&lt;/mi&gt;&lt;/msub&gt;&lt;mo stretchy="false"&gt;&amp;#x00028;&lt;/mo&gt;&lt;mi&gt;t&lt;/mi&gt;&lt;mo stretchy="false"&gt;&amp;#x00029;&lt;/mo&gt;&lt;mo&gt;&amp;#x0003D;&lt;/mo&gt;&lt;mn&gt;0.95&lt;/mn&gt;&lt;mi&gt;&amp;#x000B7;&lt;/mi&gt;&lt;mi&gt;ln&lt;/mi&gt;&lt;mo stretchy="false"&gt;&amp;#x00028;&lt;/mo&gt;&lt;mn&gt;1&lt;/mn&gt;&lt;mo&gt;&amp;#x0002B;&lt;/mo&gt;&lt;mn&gt;0.11&lt;/mn&gt;&lt;mi&gt;t&lt;/mi&gt;&lt;mo stretchy="false"&gt;&amp;#x00029;&lt;/mo&gt;&lt;/mrow&gt;&lt;/math&gt;

&lt;p&gt;The glide lasts &lt;strong&gt;6.717 s&lt;/strong&gt;.&lt;/p&gt;
&lt;p&gt;&lt;strong&gt;What is the instantaneous acceleration&lt;/strong&gt; of the module upon arrival?
Give your answer to &lt;strong&gt;3 significant figures&lt;/strong&gt;.&lt;/p&gt;</mattext>
          </material>
          <response_str ident="RESPONSE_log_acc_module" rcardinality="Single">
            <render_fib fibtype="Decimal" prompt="Box">
              <response_label ident="answer"/>
            </render_fib>
          </response_str>
        </presentation>
        <resprocessing>
          <outcomes>
            <decvar maxvalue="2" minvalue="0" varname="SCORE" vartype="Decimal"/>
          </outcomes>
          <respcondition continue="No">
            <conditionvar>
              <or>
                <varequal respident="RESPONSE_log_acc_module" precision="3" precisiontype="significantDigits">0.06</varequal>
                <and>
                  <vargt respident="RESPONSE_log_acc_module">0.05995</vargt>
                  <varlte respident="RESPONSE_log_acc_module">0.06005</varlte>
                </and>
              </or>
            </conditionvar>
            <setvar varname="SCORE" action="Set">2</setvar>
            <displayfeedback feedbacktype="Response" linkrefid="correct"/>
          </respcondition>
        </resprocessing>
        <itemfeedback ident="general_fb">
          <flow_mat>
            <material>
              <mattext texttype="text/plain">&lt;p&gt;Differentiate:&lt;/p&gt;
&lt;math xmlns="http://www.w3.org/1998/Math/MathML" display="inline"&gt;&lt;mrow&gt;&lt;msub&gt;&lt;mi&gt;a&lt;/mi&gt;&lt;mi&gt;x&lt;/mi&gt;&lt;/msub&gt;&lt;mo stretchy="false"&gt;&amp;#x00028;&lt;/mo&gt;&lt;mi&gt;t&lt;/mi&gt;&lt;mo stretchy="false"&gt;&amp;#x00029;&lt;/mo&gt;&lt;mo&gt;&amp;#x0003D;&lt;/mo&gt;&lt;mfrac&gt;&lt;mrow&gt;&lt;mn&gt;0.1045&lt;/mn&gt;&lt;/mrow&gt;&lt;mrow&gt;&lt;mn&gt;1&lt;/mn&gt;&lt;mo&gt;&amp;#x0002B;&lt;/mo&gt;&lt;mn&gt;0.11&lt;/mn&gt;&lt;mi&gt;t&lt;/mi&gt;&lt;/mrow&gt;&lt;/mfrac&gt;&lt;/mrow&gt;&lt;/math&gt;

&lt;p&gt;Evaluate at ( t = 6.717 ):&lt;/p&gt;
&lt;p&gt;[
a_x \approx \boxed{0.060\   ext{m/s}&amp;#x5E;2}
]&lt;/p&gt;</mattext>
            </material>
          </flow_mat>
        </itemfeedback>
        <itemfeedback ident="correct_fb">
          <flow_mat>
            <material>
              <mattext texttype="text/plain">&lt;p&gt;Great job&amp;#x21;&lt;/p&gt;</mattext>
            </material>
          </flow_mat>
        </itemfeedback>
        <itemfeedback ident="general_incorrect_fb">
          <flow_mat>
            <material>
              <mattext texttype="text/plain">&lt;p&gt;Don't forget to apply the chain rule when differentiating.&lt;/p&gt;</mattext>
            </material>
          </flow_mat>
        </itemfeedback>
      </item>
    </section>
  </assessment>
</questestinterop>
