<?xml version='1.0' encoding='utf-8'?>
<questestinterop xmlns="http://www.imsglobal.org/xsd/ims_qtiasiv1p2" xmlns:xsi="http://www.w3.org/2001/XMLSchema-instance" xsi:schemaLocation="http://www.imsglobal.org/xsd/ims_qtiasiv1p2 http://www.imsglobal.org/xsd/ims_qtiasiv1p2p1.xsd">
  <assessment ident="qti" title="Motion w Constant Acceleration along 1D">
    <qtimetadata>
      <qtimetadatafield>
        <fieldlabel>cc_maxattempts</fieldlabel>
        <fieldentry>1</fieldentry>
      </qtimetadatafield>
    </qtimetadata>
    <section ident="root_section">
      <item ident="q01" title="Everyday Moment 01">
        <itemmetadata>
          <qtimetadata>
            <qtimetadatafield>
              <fieldlabel>question_type</fieldlabel>
              <fieldentry>numerical_question</fieldentry>
            </qtimetadatafield>
          </qtimetadata>
        </itemmetadata>
        <presentation>
          <material>
            <mattext texttype="text/plain">&lt;p&gt;A cyclist pushes off from a red light and steadily picks up speed on a straight road. After 4.0 seconds&amp;#x2C; the cyclist&amp;#x2019;s speedometer shows about 6.0 m/s. Assuming the bike started from rest&amp;#x2C; how strong was the steady pickup of speed during this interval?&lt;/p&gt;</mattext>
          </material>
          <response_str ident="RESPONSE_q01" rcardinality="Single">
            <render_fib fibtype="Decimal" prompt="Box">
              <response_label ident="answer"/>
            </render_fib>
          </response_str>
        </presentation>
        <resprocessing>
          <outcomes>
            <decvar maxvalue="1" minvalue="0" varname="SCORE" vartype="Decimal"/>
          </outcomes>
          <respcondition continue="No">
            <conditionvar>
              <or>
                <varequal respident="RESPONSE_q01" margin="5" margintype="percent">1.5</varequal>
                <and>
                  <vargte respident="RESPONSE_q01">1.425</vargte>
                  <varlte respident="RESPONSE_q01">1.575</varlte>
                </and>
              </or>
            </conditionvar>
            <setvar varname="SCORE" action="Set">1</setvar>
            <displayfeedback feedbacktype="Response" linkrefid="correct"/>
          </respcondition>
        </resprocessing>
        <itemfeedback ident="general_fb">
          <flow_mat>
            <material>
              <mattext texttype="text/plain">&lt;p&gt;1) Physics &amp;amp; task
   Straight-line motion with constant acceleration&amp;#x2C; so the kinematic equations apply. From the story: starts from rest&amp;#x2C; reaches 6.0 m/s in 4.0 s. We seek the acceleration (magnitude along the motion).&lt;/p&gt;
&lt;p&gt;2) Kinematic table
 &lt;br /&gt;
&lt;table&gt;
     &lt;thead&gt;
       &lt;tr&gt;
         &lt;th&gt;Quantity&lt;/th&gt;
         &lt;th&gt;Symbol&lt;/th&gt;
         &lt;th&gt;Value&lt;/th&gt;
         &lt;th&gt;Given?&lt;/th&gt;
       &lt;/tr&gt;
     &lt;/thead&gt;
     &lt;tbody&gt;
       &lt;tr&gt;
         &lt;td&gt;Displacement&lt;/td&gt;
         &lt;td&gt;&amp;#x394;x&lt;/td&gt;
         &lt;td&gt;&amp;#x2014;&lt;/td&gt;
         &lt;td&gt;not needed&lt;/td&gt;
       &lt;/tr&gt;
       &lt;tr&gt;
         &lt;td&gt;Initial speed&lt;/td&gt;
         &lt;td&gt;vi&lt;/td&gt;
         &lt;td&gt;0.0 m/s&lt;/td&gt;
         &lt;td&gt;Implicit (&amp;#x201C;starts from rest&amp;#x201D;)&lt;/td&gt;
       &lt;/tr&gt;
       &lt;tr&gt;
         &lt;td&gt;Final speed&lt;/td&gt;
         &lt;td&gt;vf&lt;/td&gt;
         &lt;td&gt;6.0 m/s&lt;/td&gt;
         &lt;td&gt;Explicit&lt;/td&gt;
       &lt;/tr&gt;
       &lt;tr&gt;
         &lt;td&gt;Acceleration&lt;/td&gt;
         &lt;td&gt;a&lt;/td&gt;
         &lt;td&gt;?&lt;/td&gt;
         &lt;td&gt;Solve for&lt;/td&gt;
       &lt;/tr&gt;
       &lt;tr&gt;
         &lt;td&gt;Time interval&lt;/td&gt;
         &lt;td&gt;t&lt;/td&gt;
         &lt;td&gt;4.0 s&lt;/td&gt;
         &lt;td&gt;Explicit&lt;/td&gt;
       &lt;/tr&gt;
     &lt;/tbody&gt;
   &lt;/table&gt;
&lt;/p&gt;
&lt;p&gt;3) Equation choice
   Use &lt;math xmlns="http://www.w3.org/1998/Math/MathML" display="inline"&gt;&lt;mrow&gt;&lt;msub&gt;&lt;mi&gt;v&lt;/mi&gt;&lt;mi&gt;f&lt;/mi&gt;&lt;/msub&gt;&lt;mo&gt;&amp;#x0003D;&lt;/mo&gt;&lt;msub&gt;&lt;mi&gt;v&lt;/mi&gt;&lt;mi&gt;i&lt;/mi&gt;&lt;/msub&gt;&lt;mo&gt;&amp;#x0002B;&lt;/mo&gt;&lt;mi&gt;a&lt;/mi&gt;&lt;mi&gt;t&lt;/mi&gt;&lt;/mrow&gt;&lt;/math&gt;.&lt;/p&gt;
&lt;p&gt;4) Algebra
 &lt;br /&gt;
&lt;math xmlns="http://www.w3.org/1998/Math/MathML" display="inline"&gt;&lt;mrow&gt;&lt;mi&gt;a&lt;/mi&gt;&lt;mo&gt;&amp;#x0003D;&lt;/mo&gt;&lt;mstyle displaystyle="true" scriptlevel="0"&gt;&lt;mfrac&gt;&lt;mrow&gt;&lt;msub&gt;&lt;mi&gt;v&lt;/mi&gt;&lt;mi&gt;f&lt;/mi&gt;&lt;/msub&gt;&lt;mo&gt;&amp;#x02212;&lt;/mo&gt;&lt;msub&gt;&lt;mi&gt;v&lt;/mi&gt;&lt;mi&gt;i&lt;/mi&gt;&lt;/msub&gt;&lt;/mrow&gt;&lt;mrow&gt;&lt;mi&gt;t&lt;/mi&gt;&lt;/mrow&gt;&lt;/mfrac&gt;&lt;/mstyle&gt;&lt;/mrow&gt;&lt;/math&gt;&lt;/p&gt;
&lt;p&gt;.&lt;/p&gt;
&lt;p&gt;5) Numbers &amp;amp; units
 &lt;br /&gt;
&lt;math xmlns="http://www.w3.org/1998/Math/MathML" display="inline"&gt;&lt;mrow&gt;&lt;mi&gt;a&lt;/mi&gt;&lt;mo&gt;&amp;#x0003D;&lt;/mo&gt;&lt;mstyle displaystyle="true" scriptlevel="0"&gt;&lt;mfrac&gt;&lt;mrow&gt;&lt;mn&gt;6.0&lt;/mn&gt;&lt;mo&gt;&amp;#x02212;&lt;/mo&gt;&lt;mn&gt;0.0&lt;/mn&gt;&lt;/mrow&gt;&lt;mrow&gt;&lt;mn&gt;4.0&lt;/mn&gt;&lt;/mrow&gt;&lt;/mfrac&gt;&lt;/mstyle&gt;&lt;mtext&gt;&amp;#x000A0;&lt;/mtext&gt;&lt;msup&gt;&lt;mtext&gt;m/s&lt;/mtext&gt;&lt;mn&gt;2&lt;/mn&gt;&lt;/msup&gt;&lt;mo&gt;&amp;#x0003D;&lt;/mo&gt;&lt;mn&gt;1.5&lt;/mn&gt;&lt;mtext&gt;&amp;#x000A0;&lt;/mtext&gt;&lt;msup&gt;&lt;mtext&gt;m/s&lt;/mtext&gt;&lt;mn&gt;2&lt;/mn&gt;&lt;/msup&gt;&lt;/mrow&gt;&lt;/math&gt;&lt;/p&gt;
&lt;p&gt;.&lt;/p&gt;
&lt;p&gt;Answer: &lt;math xmlns="http://www.w3.org/1998/Math/MathML" display="inline"&gt;&lt;mrow&gt;&lt;mn&gt;1.5&lt;/mn&gt;&lt;mtext&gt;&amp;#x000A0;&lt;/mtext&gt;&lt;msup&gt;&lt;mtext&gt;m/s&lt;/mtext&gt;&lt;mn&gt;2&lt;/mn&gt;&lt;/msup&gt;&lt;/mrow&gt;&lt;/math&gt;.&lt;/p&gt;</mattext>
            </material>
          </flow_mat>
        </itemfeedback>
        <itemfeedback ident="correct_fb">
          <flow_mat>
            <material>
              <mattext texttype="text/plain">&lt;p&gt;Good job&amp;#x21;&lt;/p&gt;</mattext>
            </material>
          </flow_mat>
        </itemfeedback>
        <itemfeedback ident="general_incorrect_fb">
          <flow_mat>
            <material>
              <mattext texttype="text/plain">&lt;p&gt;Try again&amp;#x21;&lt;/p&gt;</mattext>
            </material>
          </flow_mat>
        </itemfeedback>
      </item>
      <item ident="q02" title="Everyday Moment 02">
        <itemmetadata>
          <qtimetadata>
            <qtimetadatafield>
              <fieldlabel>question_type</fieldlabel>
              <fieldentry>numerical_question</fieldentry>
            </qtimetadatafield>
          </qtimetadata>
        </itemmetadata>
        <presentation>
          <material>
            <mattext texttype="text/plain">&lt;p&gt;A cyclist starts pedaling hard from a stop and covers about 18 meters before coasting. At that point the speedometer shows 6.0 m/s. How long did it take the rider to reach that speed?&lt;/p&gt;</mattext>
          </material>
          <response_str ident="RESPONSE_q02" rcardinality="Single">
            <render_fib fibtype="Decimal" prompt="Box">
              <response_label ident="answer"/>
            </render_fib>
          </response_str>
        </presentation>
        <resprocessing>
          <outcomes>
            <decvar maxvalue="1" minvalue="0" varname="SCORE" vartype="Decimal"/>
          </outcomes>
          <respcondition continue="No">
            <conditionvar>
              <or>
                <varequal respident="RESPONSE_q02" margin="5" margintype="percent">6.0</varequal>
                <and>
                  <vargte respident="RESPONSE_q02">5.7</vargte>
                  <varlte respident="RESPONSE_q02">6.3</varlte>
                </and>
              </or>
            </conditionvar>
            <setvar varname="SCORE" action="Set">1</setvar>
            <displayfeedback feedbacktype="Response" linkrefid="correct"/>
          </respcondition>
        </resprocessing>
        <itemfeedback ident="general_fb">
          <flow_mat>
            <material>
              <mattext texttype="text/plain">&lt;p&gt;1) Physics &amp;amp; task
   Constant-acceleration motion. The rider starts from rest&amp;#x2C; covers 18 m&amp;#x2C; and is moving 6.0 m/s at that point. Find the time to reach that speed.&lt;/p&gt;
&lt;p&gt;2) Kinematic table
 &lt;br /&gt;
&lt;table&gt;
     &lt;thead&gt;
       &lt;tr&gt;
         &lt;th&gt;Quantity&lt;/th&gt;
         &lt;th&gt;Symbol&lt;/th&gt;
         &lt;th&gt;Value&lt;/th&gt;
         &lt;th&gt;Given?&lt;/th&gt;
       &lt;/tr&gt;
     &lt;/thead&gt;
     &lt;tbody&gt;
       &lt;tr&gt;
         &lt;td&gt;Displacement&lt;/td&gt;
         &lt;td&gt;&amp;#x394;x&lt;/td&gt;
         &lt;td&gt;18.0 m&lt;/td&gt;
         &lt;td&gt;Explicit&lt;/td&gt;
       &lt;/tr&gt;
       &lt;tr&gt;
         &lt;td&gt;Initial speed&lt;/td&gt;
         &lt;td&gt;vi&lt;/td&gt;
         &lt;td&gt;0.0 m/s&lt;/td&gt;
         &lt;td&gt;Implicit&lt;/td&gt;
       &lt;/tr&gt;
       &lt;tr&gt;
         &lt;td&gt;Final speed&lt;/td&gt;
         &lt;td&gt;vf&lt;/td&gt;
         &lt;td&gt;6.0 m/s&lt;/td&gt;
         &lt;td&gt;Explicit&lt;/td&gt;
       &lt;/tr&gt;
       &lt;tr&gt;
         &lt;td&gt;Acceleration&lt;/td&gt;
         &lt;td&gt;a&lt;/td&gt;
         &lt;td&gt;&amp;#x2014;&lt;/td&gt;
         &lt;td&gt;not needed&lt;/td&gt;
       &lt;/tr&gt;
       &lt;tr&gt;
         &lt;td&gt;Time interval&lt;/td&gt;
         &lt;td&gt;t&lt;/td&gt;
         &lt;td&gt;?&lt;/td&gt;
         &lt;td&gt;Solve for&lt;/td&gt;
       &lt;/tr&gt;
     &lt;/tbody&gt;
   &lt;/table&gt;
&lt;/p&gt;
&lt;p&gt;3) Equation choice
   Average-speed form (valid for constant acceleration): &lt;math xmlns="http://www.w3.org/1998/Math/MathML" display="inline"&gt;&lt;mrow&gt;&lt;mi&gt;&amp;#x00394;&lt;/mi&gt;&lt;mi&gt;x&lt;/mi&gt;&lt;mo&gt;&amp;#x0003D;&lt;/mo&gt;&lt;mstyle displaystyle="true" scriptlevel="0"&gt;&lt;mfrac&gt;&lt;mrow&gt;&lt;msub&gt;&lt;mi&gt;v&lt;/mi&gt;&lt;mi&gt;i&lt;/mi&gt;&lt;/msub&gt;&lt;mo&gt;&amp;#x0002B;&lt;/mo&gt;&lt;msub&gt;&lt;mi&gt;v&lt;/mi&gt;&lt;mi&gt;f&lt;/mi&gt;&lt;/msub&gt;&lt;/mrow&gt;&lt;mrow&gt;&lt;mn&gt;2&lt;/mn&gt;&lt;/mrow&gt;&lt;/mfrac&gt;&lt;/mstyle&gt;&lt;mspace width="0.167em" /&gt;&lt;mi&gt;t&lt;/mi&gt;&lt;/mrow&gt;&lt;/math&gt;.&lt;/p&gt;
&lt;p&gt;4) Algebra
 &lt;br /&gt;
&lt;math xmlns="http://www.w3.org/1998/Math/MathML" display="inline"&gt;&lt;mrow&gt;&lt;mi&gt;t&lt;/mi&gt;&lt;mo&gt;&amp;#x0003D;&lt;/mo&gt;&lt;mstyle displaystyle="true" scriptlevel="0"&gt;&lt;mfrac&gt;&lt;mrow&gt;&lt;mn&gt;2&lt;/mn&gt;&lt;mspace width="0.167em" /&gt;&lt;mi&gt;&amp;#x00394;&lt;/mi&gt;&lt;mi&gt;x&lt;/mi&gt;&lt;/mrow&gt;&lt;mrow&gt;&lt;msub&gt;&lt;mi&gt;v&lt;/mi&gt;&lt;mi&gt;i&lt;/mi&gt;&lt;/msub&gt;&lt;mo&gt;&amp;#x0002B;&lt;/mo&gt;&lt;msub&gt;&lt;mi&gt;v&lt;/mi&gt;&lt;mi&gt;f&lt;/mi&gt;&lt;/msub&gt;&lt;/mrow&gt;&lt;/mfrac&gt;&lt;/mstyle&gt;&lt;/mrow&gt;&lt;/math&gt;&lt;/p&gt;
&lt;p&gt;.&lt;/p&gt;
&lt;p&gt;5) Numbers &amp;amp; units
 &lt;br /&gt;
&lt;math xmlns="http://www.w3.org/1998/Math/MathML" display="inline"&gt;&lt;mrow&gt;&lt;mi&gt;t&lt;/mi&gt;&lt;mo&gt;&amp;#x0003D;&lt;/mo&gt;&lt;mstyle displaystyle="true" scriptlevel="0"&gt;&lt;mfrac&gt;&lt;mrow&gt;&lt;mn&gt;2&lt;/mn&gt;&lt;mo stretchy="false"&gt;&amp;#x00028;&lt;/mo&gt;&lt;mn&gt;18.0&lt;/mn&gt;&lt;mo stretchy="false"&gt;&amp;#x00029;&lt;/mo&gt;&lt;/mrow&gt;&lt;mrow&gt;&lt;mn&gt;0.0&lt;/mn&gt;&lt;mo&gt;&amp;#x0002B;&lt;/mo&gt;&lt;mn&gt;6.0&lt;/mn&gt;&lt;/mrow&gt;&lt;/mfrac&gt;&lt;/mstyle&gt;&lt;mspace width="0.167em" /&gt;&lt;mtext&gt;s&lt;/mtext&gt;&lt;mo&gt;&amp;#x0003D;&lt;/mo&gt;&lt;mstyle displaystyle="true" scriptlevel="0"&gt;&lt;mfrac&gt;&lt;mrow&gt;&lt;mn&gt;36.0&lt;/mn&gt;&lt;/mrow&gt;&lt;mrow&gt;&lt;mn&gt;6.0&lt;/mn&gt;&lt;/mrow&gt;&lt;/mfrac&gt;&lt;/mstyle&gt;&lt;mspace width="0.167em" /&gt;&lt;mtext&gt;s&lt;/mtext&gt;&lt;mo&gt;&amp;#x0003D;&lt;/mo&gt;&lt;mn&gt;6.0&lt;/mn&gt;&lt;mspace width="0.167em" /&gt;&lt;mtext&gt;s&lt;/mtext&gt;&lt;/mrow&gt;&lt;/math&gt;&lt;/p&gt;
&lt;p&gt;.&lt;/p&gt;
&lt;p&gt;Answer: &lt;math xmlns="http://www.w3.org/1998/Math/MathML" display="inline"&gt;&lt;mrow&gt;&lt;mn&gt;6.0&lt;/mn&gt;&lt;mtext&gt;&amp;#x000A0;&lt;/mtext&gt;&lt;mtext&gt;s&lt;/mtext&gt;&lt;/mrow&gt;&lt;/math&gt;.&lt;/p&gt;</mattext>
            </material>
          </flow_mat>
        </itemfeedback>
        <itemfeedback ident="correct_fb">
          <flow_mat>
            <material>
              <mattext texttype="text/plain">&lt;p&gt;Good job&amp;#x21;&lt;/p&gt;</mattext>
            </material>
          </flow_mat>
        </itemfeedback>
        <itemfeedback ident="general_incorrect_fb">
          <flow_mat>
            <material>
              <mattext texttype="text/plain">&lt;p&gt;Try again&amp;#x21;&lt;/p&gt;</mattext>
            </material>
          </flow_mat>
        </itemfeedback>
      </item>
      <item ident="q03" title="Everyday Moment 03">
        <itemmetadata>
          <qtimetadata>
            <qtimetadatafield>
              <fieldlabel>question_type</fieldlabel>
              <fieldentry>numerical_question</fieldentry>
            </qtimetadatafield>
          </qtimetadata>
        </itemmetadata>
        <presentation>
          <material>
            <mattext texttype="text/plain">&lt;p&gt;A car is cruising down a highway at about 27 m/s (roughly 60 mph). The driver brakes steadily and comes to a full stop in 4.5 seconds. What was the steady slowdown rate during braking?&lt;/p&gt;</mattext>
          </material>
          <response_str ident="RESPONSE_q03" rcardinality="Single">
            <render_fib fibtype="Decimal" prompt="Box">
              <response_label ident="answer"/>
            </render_fib>
          </response_str>
        </presentation>
        <resprocessing>
          <outcomes>
            <decvar maxvalue="1" minvalue="0" varname="SCORE" vartype="Decimal"/>
          </outcomes>
          <respcondition continue="No">
            <conditionvar>
              <or>
                <varequal respident="RESPONSE_q03" margin="5" margintype="percent">6.0</varequal>
                <and>
                  <vargte respident="RESPONSE_q03">5.7</vargte>
                  <varlte respident="RESPONSE_q03">6.3</varlte>
                </and>
              </or>
            </conditionvar>
            <setvar varname="SCORE" action="Set">1</setvar>
            <displayfeedback feedbacktype="Response" linkrefid="correct"/>
          </respcondition>
        </resprocessing>
        <itemfeedback ident="general_fb">
          <flow_mat>
            <material>
              <mattext texttype="text/plain">&lt;p&gt;1) Physics &amp;amp; task
   Constant-acceleration (uniform slowdown). The car goes 27.0 m/s&amp;#x2C; stops in 4.5 s. Find the magnitude of the steady slowdown (acceleration opposite motion).&lt;/p&gt;
&lt;p&gt;2) Kinematic table
 &lt;br /&gt;
&lt;table&gt;
     &lt;thead&gt;
       &lt;tr&gt;
         &lt;th&gt;Quantity&lt;/th&gt;
         &lt;th&gt;Symbol&lt;/th&gt;
         &lt;th&gt;Value&lt;/th&gt;
         &lt;th&gt;Given?&lt;/th&gt;
       &lt;/tr&gt;
     &lt;/thead&gt;
     &lt;tbody&gt;
       &lt;tr&gt;
         &lt;td&gt;Displacement&lt;/td&gt;
         &lt;td&gt;&amp;#x394;x&lt;/td&gt;
         &lt;td&gt;&amp;#x2014;&lt;/td&gt;
         &lt;td&gt;not needed&lt;/td&gt;
       &lt;/tr&gt;
       &lt;tr&gt;
         &lt;td&gt;Initial speed&lt;/td&gt;
         &lt;td&gt;vi&lt;/td&gt;
         &lt;td&gt;27.0 m/s&lt;/td&gt;
         &lt;td&gt;Explicit&lt;/td&gt;
       &lt;/tr&gt;
       &lt;tr&gt;
         &lt;td&gt;Final speed&lt;/td&gt;
         &lt;td&gt;vf&lt;/td&gt;
         &lt;td&gt;0.0 m/s&lt;/td&gt;
         &lt;td&gt;Implicit (stops)&lt;/td&gt;
       &lt;/tr&gt;
       &lt;tr&gt;
         &lt;td&gt;Acceleration&lt;/td&gt;
         &lt;td&gt;a&lt;/td&gt;
         &lt;td&gt;?&lt;/td&gt;
         &lt;td&gt;Solve for&lt;/td&gt;
       &lt;/tr&gt;
       &lt;tr&gt;
         &lt;td&gt;Time interval&lt;/td&gt;
         &lt;td&gt;t&lt;/td&gt;
         &lt;td&gt;4.5 s&lt;/td&gt;
         &lt;td&gt;Explicit&lt;/td&gt;
       &lt;/tr&gt;
     &lt;/tbody&gt;
   &lt;/table&gt;
&lt;/p&gt;
&lt;p&gt;3) Equation choice
 &lt;br /&gt;
&lt;math xmlns="http://www.w3.org/1998/Math/MathML" display="inline"&gt;&lt;mrow&gt;&lt;msub&gt;&lt;mi&gt;v&lt;/mi&gt;&lt;mi&gt;f&lt;/mi&gt;&lt;/msub&gt;&lt;mo&gt;&amp;#x0003D;&lt;/mo&gt;&lt;msub&gt;&lt;mi&gt;v&lt;/mi&gt;&lt;mi&gt;i&lt;/mi&gt;&lt;/msub&gt;&lt;mo&gt;&amp;#x0002B;&lt;/mo&gt;&lt;mi&gt;a&lt;/mi&gt;&lt;mi&gt;t&lt;/mi&gt;&lt;/mrow&gt;&lt;/math&gt;&lt;/p&gt;
&lt;p&gt;.&lt;/p&gt;
&lt;p&gt;4) Algebra
 &lt;br /&gt;
&lt;math xmlns="http://www.w3.org/1998/Math/MathML" display="inline"&gt;&lt;mrow&gt;&lt;mi&gt;a&lt;/mi&gt;&lt;mo&gt;&amp;#x0003D;&lt;/mo&gt;&lt;mstyle displaystyle="true" scriptlevel="0"&gt;&lt;mfrac&gt;&lt;mrow&gt;&lt;msub&gt;&lt;mi&gt;v&lt;/mi&gt;&lt;mi&gt;f&lt;/mi&gt;&lt;/msub&gt;&lt;mo&gt;&amp;#x02212;&lt;/mo&gt;&lt;msub&gt;&lt;mi&gt;v&lt;/mi&gt;&lt;mi&gt;i&lt;/mi&gt;&lt;/msub&gt;&lt;/mrow&gt;&lt;mrow&gt;&lt;mi&gt;t&lt;/mi&gt;&lt;/mrow&gt;&lt;/mfrac&gt;&lt;/mstyle&gt;&lt;/mrow&gt;&lt;/math&gt;&lt;/p&gt;
&lt;p&gt;.&lt;/p&gt;
&lt;p&gt;5) Numbers &amp;amp; units
 &lt;br /&gt;
&lt;math xmlns="http://www.w3.org/1998/Math/MathML" display="inline"&gt;&lt;mrow&gt;&lt;mi&gt;a&lt;/mi&gt;&lt;mo&gt;&amp;#x0003D;&lt;/mo&gt;&lt;mstyle displaystyle="true" scriptlevel="0"&gt;&lt;mfrac&gt;&lt;mrow&gt;&lt;mn&gt;0.0&lt;/mn&gt;&lt;mo&gt;&amp;#x02212;&lt;/mo&gt;&lt;mn&gt;27.0&lt;/mn&gt;&lt;/mrow&gt;&lt;mrow&gt;&lt;mn&gt;4.5&lt;/mn&gt;&lt;/mrow&gt;&lt;/mfrac&gt;&lt;/mstyle&gt;&lt;mspace width="0.167em" /&gt;&lt;msup&gt;&lt;mtext&gt;m/s&lt;/mtext&gt;&lt;mn&gt;2&lt;/mn&gt;&lt;/msup&gt;&lt;mo&gt;&amp;#x0003D;&lt;/mo&gt;&lt;mo&gt;&amp;#x02212;&lt;/mo&gt;&lt;mn&gt;6.0&lt;/mn&gt;&lt;mspace width="0.167em" /&gt;&lt;msup&gt;&lt;mtext&gt;m/s&lt;/mtext&gt;&lt;mn&gt;2&lt;/mn&gt;&lt;/msup&gt;&lt;/mrow&gt;&lt;/math&gt;&lt;/p&gt;
&lt;p&gt;. Magnitude: 
&lt;math xmlns="http://www.w3.org/1998/Math/MathML" display="inline"&gt;&lt;mrow&gt;&lt;mn&gt;6.0&lt;/mn&gt;&lt;mspace width="0.167em" /&gt;&lt;msup&gt;&lt;mtext&gt;m/s&lt;/mtext&gt;&lt;mn&gt;2&lt;/mn&gt;&lt;/msup&gt;&lt;/mrow&gt;&lt;/math&gt;&lt;/p&gt;
&lt;p&gt;.&lt;/p&gt;
&lt;p&gt;Answer: &lt;math xmlns="http://www.w3.org/1998/Math/MathML" display="inline"&gt;&lt;mrow&gt;&lt;mn&gt;6.0&lt;/mn&gt;&lt;mtext&gt;&amp;#x000A0;&lt;/mtext&gt;&lt;msup&gt;&lt;mtext&gt;m/s&lt;/mtext&gt;&lt;mn&gt;2&lt;/mn&gt;&lt;/msup&gt;&lt;/mrow&gt;&lt;/math&gt; (magnitude).&lt;/p&gt;</mattext>
            </material>
          </flow_mat>
        </itemfeedback>
        <itemfeedback ident="correct_fb">
          <flow_mat>
            <material>
              <mattext texttype="text/plain">&lt;p&gt;Good job&amp;#x21;&lt;/p&gt;</mattext>
            </material>
          </flow_mat>
        </itemfeedback>
        <itemfeedback ident="general_incorrect_fb">
          <flow_mat>
            <material>
              <mattext texttype="text/plain">&lt;p&gt;Try again&amp;#x21;&lt;/p&gt;</mattext>
            </material>
          </flow_mat>
        </itemfeedback>
      </item>
      <item ident="q04" title="Everyday Moment 04">
        <itemmetadata>
          <qtimetadata>
            <qtimetadatafield>
              <fieldlabel>question_type</fieldlabel>
              <fieldentry>numerical_question</fieldentry>
            </qtimetadatafield>
          </qtimetadata>
        </itemmetadata>
        <presentation>
          <material>
            <mattext texttype="text/plain">&lt;p&gt;A car going 27 m/s (60 mph) sees a stop sign and brakes to a halt. It travels about 91 meters during the braking. How many seconds did the braking last?&lt;/p&gt;</mattext>
          </material>
          <response_str ident="RESPONSE_q04" rcardinality="Single">
            <render_fib fibtype="Decimal" prompt="Box">
              <response_label ident="answer"/>
            </render_fib>
          </response_str>
        </presentation>
        <resprocessing>
          <outcomes>
            <decvar maxvalue="1" minvalue="0" varname="SCORE" vartype="Decimal"/>
          </outcomes>
          <respcondition continue="No">
            <conditionvar>
              <or>
                <varequal respident="RESPONSE_q04" margin="5" margintype="percent">6.75</varequal>
                <and>
                  <vargte respident="RESPONSE_q04">6.4125</vargte>
                  <varlte respident="RESPONSE_q04">7.0875</varlte>
                </and>
              </or>
            </conditionvar>
            <setvar varname="SCORE" action="Set">1</setvar>
            <displayfeedback feedbacktype="Response" linkrefid="correct"/>
          </respcondition>
        </resprocessing>
        <itemfeedback ident="general_fb">
          <flow_mat>
            <material>
              <mattext texttype="text/plain">&lt;p&gt;1) Physics &amp;amp; task
   Constant-acceleration braking. The car at 27.0 m/s comes to rest over 91.13 m. Find the braking time.&lt;/p&gt;
&lt;p&gt;2) Kinematic table
 &lt;br /&gt;
&lt;table&gt;
     &lt;thead&gt;
       &lt;tr&gt;
         &lt;th&gt;Quantity&lt;/th&gt;
         &lt;th&gt;Symbol&lt;/th&gt;
         &lt;th&gt;Value&lt;/th&gt;
         &lt;th&gt;Given?&lt;/th&gt;
       &lt;/tr&gt;
     &lt;/thead&gt;
     &lt;tbody&gt;
       &lt;tr&gt;
         &lt;td&gt;Displacement&lt;/td&gt;
         &lt;td&gt;&amp;#x394;x&lt;/td&gt;
         &lt;td&gt;91.13 m&lt;/td&gt;
         &lt;td&gt;Explicit&lt;/td&gt;
       &lt;/tr&gt;
       &lt;tr&gt;
         &lt;td&gt;Initial speed&lt;/td&gt;
         &lt;td&gt;vi&lt;/td&gt;
         &lt;td&gt;27.0 m/s&lt;/td&gt;
         &lt;td&gt;Explicit&lt;/td&gt;
       &lt;/tr&gt;
       &lt;tr&gt;
         &lt;td&gt;Final speed&lt;/td&gt;
         &lt;td&gt;vf&lt;/td&gt;
         &lt;td&gt;0.0 m/s&lt;/td&gt;
         &lt;td&gt;Implicit&lt;/td&gt;
       &lt;/tr&gt;
       &lt;tr&gt;
         &lt;td&gt;Acceleration&lt;/td&gt;
         &lt;td&gt;a&lt;/td&gt;
         &lt;td&gt;&amp;#x2014;&lt;/td&gt;
         &lt;td&gt;not needed&lt;/td&gt;
       &lt;/tr&gt;
       &lt;tr&gt;
         &lt;td&gt;Time interval&lt;/td&gt;
         &lt;td&gt;t&lt;/td&gt;
         &lt;td&gt;?&lt;/td&gt;
         &lt;td&gt;Solve for&lt;/td&gt;
       &lt;/tr&gt;
     &lt;/tbody&gt;
   &lt;/table&gt;
&lt;/p&gt;
&lt;p&gt;3) Equation choice
 &lt;br /&gt;
&lt;math xmlns="http://www.w3.org/1998/Math/MathML" display="inline"&gt;&lt;mrow&gt;&lt;mi&gt;&amp;#x00394;&lt;/mi&gt;&lt;mi&gt;x&lt;/mi&gt;&lt;mo&gt;&amp;#x0003D;&lt;/mo&gt;&lt;mstyle displaystyle="true" scriptlevel="0"&gt;&lt;mfrac&gt;&lt;mrow&gt;&lt;msub&gt;&lt;mi&gt;v&lt;/mi&gt;&lt;mi&gt;i&lt;/mi&gt;&lt;/msub&gt;&lt;mo&gt;&amp;#x0002B;&lt;/mo&gt;&lt;msub&gt;&lt;mi&gt;v&lt;/mi&gt;&lt;mi&gt;f&lt;/mi&gt;&lt;/msub&gt;&lt;/mrow&gt;&lt;mrow&gt;&lt;mn&gt;2&lt;/mn&gt;&lt;/mrow&gt;&lt;/mfrac&gt;&lt;/mstyle&gt;&lt;mspace width="0.167em" /&gt;&lt;mi&gt;t&lt;/mi&gt;&lt;/mrow&gt;&lt;/math&gt;&lt;/p&gt;
&lt;p&gt;.&lt;/p&gt;
&lt;p&gt;4) Algebra
 &lt;br /&gt;
&lt;math xmlns="http://www.w3.org/1998/Math/MathML" display="inline"&gt;&lt;mrow&gt;&lt;mi&gt;t&lt;/mi&gt;&lt;mo&gt;&amp;#x0003D;&lt;/mo&gt;&lt;mstyle displaystyle="true" scriptlevel="0"&gt;&lt;mfrac&gt;&lt;mrow&gt;&lt;mn&gt;2&lt;/mn&gt;&lt;mspace width="0.167em" /&gt;&lt;mi&gt;&amp;#x00394;&lt;/mi&gt;&lt;mi&gt;x&lt;/mi&gt;&lt;/mrow&gt;&lt;mrow&gt;&lt;msub&gt;&lt;mi&gt;v&lt;/mi&gt;&lt;mi&gt;i&lt;/mi&gt;&lt;/msub&gt;&lt;mo&gt;&amp;#x0002B;&lt;/mo&gt;&lt;msub&gt;&lt;mi&gt;v&lt;/mi&gt;&lt;mi&gt;f&lt;/mi&gt;&lt;/msub&gt;&lt;/mrow&gt;&lt;/mfrac&gt;&lt;/mstyle&gt;&lt;/mrow&gt;&lt;/math&gt;&lt;/p&gt;
&lt;p&gt;.&lt;/p&gt;
&lt;p&gt;5) Numbers &amp;amp; units
 &lt;br /&gt;
&lt;math xmlns="http://www.w3.org/1998/Math/MathML" display="inline"&gt;&lt;mrow&gt;&lt;mi&gt;t&lt;/mi&gt;&lt;mo&gt;&amp;#x0003D;&lt;/mo&gt;&lt;mstyle displaystyle="true" scriptlevel="0"&gt;&lt;mfrac&gt;&lt;mrow&gt;&lt;mn&gt;2&lt;/mn&gt;&lt;mo stretchy="false"&gt;&amp;#x00028;&lt;/mo&gt;&lt;mn&gt;91.13&lt;/mn&gt;&lt;mo stretchy="false"&gt;&amp;#x00029;&lt;/mo&gt;&lt;/mrow&gt;&lt;mrow&gt;&lt;mn&gt;27.0&lt;/mn&gt;&lt;mo&gt;&amp;#x0002B;&lt;/mo&gt;&lt;mn&gt;0.0&lt;/mn&gt;&lt;/mrow&gt;&lt;/mfrac&gt;&lt;/mstyle&gt;&lt;mspace width="0.167em" /&gt;&lt;mtext&gt;s&lt;/mtext&gt;&lt;mo&gt;&amp;#x0003D;&lt;/mo&gt;&lt;mstyle displaystyle="true" scriptlevel="0"&gt;&lt;mfrac&gt;&lt;mrow&gt;&lt;mn&gt;182.26&lt;/mn&gt;&lt;/mrow&gt;&lt;mrow&gt;&lt;mn&gt;27.0&lt;/mn&gt;&lt;/mrow&gt;&lt;/mfrac&gt;&lt;/mstyle&gt;&lt;mspace width="0.167em" /&gt;&lt;mtext&gt;s&lt;/mtext&gt;&lt;mo&gt;&amp;#x02248;&lt;/mo&gt;&lt;mn&gt;6.75&lt;/mn&gt;&lt;mspace width="0.167em" /&gt;&lt;mtext&gt;s&lt;/mtext&gt;&lt;/mrow&gt;&lt;/math&gt;&lt;/p&gt;
&lt;p&gt;.&lt;/p&gt;
&lt;p&gt;Answer: &lt;math xmlns="http://www.w3.org/1998/Math/MathML" display="inline"&gt;&lt;mrow&gt;&lt;mn&gt;6.75&lt;/mn&gt;&lt;mtext&gt;&amp;#x000A0;&lt;/mtext&gt;&lt;mtext&gt;s&lt;/mtext&gt;&lt;/mrow&gt;&lt;/math&gt;.&lt;/p&gt;</mattext>
            </material>
          </flow_mat>
        </itemfeedback>
        <itemfeedback ident="correct_fb">
          <flow_mat>
            <material>
              <mattext texttype="text/plain">&lt;p&gt;Good job&amp;#x21;&lt;/p&gt;</mattext>
            </material>
          </flow_mat>
        </itemfeedback>
        <itemfeedback ident="general_incorrect_fb">
          <flow_mat>
            <material>
              <mattext texttype="text/plain">&lt;p&gt;Try again&amp;#x21;&lt;/p&gt;</mattext>
            </material>
          </flow_mat>
        </itemfeedback>
      </item>
      <item ident="q05" title="Everyday Moment 05">
        <itemmetadata>
          <qtimetadata>
            <qtimetadatafield>
              <fieldlabel>question_type</fieldlabel>
              <fieldentry>numerical_question</fieldentry>
            </qtimetadatafield>
          </qtimetadata>
        </itemmetadata>
        <presentation>
          <material>
            <mattext texttype="text/plain">&lt;p&gt;A skier glides straight down a gentle slope. Pushing off with a small start speed of 2.0 m/s&amp;#x2C; the skier travels 22.5 meters in 5.0 seconds. What speed is the skier moving at the end of that time?&lt;/p&gt;</mattext>
          </material>
          <response_str ident="RESPONSE_q05" rcardinality="Single">
            <render_fib fibtype="Decimal" prompt="Box">
              <response_label ident="answer"/>
            </render_fib>
          </response_str>
        </presentation>
        <resprocessing>
          <outcomes>
            <decvar maxvalue="1" minvalue="0" varname="SCORE" vartype="Decimal"/>
          </outcomes>
          <respcondition continue="No">
            <conditionvar>
              <or>
                <varequal respident="RESPONSE_q05" margin="5" margintype="percent">7.0</varequal>
                <and>
                  <vargte respident="RESPONSE_q05">6.65</vargte>
                  <varlte respident="RESPONSE_q05">7.35</varlte>
                </and>
              </or>
            </conditionvar>
            <setvar varname="SCORE" action="Set">1</setvar>
            <displayfeedback feedbacktype="Response" linkrefid="correct"/>
          </respcondition>
        </resprocessing>
        <itemfeedback ident="general_fb">
          <flow_mat>
            <material>
              <mattext texttype="text/plain">&lt;p&gt;1) Physics &amp;amp; task
   Constant acceleration along the slope. The skier starts with 2.0 m/s&amp;#x2C; travels 22.5 m in 5.0 s. Find the speed at the end (magnitude along the slope).&lt;/p&gt;
&lt;p&gt;2) Kinematic table
 &lt;br /&gt;
&lt;table&gt;
     &lt;thead&gt;
       &lt;tr&gt;
         &lt;th&gt;Quantity&lt;/th&gt;
         &lt;th&gt;Symbol&lt;/th&gt;
         &lt;th&gt;Value&lt;/th&gt;
         &lt;th&gt;Given?&lt;/th&gt;
       &lt;/tr&gt;
     &lt;/thead&gt;
     &lt;tbody&gt;
       &lt;tr&gt;
         &lt;td&gt;Displacement&lt;/td&gt;
         &lt;td&gt;&amp;#x394;x&lt;/td&gt;
         &lt;td&gt;22.5 m&lt;/td&gt;
         &lt;td&gt;Explicit&lt;/td&gt;
       &lt;/tr&gt;
       &lt;tr&gt;
         &lt;td&gt;Initial speed&lt;/td&gt;
         &lt;td&gt;vi&lt;/td&gt;
         &lt;td&gt;2.0 m/s&lt;/td&gt;
         &lt;td&gt;Explicit&lt;/td&gt;
       &lt;/tr&gt;
       &lt;tr&gt;
         &lt;td&gt;Final speed&lt;/td&gt;
         &lt;td&gt;vf&lt;/td&gt;
         &lt;td&gt;?&lt;/td&gt;
         &lt;td&gt;Solve for&lt;/td&gt;
       &lt;/tr&gt;
       &lt;tr&gt;
         &lt;td&gt;Acceleration&lt;/td&gt;
         &lt;td&gt;a&lt;/td&gt;
         &lt;td&gt;&amp;#x2014;&lt;/td&gt;
         &lt;td&gt;not needed&lt;/td&gt;
       &lt;/tr&gt;
       &lt;tr&gt;
         &lt;td&gt;Time interval&lt;/td&gt;
         &lt;td&gt;t&lt;/td&gt;
         &lt;td&gt;5.0 s&lt;/td&gt;
         &lt;td&gt;Explicit&lt;/td&gt;
       &lt;/tr&gt;
     &lt;/tbody&gt;
   &lt;/table&gt;
&lt;/p&gt;
&lt;p&gt;3) Equation choice
 &lt;br /&gt;
&lt;math xmlns="http://www.w3.org/1998/Math/MathML" display="inline"&gt;&lt;mrow&gt;&lt;mi&gt;&amp;#x00394;&lt;/mi&gt;&lt;mi&gt;x&lt;/mi&gt;&lt;mo&gt;&amp;#x0003D;&lt;/mo&gt;&lt;mstyle displaystyle="true" scriptlevel="0"&gt;&lt;mfrac&gt;&lt;mrow&gt;&lt;msub&gt;&lt;mi&gt;v&lt;/mi&gt;&lt;mi&gt;i&lt;/mi&gt;&lt;/msub&gt;&lt;mo&gt;&amp;#x0002B;&lt;/mo&gt;&lt;msub&gt;&lt;mi&gt;v&lt;/mi&gt;&lt;mi&gt;f&lt;/mi&gt;&lt;/msub&gt;&lt;/mrow&gt;&lt;mrow&gt;&lt;mn&gt;2&lt;/mn&gt;&lt;/mrow&gt;&lt;/mfrac&gt;&lt;/mstyle&gt;&lt;mspace width="0.167em" /&gt;&lt;mi&gt;t&lt;/mi&gt;&lt;/mrow&gt;&lt;/math&gt;&lt;/p&gt;
&lt;p&gt;.&lt;/p&gt;
&lt;p&gt;4) Algebra
 &lt;br /&gt;
&lt;math xmlns="http://www.w3.org/1998/Math/MathML" display="inline"&gt;&lt;mrow&gt;&lt;msub&gt;&lt;mi&gt;v&lt;/mi&gt;&lt;mi&gt;f&lt;/mi&gt;&lt;/msub&gt;&lt;mo&gt;&amp;#x0003D;&lt;/mo&gt;&lt;mstyle displaystyle="true" scriptlevel="0"&gt;&lt;mfrac&gt;&lt;mrow&gt;&lt;mn&gt;2&lt;/mn&gt;&lt;mspace width="0.167em" /&gt;&lt;mi&gt;&amp;#x00394;&lt;/mi&gt;&lt;mi&gt;x&lt;/mi&gt;&lt;/mrow&gt;&lt;mrow&gt;&lt;mi&gt;t&lt;/mi&gt;&lt;/mrow&gt;&lt;/mfrac&gt;&lt;/mstyle&gt;&lt;mo&gt;&amp;#x02212;&lt;/mo&gt;&lt;msub&gt;&lt;mi&gt;v&lt;/mi&gt;&lt;mi&gt;i&lt;/mi&gt;&lt;/msub&gt;&lt;/mrow&gt;&lt;/math&gt;&lt;/p&gt;
&lt;p&gt;.&lt;/p&gt;
&lt;p&gt;5) Numbers &amp;amp; units
 &lt;br /&gt;
&lt;math xmlns="http://www.w3.org/1998/Math/MathML" display="inline"&gt;&lt;mrow&gt;&lt;msub&gt;&lt;mi&gt;v&lt;/mi&gt;&lt;mi&gt;f&lt;/mi&gt;&lt;/msub&gt;&lt;mo&gt;&amp;#x0003D;&lt;/mo&gt;&lt;mstyle displaystyle="true" scriptlevel="0"&gt;&lt;mfrac&gt;&lt;mrow&gt;&lt;mn&gt;2&lt;/mn&gt;&lt;mo stretchy="false"&gt;&amp;#x00028;&lt;/mo&gt;&lt;mn&gt;22.5&lt;/mn&gt;&lt;mo stretchy="false"&gt;&amp;#x00029;&lt;/mo&gt;&lt;/mrow&gt;&lt;mrow&gt;&lt;mn&gt;5.0&lt;/mn&gt;&lt;/mrow&gt;&lt;/mfrac&gt;&lt;/mstyle&gt;&lt;mo&gt;&amp;#x02212;&lt;/mo&gt;&lt;mn&gt;2.0&lt;/mn&gt;&lt;mo&gt;&amp;#x0003D;&lt;/mo&gt;&lt;mn&gt;9.0&lt;/mn&gt;&lt;mo&gt;&amp;#x02212;&lt;/mo&gt;&lt;mn&gt;2.0&lt;/mn&gt;&lt;mo&gt;&amp;#x0003D;&lt;/mo&gt;&lt;mn&gt;7.0&lt;/mn&gt;&lt;mtext&gt;&amp;#x000A0;&lt;/mtext&gt;&lt;mtext&gt;m/s&lt;/mtext&gt;&lt;/mrow&gt;&lt;/math&gt;&lt;/p&gt;
&lt;p&gt;.&lt;/p&gt;
&lt;p&gt;Answer: &lt;math xmlns="http://www.w3.org/1998/Math/MathML" display="inline"&gt;&lt;mrow&gt;&lt;mn&gt;7.0&lt;/mn&gt;&lt;mtext&gt;&amp;#x000A0;&lt;/mtext&gt;&lt;mtext&gt;m/s&lt;/mtext&gt;&lt;/mrow&gt;&lt;/math&gt;.&lt;/p&gt;</mattext>
            </material>
          </flow_mat>
        </itemfeedback>
        <itemfeedback ident="correct_fb">
          <flow_mat>
            <material>
              <mattext texttype="text/plain">&lt;p&gt;Good job&amp;#x21;&lt;/p&gt;</mattext>
            </material>
          </flow_mat>
        </itemfeedback>
        <itemfeedback ident="general_incorrect_fb">
          <flow_mat>
            <material>
              <mattext texttype="text/plain">&lt;p&gt;Try again&amp;#x21;&lt;/p&gt;</mattext>
            </material>
          </flow_mat>
        </itemfeedback>
      </item>
      <item ident="q06" title="Everyday Moment 06">
        <itemmetadata>
          <qtimetadata>
            <qtimetadatafield>
              <fieldlabel>question_type</fieldlabel>
              <fieldentry>numerical_question</fieldentry>
            </qtimetadatafield>
          </qtimetadata>
        </itemmetadata>
        <presentation>
          <material>
            <mattext texttype="text/plain">&lt;p&gt;Another skier begins with a 1.5 m/s glide and after 6.0 seconds of steady speeding up&amp;#x2C; is moving at 6.3 m/s. What was the steady rate of speed increase on the slope?&lt;/p&gt;</mattext>
          </material>
          <response_str ident="RESPONSE_q06" rcardinality="Single">
            <render_fib fibtype="Decimal" prompt="Box">
              <response_label ident="answer"/>
            </render_fib>
          </response_str>
        </presentation>
        <resprocessing>
          <outcomes>
            <decvar maxvalue="1" minvalue="0" varname="SCORE" vartype="Decimal"/>
          </outcomes>
          <respcondition continue="No">
            <conditionvar>
              <or>
                <varequal respident="RESPONSE_q06" margin="5" margintype="percent">0.8</varequal>
                <and>
                  <vargte respident="RESPONSE_q06">0.76</vargte>
                  <varlte respident="RESPONSE_q06">0.8400000000000001</varlte>
                </and>
              </or>
            </conditionvar>
            <setvar varname="SCORE" action="Set">1</setvar>
            <displayfeedback feedbacktype="Response" linkrefid="correct"/>
          </respcondition>
        </resprocessing>
        <itemfeedback ident="general_fb">
          <flow_mat>
            <material>
              <mattext texttype="text/plain">&lt;p&gt;1) Physics &amp;amp; task
   Constant acceleration along the slope. Starts at 1.5 m/s&amp;#x2C; after 6.0 s is moving 6.3 m/s. Find the steady rate of speed increase (acceleration magnitude).&lt;/p&gt;
&lt;p&gt;2) Kinematic table
 &lt;br /&gt;
&lt;table&gt;
     &lt;thead&gt;
       &lt;tr&gt;
         &lt;th&gt;Quantity&lt;/th&gt;
         &lt;th&gt;Symbol&lt;/th&gt;
         &lt;th&gt;Value&lt;/th&gt;
         &lt;th&gt;Given?&lt;/th&gt;
       &lt;/tr&gt;
     &lt;/thead&gt;
     &lt;tbody&gt;
       &lt;tr&gt;
         &lt;td&gt;Displacement&lt;/td&gt;
         &lt;td&gt;&amp;#x394;x&lt;/td&gt;
         &lt;td&gt;&amp;#x2014;&lt;/td&gt;
         &lt;td&gt;not needed&lt;/td&gt;
       &lt;/tr&gt;
       &lt;tr&gt;
         &lt;td&gt;Initial speed&lt;/td&gt;
         &lt;td&gt;vi&lt;/td&gt;
         &lt;td&gt;1.5 m/s&lt;/td&gt;
         &lt;td&gt;Explicit&lt;/td&gt;
       &lt;/tr&gt;
       &lt;tr&gt;
         &lt;td&gt;Final speed&lt;/td&gt;
         &lt;td&gt;vf&lt;/td&gt;
         &lt;td&gt;6.3 m/s&lt;/td&gt;
         &lt;td&gt;Explicit&lt;/td&gt;
       &lt;/tr&gt;
       &lt;tr&gt;
         &lt;td&gt;Acceleration&lt;/td&gt;
         &lt;td&gt;a&lt;/td&gt;
         &lt;td&gt;?&lt;/td&gt;
         &lt;td&gt;Solve for&lt;/td&gt;
       &lt;/tr&gt;
       &lt;tr&gt;
         &lt;td&gt;Time interval&lt;/td&gt;
         &lt;td&gt;t&lt;/td&gt;
         &lt;td&gt;6.0 s&lt;/td&gt;
         &lt;td&gt;Explicit&lt;/td&gt;
       &lt;/tr&gt;
     &lt;/tbody&gt;
   &lt;/table&gt;
&lt;/p&gt;
&lt;p&gt;3) Equation choice
 &lt;br /&gt;
&lt;math xmlns="http://www.w3.org/1998/Math/MathML" display="inline"&gt;&lt;mrow&gt;&lt;msub&gt;&lt;mi&gt;v&lt;/mi&gt;&lt;mi&gt;f&lt;/mi&gt;&lt;/msub&gt;&lt;mo&gt;&amp;#x0003D;&lt;/mo&gt;&lt;msub&gt;&lt;mi&gt;v&lt;/mi&gt;&lt;mi&gt;i&lt;/mi&gt;&lt;/msub&gt;&lt;mo&gt;&amp;#x0002B;&lt;/mo&gt;&lt;mi&gt;a&lt;/mi&gt;&lt;mi&gt;t&lt;/mi&gt;&lt;/mrow&gt;&lt;/math&gt;&lt;/p&gt;
&lt;p&gt;.&lt;/p&gt;
&lt;p&gt;4) Algebra
 &lt;br /&gt;
&lt;math xmlns="http://www.w3.org/1998/Math/MathML" display="inline"&gt;&lt;mrow&gt;&lt;mi&gt;a&lt;/mi&gt;&lt;mo&gt;&amp;#x0003D;&lt;/mo&gt;&lt;mstyle displaystyle="true" scriptlevel="0"&gt;&lt;mfrac&gt;&lt;mrow&gt;&lt;msub&gt;&lt;mi&gt;v&lt;/mi&gt;&lt;mi&gt;f&lt;/mi&gt;&lt;/msub&gt;&lt;mo&gt;&amp;#x02212;&lt;/mo&gt;&lt;msub&gt;&lt;mi&gt;v&lt;/mi&gt;&lt;mi&gt;i&lt;/mi&gt;&lt;/msub&gt;&lt;/mrow&gt;&lt;mrow&gt;&lt;mi&gt;t&lt;/mi&gt;&lt;/mrow&gt;&lt;/mfrac&gt;&lt;/mstyle&gt;&lt;/mrow&gt;&lt;/math&gt;&lt;/p&gt;
&lt;p&gt;.&lt;/p&gt;
&lt;p&gt;5) Numbers &amp;amp; units
 &lt;br /&gt;
&lt;math xmlns="http://www.w3.org/1998/Math/MathML" display="inline"&gt;&lt;mrow&gt;&lt;mi&gt;a&lt;/mi&gt;&lt;mo&gt;&amp;#x0003D;&lt;/mo&gt;&lt;mstyle displaystyle="true" scriptlevel="0"&gt;&lt;mfrac&gt;&lt;mrow&gt;&lt;mn&gt;6.3&lt;/mn&gt;&lt;mo&gt;&amp;#x02212;&lt;/mo&gt;&lt;mn&gt;1.5&lt;/mn&gt;&lt;/mrow&gt;&lt;mrow&gt;&lt;mn&gt;6.0&lt;/mn&gt;&lt;/mrow&gt;&lt;/mfrac&gt;&lt;/mstyle&gt;&lt;mspace width="0.167em" /&gt;&lt;msup&gt;&lt;mtext&gt;m/s&lt;/mtext&gt;&lt;mn&gt;2&lt;/mn&gt;&lt;/msup&gt;&lt;mo&gt;&amp;#x0003D;&lt;/mo&gt;&lt;mstyle displaystyle="true" scriptlevel="0"&gt;&lt;mfrac&gt;&lt;mrow&gt;&lt;mn&gt;4.8&lt;/mn&gt;&lt;/mrow&gt;&lt;mrow&gt;&lt;mn&gt;6.0&lt;/mn&gt;&lt;/mrow&gt;&lt;/mfrac&gt;&lt;/mstyle&gt;&lt;mspace width="0.167em" /&gt;&lt;msup&gt;&lt;mtext&gt;m/s&lt;/mtext&gt;&lt;mn&gt;2&lt;/mn&gt;&lt;/msup&gt;&lt;mo&gt;&amp;#x0003D;&lt;/mo&gt;&lt;mn&gt;0.80&lt;/mn&gt;&lt;mspace width="0.167em" /&gt;&lt;msup&gt;&lt;mtext&gt;m/s&lt;/mtext&gt;&lt;mn&gt;2&lt;/mn&gt;&lt;/msup&gt;&lt;/mrow&gt;&lt;/math&gt;&lt;/p&gt;
&lt;p&gt;.&lt;/p&gt;
&lt;p&gt;Answer: &lt;math xmlns="http://www.w3.org/1998/Math/MathML" display="inline"&gt;&lt;mrow&gt;&lt;mn&gt;0.80&lt;/mn&gt;&lt;mtext&gt;&amp;#x000A0;&lt;/mtext&gt;&lt;msup&gt;&lt;mtext&gt;m/s&lt;/mtext&gt;&lt;mn&gt;2&lt;/mn&gt;&lt;/msup&gt;&lt;/mrow&gt;&lt;/math&gt;.&lt;/p&gt;</mattext>
            </material>
          </flow_mat>
        </itemfeedback>
        <itemfeedback ident="correct_fb">
          <flow_mat>
            <material>
              <mattext texttype="text/plain">&lt;p&gt;Good job&amp;#x21;&lt;/p&gt;</mattext>
            </material>
          </flow_mat>
        </itemfeedback>
        <itemfeedback ident="general_incorrect_fb">
          <flow_mat>
            <material>
              <mattext texttype="text/plain">&lt;p&gt;Try again&amp;#x21;&lt;/p&gt;</mattext>
            </material>
          </flow_mat>
        </itemfeedback>
      </item>
      <item ident="q07" title="Everyday Moment 07">
        <itemmetadata>
          <qtimetadata>
            <qtimetadatafield>
              <fieldlabel>question_type</fieldlabel>
              <fieldentry>numerical_question</fieldentry>
            </qtimetadatafield>
          </qtimetadata>
        </itemmetadata>
        <presentation>
          <material>
            <mattext texttype="text/plain">&lt;p&gt;A student tosses a ball straight up with an initial push that makes it rise at 6.0 m/s. The ball slows down steadily under gravity until it momentarily stops at the very top. How much time passes from the toss until the ball reaches that peak?&lt;/p&gt;</mattext>
          </material>
          <response_str ident="RESPONSE_q07" rcardinality="Single">
            <render_fib fibtype="Decimal" prompt="Box">
              <response_label ident="answer"/>
            </render_fib>
          </response_str>
        </presentation>
        <resprocessing>
          <outcomes>
            <decvar maxvalue="1" minvalue="0" varname="SCORE" vartype="Decimal"/>
          </outcomes>
          <respcondition continue="No">
            <conditionvar>
              <or>
                <varequal respident="RESPONSE_q07" margin="5" margintype="percent">0.61</varequal>
                <and>
                  <vargte respident="RESPONSE_q07">0.5795</vargte>
                  <varlte respident="RESPONSE_q07">0.6405</varlte>
                </and>
              </or>
            </conditionvar>
            <setvar varname="SCORE" action="Set">1</setvar>
            <displayfeedback feedbacktype="Response" linkrefid="correct"/>
          </respcondition>
        </resprocessing>
        <itemfeedback ident="general_fb">
          <flow_mat>
            <material>
              <mattext texttype="text/plain">&lt;p&gt;1) Physics &amp;amp; task
   Vertical straight-line motion under constant gravity. Tossed upward at 6.0 m/s&amp;#x2C; slows until it stops at the peak (so final speed at the top is implicitly 0 m/s). Find the time to the top.&lt;/p&gt;
&lt;p&gt;2) Kinematic table
 &lt;br /&gt;
&lt;table&gt;
     &lt;thead&gt;
       &lt;tr&gt;
         &lt;th&gt;Quantity&lt;/th&gt;
         &lt;th&gt;Symbol&lt;/th&gt;
         &lt;th&gt;Value&lt;/th&gt;
         &lt;th&gt;Given?&lt;/th&gt;
       &lt;/tr&gt;
     &lt;/thead&gt;
     &lt;tbody&gt;
       &lt;tr&gt;
         &lt;td&gt;Displacement&lt;/td&gt;
         &lt;td&gt;&amp;#x394;x&lt;/td&gt;
         &lt;td&gt;&amp;#x2014;&lt;/td&gt;
         &lt;td&gt;not needed&lt;/td&gt;
       &lt;/tr&gt;
       &lt;tr&gt;
         &lt;td&gt;Initial speed&lt;/td&gt;
         &lt;td&gt;vi&lt;/td&gt;
         &lt;td&gt;6.0 m/s (up)&lt;/td&gt;
         &lt;td&gt;Explicit&lt;/td&gt;
       &lt;/tr&gt;
       &lt;tr&gt;
         &lt;td&gt;Final speed&lt;/td&gt;
         &lt;td&gt;vf&lt;/td&gt;
         &lt;td&gt;0.0 m/s&lt;/td&gt;
         &lt;td&gt;Implicit at peak&lt;/td&gt;
       &lt;/tr&gt;
       &lt;tr&gt;
         &lt;td&gt;Acceleration&lt;/td&gt;
         &lt;td&gt;a&lt;/td&gt;
         &lt;td&gt;-9.8 m/s&amp;#x5E;2&lt;/td&gt;
         &lt;td&gt;Explicit (gravity)&lt;/td&gt;
       &lt;/tr&gt;
       &lt;tr&gt;
         &lt;td&gt;Time interval&lt;/td&gt;
         &lt;td&gt;t&lt;/td&gt;
         &lt;td&gt;?&lt;/td&gt;
         &lt;td&gt;Solve for&lt;/td&gt;
       &lt;/tr&gt;
     &lt;/tbody&gt;
   &lt;/table&gt;
&lt;/p&gt;
&lt;p&gt;3) Equation choice
 &lt;br /&gt;
&lt;math xmlns="http://www.w3.org/1998/Math/MathML" display="inline"&gt;&lt;mrow&gt;&lt;msub&gt;&lt;mi&gt;v&lt;/mi&gt;&lt;mi&gt;f&lt;/mi&gt;&lt;/msub&gt;&lt;mo&gt;&amp;#x0003D;&lt;/mo&gt;&lt;msub&gt;&lt;mi&gt;v&lt;/mi&gt;&lt;mi&gt;i&lt;/mi&gt;&lt;/msub&gt;&lt;mo&gt;&amp;#x0002B;&lt;/mo&gt;&lt;mi&gt;a&lt;/mi&gt;&lt;mi&gt;t&lt;/mi&gt;&lt;/mrow&gt;&lt;/math&gt;&lt;/p&gt;
&lt;p&gt;.&lt;/p&gt;
&lt;p&gt;4) Algebra
 &lt;br /&gt;
&lt;math xmlns="http://www.w3.org/1998/Math/MathML" display="inline"&gt;&lt;mrow&gt;&lt;mi&gt;t&lt;/mi&gt;&lt;mo&gt;&amp;#x0003D;&lt;/mo&gt;&lt;mstyle displaystyle="true" scriptlevel="0"&gt;&lt;mfrac&gt;&lt;mrow&gt;&lt;msub&gt;&lt;mi&gt;v&lt;/mi&gt;&lt;mi&gt;f&lt;/mi&gt;&lt;/msub&gt;&lt;mo&gt;&amp;#x02212;&lt;/mo&gt;&lt;msub&gt;&lt;mi&gt;v&lt;/mi&gt;&lt;mi&gt;i&lt;/mi&gt;&lt;/msub&gt;&lt;/mrow&gt;&lt;mrow&gt;&lt;mi&gt;a&lt;/mi&gt;&lt;/mrow&gt;&lt;/mfrac&gt;&lt;/mstyle&gt;&lt;/mrow&gt;&lt;/math&gt;&lt;/p&gt;
&lt;p&gt;.&lt;/p&gt;
&lt;p&gt;5) Numbers &amp;amp; units
 &lt;br /&gt;
&lt;math xmlns="http://www.w3.org/1998/Math/MathML" display="inline"&gt;&lt;mrow&gt;&lt;mi&gt;t&lt;/mi&gt;&lt;mo&gt;&amp;#x0003D;&lt;/mo&gt;&lt;mstyle displaystyle="true" scriptlevel="0"&gt;&lt;mfrac&gt;&lt;mrow&gt;&lt;mn&gt;0.0&lt;/mn&gt;&lt;mo&gt;&amp;#x02212;&lt;/mo&gt;&lt;mn&gt;6.0&lt;/mn&gt;&lt;/mrow&gt;&lt;mrow&gt;&lt;mo&gt;&amp;#x02212;&lt;/mo&gt;&lt;mn&gt;9.8&lt;/mn&gt;&lt;/mrow&gt;&lt;/mfrac&gt;&lt;/mstyle&gt;&lt;mspace width="0.167em" /&gt;&lt;mtext&gt;s&lt;/mtext&gt;&lt;mo&gt;&amp;#x0003D;&lt;/mo&gt;&lt;mn&gt;0.61&lt;/mn&gt;&lt;mspace width="0.167em" /&gt;&lt;mtext&gt;s&lt;/mtext&gt;&lt;/mrow&gt;&lt;/math&gt;&lt;/p&gt;
&lt;p&gt;.&lt;/p&gt;
&lt;p&gt;Answer: &lt;math xmlns="http://www.w3.org/1998/Math/MathML" display="inline"&gt;&lt;mrow&gt;&lt;mn&gt;0.61&lt;/mn&gt;&lt;mtext&gt;&amp;#x000A0;&lt;/mtext&gt;&lt;mtext&gt;s&lt;/mtext&gt;&lt;/mrow&gt;&lt;/math&gt;.&lt;/p&gt;</mattext>
            </material>
          </flow_mat>
        </itemfeedback>
        <itemfeedback ident="correct_fb">
          <flow_mat>
            <material>
              <mattext texttype="text/plain">&lt;p&gt;Good job&amp;#x21;&lt;/p&gt;</mattext>
            </material>
          </flow_mat>
        </itemfeedback>
        <itemfeedback ident="general_incorrect_fb">
          <flow_mat>
            <material>
              <mattext texttype="text/plain">&lt;p&gt;Try again&amp;#x21;&lt;/p&gt;</mattext>
            </material>
          </flow_mat>
        </itemfeedback>
      </item>
      <item ident="q08" title="Everyday Moment 08">
        <itemmetadata>
          <qtimetadata>
            <qtimetadatafield>
              <fieldlabel>question_type</fieldlabel>
              <fieldentry>numerical_question</fieldentry>
            </qtimetadatafield>
          </qtimetadata>
        </itemmetadata>
        <presentation>
          <material>
            <mattext texttype="text/plain">&lt;p&gt;A ball is tossed upward with a speed of 8.0 m/s. It slows under gravity until it briefly comes to rest at the top of its path. How high above the release point does the ball rise?&lt;/p&gt;</mattext>
          </material>
          <response_str ident="RESPONSE_q08" rcardinality="Single">
            <render_fib fibtype="Decimal" prompt="Box">
              <response_label ident="answer"/>
            </render_fib>
          </response_str>
        </presentation>
        <resprocessing>
          <outcomes>
            <decvar maxvalue="1" minvalue="0" varname="SCORE" vartype="Decimal"/>
          </outcomes>
          <respcondition continue="No">
            <conditionvar>
              <or>
                <varequal respident="RESPONSE_q08" margin="5" margintype="percent">3.27</varequal>
                <and>
                  <vargte respident="RESPONSE_q08">3.1065</vargte>
                  <varlte respident="RESPONSE_q08">3.4335</varlte>
                </and>
              </or>
            </conditionvar>
            <setvar varname="SCORE" action="Set">1</setvar>
            <displayfeedback feedbacktype="Response" linkrefid="correct"/>
          </respcondition>
        </resprocessing>
        <itemfeedback ident="general_fb">
          <flow_mat>
            <material>
              <mattext texttype="text/plain">&lt;p&gt;1) Physics &amp;amp; task
   Vertical straight-line motion under constant gravity. Tossed upward at 8.0 m/s&amp;#x2C; comes to rest at the top (final speed 0). Find the maximum height reached (displacement magnitude from release to peak).&lt;/p&gt;
&lt;p&gt;2) Kinematic table
 &lt;br /&gt;
&lt;table&gt;
     &lt;thead&gt;
       &lt;tr&gt;
         &lt;th&gt;Quantity&lt;/th&gt;
         &lt;th&gt;Symbol&lt;/th&gt;
         &lt;th&gt;Value&lt;/th&gt;
         &lt;th&gt;Given?&lt;/th&gt;
       &lt;/tr&gt;
     &lt;/thead&gt;
     &lt;tbody&gt;
       &lt;tr&gt;
         &lt;td&gt;Displacement&lt;/td&gt;
         &lt;td&gt;&amp;#x394;x&lt;/td&gt;
         &lt;td&gt;?&lt;/td&gt;
         &lt;td&gt;Solve for&lt;/td&gt;
       &lt;/tr&gt;
       &lt;tr&gt;
         &lt;td&gt;Initial speed&lt;/td&gt;
         &lt;td&gt;vi&lt;/td&gt;
         &lt;td&gt;8.0 m/s (up)&lt;/td&gt;
         &lt;td&gt;Explicit&lt;/td&gt;
       &lt;/tr&gt;
       &lt;tr&gt;
         &lt;td&gt;Final speed&lt;/td&gt;
         &lt;td&gt;vf&lt;/td&gt;
         &lt;td&gt;0.0 m/s&lt;/td&gt;
         &lt;td&gt;Implicit&lt;/td&gt;
       &lt;/tr&gt;
       &lt;tr&gt;
         &lt;td&gt;Acceleration&lt;/td&gt;
         &lt;td&gt;a&lt;/td&gt;
         &lt;td&gt;-9.8 m/s&amp;#x5E;2&lt;/td&gt;
         &lt;td&gt;Explicit&lt;/td&gt;
       &lt;/tr&gt;
       &lt;tr&gt;
         &lt;td&gt;Time interval&lt;/td&gt;
         &lt;td&gt;t&lt;/td&gt;
         &lt;td&gt;&amp;#x2014;&lt;/td&gt;
         &lt;td&gt;not needed&lt;/td&gt;
       &lt;/tr&gt;
     &lt;/tbody&gt;
   &lt;/table&gt;
&lt;/p&gt;
&lt;p&gt;3) Equation choice
 &lt;br /&gt;
&lt;math xmlns="http://www.w3.org/1998/Math/MathML" display="inline"&gt;&lt;mrow&gt;&lt;msubsup&gt;&lt;mi&gt;v&lt;/mi&gt;&lt;mi&gt;f&lt;/mi&gt;&lt;mn&gt;2&lt;/mn&gt;&lt;/msubsup&gt;&lt;mo&gt;&amp;#x0003D;&lt;/mo&gt;&lt;msubsup&gt;&lt;mi&gt;v&lt;/mi&gt;&lt;mi&gt;i&lt;/mi&gt;&lt;mn&gt;2&lt;/mn&gt;&lt;/msubsup&gt;&lt;mo&gt;&amp;#x0002B;&lt;/mo&gt;&lt;mn&gt;2&lt;/mn&gt;&lt;mi&gt;a&lt;/mi&gt;&lt;mi&gt;&amp;#x00394;&lt;/mi&gt;&lt;mi&gt;x&lt;/mi&gt;&lt;/mrow&gt;&lt;/math&gt;&lt;/p&gt;
&lt;p&gt;.&lt;/p&gt;
&lt;p&gt;4) Algebra
 &lt;br /&gt;
&lt;math xmlns="http://www.w3.org/1998/Math/MathML" display="inline"&gt;&lt;mrow&gt;&lt;mi&gt;&amp;#x00394;&lt;/mi&gt;&lt;mi&gt;x&lt;/mi&gt;&lt;mo&gt;&amp;#x0003D;&lt;/mo&gt;&lt;mstyle displaystyle="true" scriptlevel="0"&gt;&lt;mfrac&gt;&lt;mrow&gt;&lt;msubsup&gt;&lt;mi&gt;v&lt;/mi&gt;&lt;mi&gt;f&lt;/mi&gt;&lt;mn&gt;2&lt;/mn&gt;&lt;/msubsup&gt;&lt;mo&gt;&amp;#x02212;&lt;/mo&gt;&lt;msubsup&gt;&lt;mi&gt;v&lt;/mi&gt;&lt;mi&gt;i&lt;/mi&gt;&lt;mn&gt;2&lt;/mn&gt;&lt;/msubsup&gt;&lt;/mrow&gt;&lt;mrow&gt;&lt;mn&gt;2&lt;/mn&gt;&lt;mi&gt;a&lt;/mi&gt;&lt;/mrow&gt;&lt;/mfrac&gt;&lt;/mstyle&gt;&lt;/mrow&gt;&lt;/math&gt;&lt;/p&gt;
&lt;p&gt;.&lt;/p&gt;
&lt;p&gt;5) Numbers &amp;amp; units
 &lt;br /&gt;
&lt;math xmlns="http://www.w3.org/1998/Math/MathML" display="inline"&gt;&lt;mrow&gt;&lt;mi&gt;&amp;#x00394;&lt;/mi&gt;&lt;mi&gt;x&lt;/mi&gt;&lt;mo&gt;&amp;#x0003D;&lt;/mo&gt;&lt;mstyle displaystyle="true" scriptlevel="0"&gt;&lt;mfrac&gt;&lt;mrow&gt;&lt;msup&gt;&lt;mn&gt;0.0&lt;/mn&gt;&lt;mn&gt;2&lt;/mn&gt;&lt;/msup&gt;&lt;mo&gt;&amp;#x02212;&lt;/mo&gt;&lt;mo stretchy="false"&gt;&amp;#x00028;&lt;/mo&gt;&lt;mn&gt;8.0&lt;/mn&gt;&lt;msup&gt;&lt;mo stretchy="false"&gt;&amp;#x00029;&lt;/mo&gt;&lt;mn&gt;2&lt;/mn&gt;&lt;/msup&gt;&lt;/mrow&gt;&lt;mrow&gt;&lt;mn&gt;2&lt;/mn&gt;&lt;mo stretchy="false"&gt;&amp;#x00028;&lt;/mo&gt;&lt;mo&gt;&amp;#x02212;&lt;/mo&gt;&lt;mn&gt;9.8&lt;/mn&gt;&lt;mo stretchy="false"&gt;&amp;#x00029;&lt;/mo&gt;&lt;/mrow&gt;&lt;/mfrac&gt;&lt;/mstyle&gt;&lt;mo&gt;&amp;#x0003D;&lt;/mo&gt;&lt;mstyle displaystyle="true" scriptlevel="0"&gt;&lt;mfrac&gt;&lt;mrow&gt;&lt;mo&gt;&amp;#x02212;&lt;/mo&gt;&lt;mn&gt;64&lt;/mn&gt;&lt;/mrow&gt;&lt;mrow&gt;&lt;mo&gt;&amp;#x02212;&lt;/mo&gt;&lt;mn&gt;19.6&lt;/mn&gt;&lt;/mrow&gt;&lt;/mfrac&gt;&lt;/mstyle&gt;&lt;mo&gt;&amp;#x02248;&lt;/mo&gt;&lt;mn&gt;3.27&lt;/mn&gt;&lt;mspace width="0.167em" /&gt;&lt;mtext&gt;m&lt;/mtext&gt;&lt;/mrow&gt;&lt;/math&gt;&lt;/p&gt;
&lt;p&gt;.&lt;/p&gt;
&lt;p&gt;Answer: &lt;math xmlns="http://www.w3.org/1998/Math/MathML" display="inline"&gt;&lt;mrow&gt;&lt;mn&gt;3.27&lt;/mn&gt;&lt;mtext&gt;&amp;#x000A0;&lt;/mtext&gt;&lt;mtext&gt;m&lt;/mtext&gt;&lt;/mrow&gt;&lt;/math&gt;.&lt;/p&gt;</mattext>
            </material>
          </flow_mat>
        </itemfeedback>
        <itemfeedback ident="correct_fb">
          <flow_mat>
            <material>
              <mattext texttype="text/plain">&lt;p&gt;Good job&amp;#x21;&lt;/p&gt;</mattext>
            </material>
          </flow_mat>
        </itemfeedback>
        <itemfeedback ident="general_incorrect_fb">
          <flow_mat>
            <material>
              <mattext texttype="text/plain">&lt;p&gt;Try again&amp;#x21;&lt;/p&gt;</mattext>
            </material>
          </flow_mat>
        </itemfeedback>
      </item>
      <item ident="q09" title="Everyday Moment 09">
        <itemmetadata>
          <qtimetadata>
            <qtimetadatafield>
              <fieldlabel>question_type</fieldlabel>
              <fieldentry>numerical_question</fieldentry>
            </qtimetadatafield>
          </qtimetadata>
        </itemmetadata>
        <presentation>
          <material>
            <mattext texttype="text/plain">&lt;p&gt;A train departs from rest on a straight track and covers about 200 meters while building speed. The trip from the platform to that point takes 28.28 seconds. What was the steady acceleration of the train?&lt;/p&gt;</mattext>
          </material>
          <response_str ident="RESPONSE_q09" rcardinality="Single">
            <render_fib fibtype="Decimal" prompt="Box">
              <response_label ident="answer"/>
            </render_fib>
          </response_str>
        </presentation>
        <resprocessing>
          <outcomes>
            <decvar maxvalue="1" minvalue="0" varname="SCORE" vartype="Decimal"/>
          </outcomes>
          <respcondition continue="No">
            <conditionvar>
              <or>
                <varequal respident="RESPONSE_q09" margin="5" margintype="percent">0.5</varequal>
                <and>
                  <vargte respident="RESPONSE_q09">0.475</vargte>
                  <varlte respident="RESPONSE_q09">0.525</varlte>
                </and>
              </or>
            </conditionvar>
            <setvar varname="SCORE" action="Set">1</setvar>
            <displayfeedback feedbacktype="Response" linkrefid="correct"/>
          </respcondition>
        </resprocessing>
        <itemfeedback ident="general_fb">
          <flow_mat>
            <material>
              <mattext texttype="text/plain">&lt;p&gt;1) Physics &amp;amp; task
   Constant-acceleration start. The train begins from rest&amp;#x2C; travels 200 m in 28.28 s. Find the steady acceleration (magnitude along the track).&lt;/p&gt;
&lt;p&gt;2) Kinematic table
 &lt;br /&gt;
&lt;table&gt;
     &lt;thead&gt;
       &lt;tr&gt;
         &lt;th&gt;Quantity&lt;/th&gt;
         &lt;th&gt;Symbol&lt;/th&gt;
         &lt;th&gt;Value&lt;/th&gt;
         &lt;th&gt;Given?&lt;/th&gt;
       &lt;/tr&gt;
     &lt;/thead&gt;
     &lt;tbody&gt;
       &lt;tr&gt;
         &lt;td&gt;Displacement&lt;/td&gt;
         &lt;td&gt;&amp;#x394;x&lt;/td&gt;
         &lt;td&gt;200 m&lt;/td&gt;
         &lt;td&gt;Explicit&lt;/td&gt;
       &lt;/tr&gt;
       &lt;tr&gt;
         &lt;td&gt;Initial speed&lt;/td&gt;
         &lt;td&gt;vi&lt;/td&gt;
         &lt;td&gt;0.0 m/s&lt;/td&gt;
         &lt;td&gt;Implicit&lt;/td&gt;
       &lt;/tr&gt;
       &lt;tr&gt;
         &lt;td&gt;Final speed&lt;/td&gt;
         &lt;td&gt;vf&lt;/td&gt;
         &lt;td&gt;&amp;#x2014;&lt;/td&gt;
         &lt;td&gt;not needed&lt;/td&gt;
       &lt;/tr&gt;
       &lt;tr&gt;
         &lt;td&gt;Acceleration&lt;/td&gt;
         &lt;td&gt;a&lt;/td&gt;
         &lt;td&gt;?&lt;/td&gt;
         &lt;td&gt;Solve for&lt;/td&gt;
       &lt;/tr&gt;
       &lt;tr&gt;
         &lt;td&gt;Time interval&lt;/td&gt;
         &lt;td&gt;t&lt;/td&gt;
         &lt;td&gt;28.28 s&lt;/td&gt;
         &lt;td&gt;Explicit&lt;/td&gt;
       &lt;/tr&gt;
     &lt;/tbody&gt;
   &lt;/table&gt;
&lt;/p&gt;
&lt;p&gt;3) Equation choice
 &lt;br /&gt;
&lt;math xmlns="http://www.w3.org/1998/Math/MathML" display="inline"&gt;&lt;mrow&gt;&lt;mi&gt;&amp;#x00394;&lt;/mi&gt;&lt;mi&gt;x&lt;/mi&gt;&lt;mo&gt;&amp;#x0003D;&lt;/mo&gt;&lt;msub&gt;&lt;mi&gt;v&lt;/mi&gt;&lt;mi&gt;i&lt;/mi&gt;&lt;/msub&gt;&lt;mi&gt;t&lt;/mi&gt;&lt;mo&gt;&amp;#x0002B;&lt;/mo&gt;&lt;mstyle displaystyle="false" scriptlevel="0"&gt;&lt;mfrac&gt;&lt;mn&gt;1&lt;/mn&gt;&lt;mn&gt;2&lt;/mn&gt;&lt;/mfrac&gt;&lt;/mstyle&gt;&lt;mi&gt;a&lt;/mi&gt;&lt;msup&gt;&lt;mi&gt;t&lt;/mi&gt;&lt;mn&gt;2&lt;/mn&gt;&lt;/msup&gt;&lt;/mrow&gt;&lt;/math&gt;&lt;/p&gt;
&lt;p&gt;; with 
&lt;math xmlns="http://www.w3.org/1998/Math/MathML" display="inline"&gt;&lt;mrow&gt;&lt;msub&gt;&lt;mi&gt;v&lt;/mi&gt;&lt;mi&gt;i&lt;/mi&gt;&lt;/msub&gt;&lt;mo&gt;&amp;#x0003D;&lt;/mo&gt;&lt;mn&gt;0&lt;/mn&gt;&lt;/mrow&gt;&lt;/math&gt;&lt;/p&gt;
&lt;p&gt;: 
&lt;math xmlns="http://www.w3.org/1998/Math/MathML" display="inline"&gt;&lt;mrow&gt;&lt;mi&gt;&amp;#x00394;&lt;/mi&gt;&lt;mi&gt;x&lt;/mi&gt;&lt;mo&gt;&amp;#x0003D;&lt;/mo&gt;&lt;mstyle displaystyle="false" scriptlevel="0"&gt;&lt;mfrac&gt;&lt;mn&gt;1&lt;/mn&gt;&lt;mn&gt;2&lt;/mn&gt;&lt;/mfrac&gt;&lt;/mstyle&gt;&lt;mi&gt;a&lt;/mi&gt;&lt;msup&gt;&lt;mi&gt;t&lt;/mi&gt;&lt;mn&gt;2&lt;/mn&gt;&lt;/msup&gt;&lt;/mrow&gt;&lt;/math&gt;&lt;/p&gt;
&lt;p&gt;.&lt;/p&gt;
&lt;p&gt;4) Algebra
 &lt;br /&gt;
&lt;math xmlns="http://www.w3.org/1998/Math/MathML" display="inline"&gt;&lt;mrow&gt;&lt;mi&gt;a&lt;/mi&gt;&lt;mo&gt;&amp;#x0003D;&lt;/mo&gt;&lt;mstyle displaystyle="true" scriptlevel="0"&gt;&lt;mfrac&gt;&lt;mrow&gt;&lt;mn&gt;2&lt;/mn&gt;&lt;mspace width="0.167em" /&gt;&lt;mi&gt;&amp;#x00394;&lt;/mi&gt;&lt;mi&gt;x&lt;/mi&gt;&lt;/mrow&gt;&lt;mrow&gt;&lt;msup&gt;&lt;mi&gt;t&lt;/mi&gt;&lt;mn&gt;2&lt;/mn&gt;&lt;/msup&gt;&lt;/mrow&gt;&lt;/mfrac&gt;&lt;/mstyle&gt;&lt;/mrow&gt;&lt;/math&gt;&lt;/p&gt;
&lt;p&gt;.&lt;/p&gt;
&lt;p&gt;5) Numbers &amp;amp; units
 &lt;br /&gt;
&lt;math xmlns="http://www.w3.org/1998/Math/MathML" display="inline"&gt;&lt;mrow&gt;&lt;mi&gt;a&lt;/mi&gt;&lt;mo&gt;&amp;#x0003D;&lt;/mo&gt;&lt;mstyle displaystyle="true" scriptlevel="0"&gt;&lt;mfrac&gt;&lt;mrow&gt;&lt;mn&gt;2&lt;/mn&gt;&lt;mo stretchy="false"&gt;&amp;#x00028;&lt;/mo&gt;&lt;mn&gt;200&lt;/mn&gt;&lt;mo stretchy="false"&gt;&amp;#x00029;&lt;/mo&gt;&lt;/mrow&gt;&lt;mrow&gt;&lt;mo stretchy="false"&gt;&amp;#x00028;&lt;/mo&gt;&lt;mn&gt;28.28&lt;/mn&gt;&lt;msup&gt;&lt;mo stretchy="false"&gt;&amp;#x00029;&lt;/mo&gt;&lt;mn&gt;2&lt;/mn&gt;&lt;/msup&gt;&lt;/mrow&gt;&lt;/mfrac&gt;&lt;/mstyle&gt;&lt;mspace width="0.167em" /&gt;&lt;msup&gt;&lt;mtext&gt;m/s&lt;/mtext&gt;&lt;mn&gt;2&lt;/mn&gt;&lt;/msup&gt;&lt;mo&gt;&amp;#x02248;&lt;/mo&gt;&lt;mstyle displaystyle="true" scriptlevel="0"&gt;&lt;mfrac&gt;&lt;mrow&gt;&lt;mn&gt;400&lt;/mn&gt;&lt;/mrow&gt;&lt;mrow&gt;&lt;mn&gt;799.8&lt;/mn&gt;&lt;/mrow&gt;&lt;/mfrac&gt;&lt;/mstyle&gt;&lt;mspace width="0.167em" /&gt;&lt;msup&gt;&lt;mtext&gt;m/s&lt;/mtext&gt;&lt;mn&gt;2&lt;/mn&gt;&lt;/msup&gt;&lt;mo&gt;&amp;#x02248;&lt;/mo&gt;&lt;mn&gt;0.50&lt;/mn&gt;&lt;mspace width="0.167em" /&gt;&lt;msup&gt;&lt;mtext&gt;m/s&lt;/mtext&gt;&lt;mn&gt;2&lt;/mn&gt;&lt;/msup&gt;&lt;/mrow&gt;&lt;/math&gt;&lt;/p&gt;
&lt;p&gt;.&lt;/p&gt;
&lt;p&gt;Answer: &lt;math xmlns="http://www.w3.org/1998/Math/MathML" display="inline"&gt;&lt;mrow&gt;&lt;mn&gt;0.50&lt;/mn&gt;&lt;mtext&gt;&amp;#x000A0;&lt;/mtext&gt;&lt;msup&gt;&lt;mtext&gt;m/s&lt;/mtext&gt;&lt;mn&gt;2&lt;/mn&gt;&lt;/msup&gt;&lt;/mrow&gt;&lt;/math&gt;.&lt;/p&gt;</mattext>
            </material>
          </flow_mat>
        </itemfeedback>
        <itemfeedback ident="correct_fb">
          <flow_mat>
            <material>
              <mattext texttype="text/plain">&lt;p&gt;Good job&amp;#x21;&lt;/p&gt;</mattext>
            </material>
          </flow_mat>
        </itemfeedback>
        <itemfeedback ident="general_incorrect_fb">
          <flow_mat>
            <material>
              <mattext texttype="text/plain">&lt;p&gt;Try again&amp;#x21;&lt;/p&gt;</mattext>
            </material>
          </flow_mat>
        </itemfeedback>
      </item>
      <item ident="q10" title="Everyday Moment 10">
        <itemmetadata>
          <qtimetadata>
            <qtimetadatafield>
              <fieldlabel>question_type</fieldlabel>
              <fieldentry>numerical_question</fieldentry>
            </qtimetadatafield>
          </qtimetadata>
        </itemmetadata>
        <presentation>
          <material>
            <mattext texttype="text/plain">&lt;p&gt;A train pulls out of a station and begins from rest. It steadily speeds up along a 300-meter stretch with a uniform pickup rate of 0.60 m/s&amp;#xB2;. How fast is the train going at the end of this stretch?&lt;/p&gt;</mattext>
          </material>
          <response_str ident="RESPONSE_q10" rcardinality="Single">
            <render_fib fibtype="Decimal" prompt="Box">
              <response_label ident="answer"/>
            </render_fib>
          </response_str>
        </presentation>
        <resprocessing>
          <outcomes>
            <decvar maxvalue="1" minvalue="0" varname="SCORE" vartype="Decimal"/>
          </outcomes>
          <respcondition continue="No">
            <conditionvar>
              <or>
                <varequal respident="RESPONSE_q10" margin="5" margintype="percent">18.97</varequal>
                <and>
                  <vargte respident="RESPONSE_q10">18.0215</vargte>
                  <varlte respident="RESPONSE_q10">19.918499999999998</varlte>
                </and>
              </or>
            </conditionvar>
            <setvar varname="SCORE" action="Set">1</setvar>
            <displayfeedback feedbacktype="Response" linkrefid="correct"/>
          </respcondition>
        </resprocessing>
        <itemfeedback ident="general_fb">
          <flow_mat>
            <material>
              <mattext texttype="text/plain">&lt;p&gt;1) Physics &amp;amp; task
   Constant-acceleration start. The train begins from rest&amp;#x2C; covers 300 m with a steady pickup of 0.60 m/s&amp;#xB2;. Find the speed at the end of that stretch (magnitude).&lt;/p&gt;
&lt;p&gt;2) Kinematic table
 &lt;br /&gt;
&lt;table&gt;
     &lt;thead&gt;
       &lt;tr&gt;
         &lt;th&gt;Quantity&lt;/th&gt;
         &lt;th&gt;Symbol&lt;/th&gt;
         &lt;th&gt;Value&lt;/th&gt;
         &lt;th&gt;Given?&lt;/th&gt;
       &lt;/tr&gt;
     &lt;/thead&gt;
     &lt;tbody&gt;
       &lt;tr&gt;
         &lt;td&gt;Displacement&lt;/td&gt;
         &lt;td&gt;&amp;#x394;x&lt;/td&gt;
         &lt;td&gt;300 m&lt;/td&gt;
         &lt;td&gt;Explicit&lt;/td&gt;
       &lt;/tr&gt;
       &lt;tr&gt;
         &lt;td&gt;Initial speed&lt;/td&gt;
         &lt;td&gt;vi&lt;/td&gt;
         &lt;td&gt;0.0 m/s&lt;/td&gt;
         &lt;td&gt;Implicit&lt;/td&gt;
       &lt;/tr&gt;
       &lt;tr&gt;
         &lt;td&gt;Final speed&lt;/td&gt;
         &lt;td&gt;vf&lt;/td&gt;
         &lt;td&gt;?&lt;/td&gt;
         &lt;td&gt;Solve for&lt;/td&gt;
       &lt;/tr&gt;
       &lt;tr&gt;
         &lt;td&gt;Acceleration&lt;/td&gt;
         &lt;td&gt;a&lt;/td&gt;
         &lt;td&gt;0.60 m/s&amp;#x5E;2&lt;/td&gt;
         &lt;td&gt;Explicit&lt;/td&gt;
       &lt;/tr&gt;
       &lt;tr&gt;
         &lt;td&gt;Time interval&lt;/td&gt;
         &lt;td&gt;t&lt;/td&gt;
         &lt;td&gt;&amp;#x2014;&lt;/td&gt;
         &lt;td&gt;not needed&lt;/td&gt;
       &lt;/tr&gt;
     &lt;/tbody&gt;
   &lt;/table&gt;
&lt;/p&gt;
&lt;p&gt;3) Equation choice
 &lt;br /&gt;
&lt;math xmlns="http://www.w3.org/1998/Math/MathML" display="inline"&gt;&lt;mrow&gt;&lt;msubsup&gt;&lt;mi&gt;v&lt;/mi&gt;&lt;mi&gt;f&lt;/mi&gt;&lt;mn&gt;2&lt;/mn&gt;&lt;/msubsup&gt;&lt;mo&gt;&amp;#x0003D;&lt;/mo&gt;&lt;msubsup&gt;&lt;mi&gt;v&lt;/mi&gt;&lt;mi&gt;i&lt;/mi&gt;&lt;mn&gt;2&lt;/mn&gt;&lt;/msubsup&gt;&lt;mo&gt;&amp;#x0002B;&lt;/mo&gt;&lt;mn&gt;2&lt;/mn&gt;&lt;mi&gt;a&lt;/mi&gt;&lt;mi&gt;&amp;#x00394;&lt;/mi&gt;&lt;mi&gt;x&lt;/mi&gt;&lt;/mrow&gt;&lt;/math&gt;&lt;/p&gt;
&lt;p&gt;.&lt;/p&gt;
&lt;p&gt;4) Algebra
 &lt;br /&gt;
&lt;math xmlns="http://www.w3.org/1998/Math/MathML" display="inline"&gt;&lt;mrow&gt;&lt;msub&gt;&lt;mi&gt;v&lt;/mi&gt;&lt;mi&gt;f&lt;/mi&gt;&lt;/msub&gt;&lt;mo&gt;&amp;#x0003D;&lt;/mo&gt;&lt;msqrt&gt;&lt;mrow&gt;&lt;msubsup&gt;&lt;mi&gt;v&lt;/mi&gt;&lt;mi&gt;i&lt;/mi&gt;&lt;mn&gt;2&lt;/mn&gt;&lt;/msubsup&gt;&lt;mo&gt;&amp;#x0002B;&lt;/mo&gt;&lt;mn&gt;2&lt;/mn&gt;&lt;mi&gt;a&lt;/mi&gt;&lt;mi&gt;&amp;#x00394;&lt;/mi&gt;&lt;mi&gt;x&lt;/mi&gt;&lt;/mrow&gt;&lt;/msqrt&gt;&lt;/mrow&gt;&lt;/math&gt;&lt;/p&gt;
&lt;p&gt;.&lt;/p&gt;
&lt;p&gt;5) Numbers &amp;amp; units
 &lt;br /&gt;
&lt;math xmlns="http://www.w3.org/1998/Math/MathML" display="inline"&gt;&lt;mrow&gt;&lt;msub&gt;&lt;mi&gt;v&lt;/mi&gt;&lt;mi&gt;f&lt;/mi&gt;&lt;/msub&gt;&lt;mo&gt;&amp;#x0003D;&lt;/mo&gt;&lt;msqrt&gt;&lt;mrow&gt;&lt;msup&gt;&lt;mn&gt;0.0&lt;/mn&gt;&lt;mn&gt;2&lt;/mn&gt;&lt;/msup&gt;&lt;mo&gt;&amp;#x0002B;&lt;/mo&gt;&lt;mn&gt;2&lt;/mn&gt;&lt;mo stretchy="false"&gt;&amp;#x00028;&lt;/mo&gt;&lt;mn&gt;0.60&lt;/mn&gt;&lt;mo stretchy="false"&gt;&amp;#x00029;&lt;/mo&gt;&lt;mo stretchy="false"&gt;&amp;#x00028;&lt;/mo&gt;&lt;mn&gt;300&lt;/mn&gt;&lt;mo stretchy="false"&gt;&amp;#x00029;&lt;/mo&gt;&lt;/mrow&gt;&lt;/msqrt&gt;&lt;mspace width="0.167em" /&gt;&lt;mtext&gt;m/s&lt;/mtext&gt;&lt;mo&gt;&amp;#x0003D;&lt;/mo&gt;&lt;msqrt&gt;&lt;mrow&gt;&lt;mn&gt;360&lt;/mn&gt;&lt;/mrow&gt;&lt;/msqrt&gt;&lt;mspace width="0.167em" /&gt;&lt;mtext&gt;m/s&lt;/mtext&gt;&lt;mo&gt;&amp;#x02248;&lt;/mo&gt;&lt;mn&gt;18.97&lt;/mn&gt;&lt;mspace width="0.167em" /&gt;&lt;mtext&gt;m/s&lt;/mtext&gt;&lt;/mrow&gt;&lt;/math&gt;&lt;/p&gt;
&lt;p&gt;.&lt;/p&gt;
&lt;p&gt;Answer: &lt;math xmlns="http://www.w3.org/1998/Math/MathML" display="inline"&gt;&lt;mrow&gt;&lt;mn&gt;18.97&lt;/mn&gt;&lt;mtext&gt;&amp;#x000A0;&lt;/mtext&gt;&lt;mtext&gt;m/s&lt;/mtext&gt;&lt;/mrow&gt;&lt;/math&gt;.&lt;/p&gt;</mattext>
            </material>
          </flow_mat>
        </itemfeedback>
        <itemfeedback ident="correct_fb">
          <flow_mat>
            <material>
              <mattext texttype="text/plain">&lt;p&gt;Good job&amp;#x21;&lt;/p&gt;</mattext>
            </material>
          </flow_mat>
        </itemfeedback>
        <itemfeedback ident="general_incorrect_fb">
          <flow_mat>
            <material>
              <mattext texttype="text/plain">&lt;p&gt;Try again&amp;#x21;&lt;/p&gt;</mattext>
            </material>
          </flow_mat>
        </itemfeedback>
      </item>
    </section>
  </assessment>
</questestinterop>
