<?xml version='1.0' encoding='utf-8'?>
<questestinterop xmlns="http://www.imsglobal.org/xsd/ims_qtiasiv1p2" xmlns:xsi="http://www.w3.org/2001/XMLSchema-instance" xsi:schemaLocation="http://www.imsglobal.org/xsd/ims_qtiasiv1p2 http://www.imsglobal.org/xsd/ims_qtiasiv1p2p1.xsd">
  <assessment ident="qti" title="PHY1-F-N2LCQELEV-100925 Newton's 2nd Law of Motion Elevator Concept Questions">
    <qtimetadata>
      <qtimetadatafield>
        <fieldlabel>cc_maxattempts</fieldlabel>
        <fieldentry>1</fieldentry>
      </qtimetadatafield>
    </qtimetadata>
    <section ident="root_section">
      <item ident="q1" title="Steady Upward Speed in an Elevator">
        <itemmetadata>
          <qtimetadata>
            <qtimetadatafield>
              <fieldlabel>question_type</fieldlabel>
              <fieldentry>multiple_choice_question</fieldentry>
            </qtimetadatafield>
          </qtimetadata>
        </itemmetadata>
        <presentation>
          <material>
            <mattext texttype="text/plain">&lt;p&gt;A passenger stands on a bathroom scale in an elevator that moves upward at a &lt;strong&gt;constant speed&lt;/strong&gt;. Compare the normal force &lt;math xmlns="http://www.w3.org/1998/Math/MathML" display="inline"&gt;&lt;mrow&gt;&lt;mi&gt;N&lt;/mi&gt;&lt;/mrow&gt;&lt;/math&gt; from the scale with the passenger's weight &lt;math xmlns="http://www.w3.org/1998/Math/MathML" display="inline"&gt;&lt;mrow&gt;&lt;mi&gt;W&lt;/mi&gt;&lt;/mrow&gt;&lt;/math&gt;. Which is greater?&lt;/p&gt;</mattext>
          </material>
          <response_lid ident="RESPONSE_q1" rcardinality="Single">
            <render_choice shuffle="Yes">
              <response_label ident="CHOICE_1">
                <material>
                  <mattext texttype="text/html">&lt;p&gt;N &amp;gt; W&lt;/p&gt;</mattext>
                </material>
              </response_label>
              <response_label ident="CHOICE_2">
                <material>
                  <mattext texttype="text/html">&lt;p&gt;N = W&lt;/p&gt;</mattext>
                </material>
              </response_label>
              <response_label ident="CHOICE_3">
                <material>
                  <mattext texttype="text/html">&lt;p&gt;N &amp;lt; W&lt;/p&gt;</mattext>
                </material>
              </response_label>
              <response_label ident="CHOICE_4">
                <material>
                  <mattext texttype="text/html">&lt;p&gt;There isn't enough information to decide&lt;/p&gt;</mattext>
                </material>
              </response_label>
            </render_choice>
          </response_lid>
        </presentation>
        <resprocessing>
          <outcomes>
            <decvar varname="SCORE" vartype="Decimal" minvalue="0" maxvalue="100"/>
          </outcomes>
          <respcondition continue="No">
            <conditionvar>
              <varequal respident="RESPONSE_q1">CHOICE_2</varequal>
            </conditionvar>
            <setvar action="Set" varname="SCORE">1</setvar>
          </respcondition>
        </resprocessing>
        <itemfeedback ident="general_fb">
          <flow_mat>
            <material>
              <mattext texttype="text/plain">&lt;p&gt;Use Newton's 2nd Law vertically&amp;#x2C; &lt;math xmlns="http://www.w3.org/1998/Math/MathML" display="inline"&gt;&lt;mrow&gt;&lt;mo&gt;&amp;#x02211;&lt;/mo&gt;&lt;msub&gt;&lt;mi&gt;F&lt;/mi&gt;&lt;mi&gt;y&lt;/mi&gt;&lt;/msub&gt;&lt;mo&gt;&amp;#x0003D;&lt;/mo&gt;&lt;mi&gt;N&lt;/mi&gt;&lt;mo&gt;&amp;#x02212;&lt;/mo&gt;&lt;mi&gt;W&lt;/mi&gt;&lt;mo&gt;&amp;#x0003D;&lt;/mo&gt;&lt;mi&gt;m&lt;/mi&gt;&lt;msub&gt;&lt;mi&gt;a&lt;/mi&gt;&lt;mi&gt;y&lt;/mi&gt;&lt;/msub&gt;&lt;/mrow&gt;&lt;/math&gt;. With &lt;strong&gt;constant speed&lt;/strong&gt;&amp;#x2C; &lt;math xmlns="http://www.w3.org/1998/Math/MathML" display="inline"&gt;&lt;mrow&gt;&lt;msub&gt;&lt;mi&gt;a&lt;/mi&gt;&lt;mi&gt;y&lt;/mi&gt;&lt;/msub&gt;&lt;mo&gt;&amp;#x0003D;&lt;/mo&gt;&lt;mn&gt;0&lt;/mn&gt;&lt;/mrow&gt;&lt;/math&gt;&amp;#x2C; so &lt;math xmlns="http://www.w3.org/1998/Math/MathML" display="inline"&gt;&lt;mrow&gt;&lt;mi&gt;N&lt;/mi&gt;&lt;mo&gt;&amp;#x0003D;&lt;/mo&gt;&lt;mi&gt;W&lt;/mi&gt;&lt;/mrow&gt;&lt;/math&gt;.&lt;/p&gt;</mattext>
            </material>
          </flow_mat>
        </itemfeedback>
        <itemfeedback ident="correct_fb">
          <flow_mat>
            <material>
              <mattext texttype="text/plain">&lt;p&gt;Great - constant speed means zero acceleration&amp;#x2C; so the scale reads the true weight.&lt;/p&gt;</mattext>
            </material>
          </flow_mat>
        </itemfeedback>
        <itemfeedback ident="general_incorrect_fb">
          <flow_mat>
            <material>
              <mattext texttype="text/plain">&lt;p&gt;Recall that constant speed implies zero acceleration&amp;#x2C; so &lt;math xmlns="http://www.w3.org/1998/Math/MathML" display="inline"&gt;&lt;mrow&gt;&lt;mi&gt;N&lt;/mi&gt;&lt;mo&gt;&amp;#x0003D;&lt;/mo&gt;&lt;mi&gt;W&lt;/mi&gt;&lt;/mrow&gt;&lt;/math&gt;.&lt;/p&gt;</mattext>
            </material>
          </flow_mat>
        </itemfeedback>
      </item>
      <item ident="q2" title="Speeding Up While Moving Up">
        <itemmetadata>
          <qtimetadata>
            <qtimetadatafield>
              <fieldlabel>question_type</fieldlabel>
              <fieldentry>multiple_choice_question</fieldentry>
            </qtimetadatafield>
          </qtimetadata>
        </itemmetadata>
        <presentation>
          <material>
            <mattext texttype="text/plain">&lt;p&gt;A delivery crate rests on the floor of an elevator. The elevator is moving &lt;strong&gt;upward and speeding up&lt;/strong&gt;. Compare the normal force &lt;math xmlns="http://www.w3.org/1998/Math/MathML" display="inline"&gt;&lt;mrow&gt;&lt;mi&gt;N&lt;/mi&gt;&lt;/mrow&gt;&lt;/math&gt; exerted by the floor with the crate's weight &lt;math xmlns="http://www.w3.org/1998/Math/MathML" display="inline"&gt;&lt;mrow&gt;&lt;mi&gt;W&lt;/mi&gt;&lt;/mrow&gt;&lt;/math&gt;. Which is greater?&lt;/p&gt;</mattext>
          </material>
          <response_lid ident="RESPONSE_q2" rcardinality="Single">
            <render_choice shuffle="Yes">
              <response_label ident="CHOICE_1">
                <material>
                  <mattext texttype="text/html">&lt;p&gt;N &amp;gt; W&lt;/p&gt;</mattext>
                </material>
              </response_label>
              <response_label ident="CHOICE_2">
                <material>
                  <mattext texttype="text/html">&lt;p&gt;N = W&lt;/p&gt;</mattext>
                </material>
              </response_label>
              <response_label ident="CHOICE_3">
                <material>
                  <mattext texttype="text/html">&lt;p&gt;N &amp;lt; W&lt;/p&gt;</mattext>
                </material>
              </response_label>
              <response_label ident="CHOICE_4">
                <material>
                  <mattext texttype="text/html">&lt;p&gt;There isn't enough information to decide&lt;/p&gt;</mattext>
                </material>
              </response_label>
            </render_choice>
          </response_lid>
        </presentation>
        <resprocessing>
          <outcomes>
            <decvar varname="SCORE" vartype="Decimal" minvalue="0" maxvalue="100"/>
          </outcomes>
          <respcondition continue="No">
            <conditionvar>
              <varequal respident="RESPONSE_q2">CHOICE_1</varequal>
            </conditionvar>
            <setvar action="Set" varname="SCORE">1</setvar>
          </respcondition>
        </resprocessing>
        <itemfeedback ident="general_fb">
          <flow_mat>
            <material>
              <mattext texttype="text/plain">&lt;p&gt;Apply Newton's 2nd Law&amp;#x2C; &lt;math xmlns="http://www.w3.org/1998/Math/MathML" display="inline"&gt;&lt;mrow&gt;&lt;mo&gt;&amp;#x02211;&lt;/mo&gt;&lt;msub&gt;&lt;mi&gt;F&lt;/mi&gt;&lt;mi&gt;y&lt;/mi&gt;&lt;/msub&gt;&lt;mo&gt;&amp;#x0003D;&lt;/mo&gt;&lt;mi&gt;N&lt;/mi&gt;&lt;mo&gt;&amp;#x02212;&lt;/mo&gt;&lt;mi&gt;W&lt;/mi&gt;&lt;mo&gt;&amp;#x0003D;&lt;/mo&gt;&lt;mi&gt;m&lt;/mi&gt;&lt;msub&gt;&lt;mi&gt;a&lt;/mi&gt;&lt;mi&gt;y&lt;/mi&gt;&lt;/msub&gt;&lt;/mrow&gt;&lt;/math&gt;. "Upward and speeding up" means &lt;math xmlns="http://www.w3.org/1998/Math/MathML" display="inline"&gt;&lt;mrow&gt;&lt;msub&gt;&lt;mi&gt;a&lt;/mi&gt;&lt;mi&gt;y&lt;/mi&gt;&lt;/msub&gt;&lt;mo&gt;&amp;#x0003E;&lt;/mo&gt;&lt;mn&gt;0&lt;/mn&gt;&lt;/mrow&gt;&lt;/math&gt;&amp;#x2C; hence &lt;math xmlns="http://www.w3.org/1998/Math/MathML" display="inline"&gt;&lt;mrow&gt;&lt;mi&gt;N&lt;/mi&gt;&lt;mo&gt;&amp;#x0003E;&lt;/mo&gt;&lt;mi&gt;W&lt;/mi&gt;&lt;/mrow&gt;&lt;/math&gt;.&lt;/p&gt;</mattext>
            </material>
          </flow_mat>
        </itemfeedback>
        <itemfeedback ident="correct_fb">
          <flow_mat>
            <material>
              <mattext texttype="text/plain">&lt;p&gt;Yes - upward acceleration requires an upward-net force&amp;#x2C; so &lt;math xmlns="http://www.w3.org/1998/Math/MathML" display="inline"&gt;&lt;mrow&gt;&lt;mi&gt;N&lt;/mi&gt;&lt;mo&gt;&amp;#x0003E;&lt;/mo&gt;&lt;mi&gt;W&lt;/mi&gt;&lt;/mrow&gt;&lt;/math&gt;.&lt;/p&gt;</mattext>
            </material>
          </flow_mat>
        </itemfeedback>
        <itemfeedback ident="general_incorrect_fb">
          <flow_mat>
            <material>
              <mattext texttype="text/plain">&lt;p&gt;Remember: speeding up in the direction of motion (up) means &lt;math xmlns="http://www.w3.org/1998/Math/MathML" display="inline"&gt;&lt;mrow&gt;&lt;msub&gt;&lt;mi&gt;a&lt;/mi&gt;&lt;mi&gt;y&lt;/mi&gt;&lt;/msub&gt;&lt;/mrow&gt;&lt;/math&gt; is up&amp;#x2C; so &lt;math xmlns="http://www.w3.org/1998/Math/MathML" display="inline"&gt;&lt;mrow&gt;&lt;mi&gt;N&lt;/mi&gt;&lt;mo&gt;&amp;#x0003E;&lt;/mo&gt;&lt;mi&gt;W&lt;/mi&gt;&lt;/mrow&gt;&lt;/math&gt;.&lt;/p&gt;</mattext>
            </material>
          </flow_mat>
        </itemfeedback>
      </item>
      <item ident="q3" title="Slowing Down While Moving Up">
        <itemmetadata>
          <qtimetadata>
            <qtimetadatafield>
              <fieldlabel>question_type</fieldlabel>
              <fieldentry>multiple_choice_question</fieldentry>
            </qtimetadatafield>
          </qtimetadata>
        </itemmetadata>
        <presentation>
          <material>
            <mattext texttype="text/plain">&lt;p&gt;A person rides an elevator that is moving &lt;strong&gt;upward but slowing down&lt;/strong&gt;. Compare the scale's normal force &lt;math xmlns="http://www.w3.org/1998/Math/MathML" display="inline"&gt;&lt;mrow&gt;&lt;mi&gt;N&lt;/mi&gt;&lt;/mrow&gt;&lt;/math&gt; with the person's weight &lt;math xmlns="http://www.w3.org/1998/Math/MathML" display="inline"&gt;&lt;mrow&gt;&lt;mi&gt;W&lt;/mi&gt;&lt;/mrow&gt;&lt;/math&gt;. Which is greater?&lt;/p&gt;</mattext>
          </material>
          <response_lid ident="RESPONSE_q3" rcardinality="Single">
            <render_choice shuffle="Yes">
              <response_label ident="CHOICE_1">
                <material>
                  <mattext texttype="text/html">&lt;p&gt;N &amp;gt; W&lt;/p&gt;</mattext>
                </material>
              </response_label>
              <response_label ident="CHOICE_2">
                <material>
                  <mattext texttype="text/html">&lt;p&gt;N = W&lt;/p&gt;</mattext>
                </material>
              </response_label>
              <response_label ident="CHOICE_3">
                <material>
                  <mattext texttype="text/html">&lt;p&gt;N &amp;lt; W&lt;/p&gt;</mattext>
                </material>
              </response_label>
              <response_label ident="CHOICE_4">
                <material>
                  <mattext texttype="text/html">&lt;p&gt;There isn't enough information to decide&lt;/p&gt;</mattext>
                </material>
              </response_label>
            </render_choice>
          </response_lid>
        </presentation>
        <resprocessing>
          <outcomes>
            <decvar varname="SCORE" vartype="Decimal" minvalue="0" maxvalue="100"/>
          </outcomes>
          <respcondition continue="No">
            <conditionvar>
              <varequal respident="RESPONSE_q3">CHOICE_3</varequal>
            </conditionvar>
            <setvar action="Set" varname="SCORE">1</setvar>
          </respcondition>
        </resprocessing>
        <itemfeedback ident="general_fb">
          <flow_mat>
            <material>
              <mattext texttype="text/plain">&lt;p&gt;With upward motion but slowing down&amp;#x2C; the acceleration is &lt;strong&gt;downward&lt;/strong&gt;. From &lt;math xmlns="http://www.w3.org/1998/Math/MathML" display="inline"&gt;&lt;mrow&gt;&lt;mo&gt;&amp;#x02211;&lt;/mo&gt;&lt;msub&gt;&lt;mi&gt;F&lt;/mi&gt;&lt;mi&gt;y&lt;/mi&gt;&lt;/msub&gt;&lt;mo&gt;&amp;#x0003D;&lt;/mo&gt;&lt;mi&gt;N&lt;/mi&gt;&lt;mo&gt;&amp;#x02212;&lt;/mo&gt;&lt;mi&gt;W&lt;/mi&gt;&lt;mo&gt;&amp;#x0003D;&lt;/mo&gt;&lt;mi&gt;m&lt;/mi&gt;&lt;msub&gt;&lt;mi&gt;a&lt;/mi&gt;&lt;mi&gt;y&lt;/mi&gt;&lt;/msub&gt;&lt;/mrow&gt;&lt;/math&gt; with &lt;math xmlns="http://www.w3.org/1998/Math/MathML" display="inline"&gt;&lt;mrow&gt;&lt;msub&gt;&lt;mi&gt;a&lt;/mi&gt;&lt;mi&gt;y&lt;/mi&gt;&lt;/msub&gt;&lt;mo&gt;&amp;#x0003C;&lt;/mo&gt;&lt;mn&gt;0&lt;/mn&gt;&lt;/mrow&gt;&lt;/math&gt;&amp;#x2C; we get &lt;math xmlns="http://www.w3.org/1998/Math/MathML" display="inline"&gt;&lt;mrow&gt;&lt;mi&gt;N&lt;/mi&gt;&lt;mo&gt;&amp;#x0003C;&lt;/mo&gt;&lt;mi&gt;W&lt;/mi&gt;&lt;/mrow&gt;&lt;/math&gt;.&lt;/p&gt;</mattext>
            </material>
          </flow_mat>
        </itemfeedback>
        <itemfeedback ident="correct_fb">
          <flow_mat>
            <material>
              <mattext texttype="text/plain">&lt;p&gt;Exactly - downward acceleration means the weight exceeds the normal force.&lt;/p&gt;</mattext>
            </material>
          </flow_mat>
        </itemfeedback>
        <itemfeedback ident="general_incorrect_fb">
          <flow_mat>
            <material>
              <mattext texttype="text/plain">&lt;p&gt;Since it's slowing while moving up&amp;#x2C; acceleration is down; that requires &lt;math xmlns="http://www.w3.org/1998/Math/MathML" display="inline"&gt;&lt;mrow&gt;&lt;mi&gt;N&lt;/mi&gt;&lt;mo&gt;&amp;#x0003C;&lt;/mo&gt;&lt;mi&gt;W&lt;/mi&gt;&lt;/mrow&gt;&lt;/math&gt;.&lt;/p&gt;</mattext>
            </material>
          </flow_mat>
        </itemfeedback>
      </item>
      <item ident="q4" title="Speeding Up While Moving Down">
        <itemmetadata>
          <qtimetadata>
            <qtimetadatafield>
              <fieldlabel>question_type</fieldlabel>
              <fieldentry>multiple_choice_question</fieldentry>
            </qtimetadatafield>
          </qtimetadata>
        </itemmetadata>
        <presentation>
          <material>
            <mattext texttype="text/plain">&lt;p&gt;A tool cart rests on an elevator floor. The elevator is moving &lt;strong&gt;downward and speeding up&lt;/strong&gt;. Compare the normal force &lt;math xmlns="http://www.w3.org/1998/Math/MathML" display="inline"&gt;&lt;mrow&gt;&lt;mi&gt;N&lt;/mi&gt;&lt;/mrow&gt;&lt;/math&gt; from the floor with the cart's weight &lt;math xmlns="http://www.w3.org/1998/Math/MathML" display="inline"&gt;&lt;mrow&gt;&lt;mi&gt;W&lt;/mi&gt;&lt;/mrow&gt;&lt;/math&gt;. Which is greater?&lt;/p&gt;</mattext>
          </material>
          <response_lid ident="RESPONSE_q4" rcardinality="Single">
            <render_choice shuffle="Yes">
              <response_label ident="CHOICE_1">
                <material>
                  <mattext texttype="text/html">&lt;p&gt;N &amp;gt; W&lt;/p&gt;</mattext>
                </material>
              </response_label>
              <response_label ident="CHOICE_2">
                <material>
                  <mattext texttype="text/html">&lt;p&gt;N = W&lt;/p&gt;</mattext>
                </material>
              </response_label>
              <response_label ident="CHOICE_3">
                <material>
                  <mattext texttype="text/html">&lt;p&gt;N &amp;lt; W&lt;/p&gt;</mattext>
                </material>
              </response_label>
              <response_label ident="CHOICE_4">
                <material>
                  <mattext texttype="text/html">&lt;p&gt;There isn't enough information to decide&lt;/p&gt;</mattext>
                </material>
              </response_label>
            </render_choice>
          </response_lid>
        </presentation>
        <resprocessing>
          <outcomes>
            <decvar varname="SCORE" vartype="Decimal" minvalue="0" maxvalue="100"/>
          </outcomes>
          <respcondition continue="No">
            <conditionvar>
              <varequal respident="RESPONSE_q4">CHOICE_3</varequal>
            </conditionvar>
            <setvar action="Set" varname="SCORE">1</setvar>
          </respcondition>
        </resprocessing>
        <itemfeedback ident="general_fb">
          <flow_mat>
            <material>
              <mattext texttype="text/plain">&lt;p&gt;"Downward and speeding up" means the acceleration is &lt;strong&gt;down&lt;/strong&gt;: &lt;math xmlns="http://www.w3.org/1998/Math/MathML" display="inline"&gt;&lt;mrow&gt;&lt;msub&gt;&lt;mi&gt;a&lt;/mi&gt;&lt;mi&gt;y&lt;/mi&gt;&lt;/msub&gt;&lt;mo&gt;&amp;#x0003C;&lt;/mo&gt;&lt;mn&gt;0&lt;/mn&gt;&lt;/mrow&gt;&lt;/math&gt;. With &lt;math xmlns="http://www.w3.org/1998/Math/MathML" display="inline"&gt;&lt;mrow&gt;&lt;mo&gt;&amp;#x02211;&lt;/mo&gt;&lt;msub&gt;&lt;mi&gt;F&lt;/mi&gt;&lt;mi&gt;y&lt;/mi&gt;&lt;/msub&gt;&lt;mo&gt;&amp;#x0003D;&lt;/mo&gt;&lt;mi&gt;N&lt;/mi&gt;&lt;mo&gt;&amp;#x02212;&lt;/mo&gt;&lt;mi&gt;W&lt;/mi&gt;&lt;mo&gt;&amp;#x0003D;&lt;/mo&gt;&lt;mi&gt;m&lt;/mi&gt;&lt;msub&gt;&lt;mi&gt;a&lt;/mi&gt;&lt;mi&gt;y&lt;/mi&gt;&lt;/msub&gt;&lt;/mrow&gt;&lt;/math&gt;&amp;#x2C; we have &lt;math xmlns="http://www.w3.org/1998/Math/MathML" display="inline"&gt;&lt;mrow&gt;&lt;mi&gt;N&lt;/mi&gt;&lt;mo&gt;&amp;#x0003C;&lt;/mo&gt;&lt;mi&gt;W&lt;/mi&gt;&lt;/mrow&gt;&lt;/math&gt;.&lt;/p&gt;</mattext>
            </material>
          </flow_mat>
        </itemfeedback>
        <itemfeedback ident="correct_fb">
          <flow_mat>
            <material>
              <mattext texttype="text/plain">&lt;p&gt;Correct - downward acceleration implies &lt;math xmlns="http://www.w3.org/1998/Math/MathML" display="inline"&gt;&lt;mrow&gt;&lt;mi&gt;N&lt;/mi&gt;&lt;mo&gt;&amp;#x0003C;&lt;/mo&gt;&lt;mi&gt;W&lt;/mi&gt;&lt;/mrow&gt;&lt;/math&gt;.&lt;/p&gt;</mattext>
            </material>
          </flow_mat>
        </itemfeedback>
        <itemfeedback ident="general_incorrect_fb">
          <flow_mat>
            <material>
              <mattext texttype="text/plain">&lt;p&gt;Think "net force follows acceleration." If &lt;math xmlns="http://www.w3.org/1998/Math/MathML" display="inline"&gt;&lt;mrow&gt;&lt;mi&gt;a&lt;/mi&gt;&lt;/mrow&gt;&lt;/math&gt; is down&amp;#x2C; the larger force must be down (weight).&lt;/p&gt;</mattext>
            </material>
          </flow_mat>
        </itemfeedback>
      </item>
      <item ident="q5" title="Slowing Down While Moving Down">
        <itemmetadata>
          <qtimetadata>
            <qtimetadatafield>
              <fieldlabel>question_type</fieldlabel>
              <fieldentry>multiple_choice_question</fieldentry>
            </qtimetadatafield>
          </qtimetadata>
        </itemmetadata>
        <presentation>
          <material>
            <mattext texttype="text/plain">&lt;p&gt;A sealed box hangs from the elevator ceiling by a vertical rope. The elevator is moving &lt;strong&gt;downward but slowing down&lt;/strong&gt;. Compare the rope tension &lt;math xmlns="http://www.w3.org/1998/Math/MathML" display="inline"&gt;&lt;mrow&gt;&lt;mi&gt;T&lt;/mi&gt;&lt;/mrow&gt;&lt;/math&gt; with the box's weight &lt;math xmlns="http://www.w3.org/1998/Math/MathML" display="inline"&gt;&lt;mrow&gt;&lt;mi&gt;W&lt;/mi&gt;&lt;/mrow&gt;&lt;/math&gt;. Which is greater?&lt;/p&gt;</mattext>
          </material>
          <response_lid ident="RESPONSE_q5" rcardinality="Single">
            <render_choice shuffle="Yes">
              <response_label ident="CHOICE_1">
                <material>
                  <mattext texttype="text/html">&lt;p&gt;T &amp;gt; W&lt;/p&gt;</mattext>
                </material>
              </response_label>
              <response_label ident="CHOICE_2">
                <material>
                  <mattext texttype="text/html">&lt;p&gt;T = W&lt;/p&gt;</mattext>
                </material>
              </response_label>
              <response_label ident="CHOICE_3">
                <material>
                  <mattext texttype="text/html">&lt;p&gt;T &amp;lt; W&lt;/p&gt;</mattext>
                </material>
              </response_label>
              <response_label ident="CHOICE_4">
                <material>
                  <mattext texttype="text/html">&lt;p&gt;There isn't enough information to decide&lt;/p&gt;</mattext>
                </material>
              </response_label>
            </render_choice>
          </response_lid>
        </presentation>
        <resprocessing>
          <outcomes>
            <decvar varname="SCORE" vartype="Decimal" minvalue="0" maxvalue="100"/>
          </outcomes>
          <respcondition continue="No">
            <conditionvar>
              <varequal respident="RESPONSE_q5">CHOICE_1</varequal>
            </conditionvar>
            <setvar action="Set" varname="SCORE">1</setvar>
          </respcondition>
        </resprocessing>
        <itemfeedback ident="general_fb">
          <flow_mat>
            <material>
              <mattext texttype="text/plain">&lt;p&gt;Take up as positive. Moving down but &lt;strong&gt;slowing&lt;/strong&gt; means &lt;math xmlns="http://www.w3.org/1998/Math/MathML" display="inline"&gt;&lt;mrow&gt;&lt;msub&gt;&lt;mi&gt;a&lt;/mi&gt;&lt;mi&gt;y&lt;/mi&gt;&lt;/msub&gt;&lt;mo&gt;&amp;#x0003E;&lt;/mo&gt;&lt;mn&gt;0&lt;/mn&gt;&lt;/mrow&gt;&lt;/math&gt;. From &lt;math xmlns="http://www.w3.org/1998/Math/MathML" display="inline"&gt;&lt;mrow&gt;&lt;mo&gt;&amp;#x02211;&lt;/mo&gt;&lt;msub&gt;&lt;mi&gt;F&lt;/mi&gt;&lt;mi&gt;y&lt;/mi&gt;&lt;/msub&gt;&lt;mo&gt;&amp;#x0003D;&lt;/mo&gt;&lt;mi&gt;T&lt;/mi&gt;&lt;mo&gt;&amp;#x02212;&lt;/mo&gt;&lt;mi&gt;W&lt;/mi&gt;&lt;mo&gt;&amp;#x0003D;&lt;/mo&gt;&lt;mi&gt;m&lt;/mi&gt;&lt;msub&gt;&lt;mi&gt;a&lt;/mi&gt;&lt;mi&gt;y&lt;/mi&gt;&lt;/msub&gt;&lt;/mrow&gt;&lt;/math&gt;&amp;#x2C; we have &lt;math xmlns="http://www.w3.org/1998/Math/MathML" display="inline"&gt;&lt;mrow&gt;&lt;mi&gt;T&lt;/mi&gt;&lt;mo&gt;&amp;#x0003E;&lt;/mo&gt;&lt;mi&gt;W&lt;/mi&gt;&lt;/mrow&gt;&lt;/math&gt;.&lt;/p&gt;</mattext>
            </material>
          </flow_mat>
        </itemfeedback>
        <itemfeedback ident="correct_fb">
          <flow_mat>
            <material>
              <mattext texttype="text/plain">&lt;p&gt;Nice - slowing while moving down means acceleration up&amp;#x2C; so &lt;math xmlns="http://www.w3.org/1998/Math/MathML" display="inline"&gt;&lt;mrow&gt;&lt;mi&gt;T&lt;/mi&gt;&lt;mo&gt;&amp;#x0003E;&lt;/mo&gt;&lt;mi&gt;W&lt;/mi&gt;&lt;/mrow&gt;&lt;/math&gt;.&lt;/p&gt;</mattext>
            </material>
          </flow_mat>
        </itemfeedback>
        <itemfeedback ident="general_incorrect_fb">
          <flow_mat>
            <material>
              <mattext texttype="text/plain">&lt;p&gt;Since the box is slowing on the way down&amp;#x2C; its acceleration is up; that requires &lt;math xmlns="http://www.w3.org/1998/Math/MathML" display="inline"&gt;&lt;mrow&gt;&lt;mi&gt;T&lt;/mi&gt;&lt;mo&gt;&amp;#x0003E;&lt;/mo&gt;&lt;mi&gt;W&lt;/mi&gt;&lt;/mrow&gt;&lt;/math&gt;.&lt;/p&gt;</mattext>
            </material>
          </flow_mat>
        </itemfeedback>
      </item>
      <item ident="q6" title="Rocket Launch from Rest">
        <itemmetadata>
          <qtimetadata>
            <qtimetadatafield>
              <fieldlabel>question_type</fieldlabel>
              <fieldentry>multiple_choice_question</fieldentry>
            </qtimetadatafield>
          </qtimetadata>
        </itemmetadata>
        <presentation>
          <material>
            <mattext texttype="text/plain">&lt;p&gt;A small rocket launches vertically upward from rest. The engines produce a constant upward thrust &lt;math xmlns="http://www.w3.org/1998/Math/MathML" display="inline"&gt;&lt;mrow&gt;&lt;mi&gt;T&lt;/mi&gt;&lt;/mrow&gt;&lt;/math&gt;. While the rocket is accelerating upward&amp;#x2C; how does the thrust compare with its weight &lt;math xmlns="http://www.w3.org/1998/Math/MathML" display="inline"&gt;&lt;mrow&gt;&lt;mi&gt;W&lt;/mi&gt;&lt;/mrow&gt;&lt;/math&gt;?&lt;/p&gt;</mattext>
          </material>
          <response_lid ident="RESPONSE_q6" rcardinality="Single">
            <render_choice shuffle="Yes">
              <response_label ident="CHOICE_1">
                <material>
                  <mattext texttype="text/html">&lt;p&gt;T &amp;gt; W&lt;/p&gt;</mattext>
                </material>
              </response_label>
              <response_label ident="CHOICE_2">
                <material>
                  <mattext texttype="text/html">&lt;p&gt;T = W&lt;/p&gt;</mattext>
                </material>
              </response_label>
              <response_label ident="CHOICE_3">
                <material>
                  <mattext texttype="text/html">&lt;p&gt;T &amp;lt; W&lt;/p&gt;</mattext>
                </material>
              </response_label>
              <response_label ident="CHOICE_4">
                <material>
                  <mattext texttype="text/html">&lt;p&gt;There isn't enough information to decide&lt;/p&gt;</mattext>
                </material>
              </response_label>
            </render_choice>
          </response_lid>
        </presentation>
        <resprocessing>
          <outcomes>
            <decvar varname="SCORE" vartype="Decimal" minvalue="0" maxvalue="100"/>
          </outcomes>
          <respcondition continue="No">
            <conditionvar>
              <varequal respident="RESPONSE_q6">CHOICE_1</varequal>
            </conditionvar>
            <setvar action="Set" varname="SCORE">1</setvar>
          </respcondition>
        </resprocessing>
        <itemfeedback ident="general_fb">
          <flow_mat>
            <material>
              <mattext texttype="text/plain">&lt;p&gt;Using Newton's 2nd Law&amp;#x2C; &lt;math xmlns="http://www.w3.org/1998/Math/MathML" display="inline"&gt;&lt;mrow&gt;&lt;mo&gt;&amp;#x02211;&lt;/mo&gt;&lt;msub&gt;&lt;mi&gt;F&lt;/mi&gt;&lt;mi&gt;y&lt;/mi&gt;&lt;/msub&gt;&lt;mo&gt;&amp;#x0003D;&lt;/mo&gt;&lt;mi&gt;T&lt;/mi&gt;&lt;mo&gt;&amp;#x02212;&lt;/mo&gt;&lt;mi&gt;W&lt;/mi&gt;&lt;mo&gt;&amp;#x0003D;&lt;/mo&gt;&lt;mi&gt;m&lt;/mi&gt;&lt;msub&gt;&lt;mi&gt;a&lt;/mi&gt;&lt;mi&gt;y&lt;/mi&gt;&lt;/msub&gt;&lt;/mrow&gt;&lt;/math&gt;. Since &lt;math xmlns="http://www.w3.org/1998/Math/MathML" display="inline"&gt;&lt;mrow&gt;&lt;msub&gt;&lt;mi&gt;a&lt;/mi&gt;&lt;mi&gt;y&lt;/mi&gt;&lt;/msub&gt;&lt;mo&gt;&amp;#x0003E;&lt;/mo&gt;&lt;mn&gt;0&lt;/mn&gt;&lt;/mrow&gt;&lt;/math&gt;&amp;#x2C; we have &lt;math xmlns="http://www.w3.org/1998/Math/MathML" display="inline"&gt;&lt;mrow&gt;&lt;mi&gt;T&lt;/mi&gt;&lt;mo&gt;&amp;#x0003E;&lt;/mo&gt;&lt;mi&gt;W&lt;/mi&gt;&lt;/mrow&gt;&lt;/math&gt;.&lt;/p&gt;</mattext>
            </material>
          </flow_mat>
        </itemfeedback>
        <itemfeedback ident="correct_fb">
          <flow_mat>
            <material>
              <mattext texttype="text/plain">&lt;p&gt;Yes - upward acceleration requires thrust greater than weight.&lt;/p&gt;</mattext>
            </material>
          </flow_mat>
        </itemfeedback>
        <itemfeedback ident="general_incorrect_fb">
          <flow_mat>
            <material>
              <mattext texttype="text/plain">&lt;p&gt;To lift off and accelerate upward&amp;#x2C; the upward thrust must exceed the weight.&lt;/p&gt;</mattext>
            </material>
          </flow_mat>
        </itemfeedback>
      </item>
      <item ident="q7" title="Parachutist Falling at Constant Speed">
        <itemmetadata>
          <qtimetadata>
            <qtimetadatafield>
              <fieldlabel>question_type</fieldlabel>
              <fieldentry>multiple_choice_question</fieldentry>
            </qtimetadatafield>
          </qtimetadata>
        </itemmetadata>
        <presentation>
          <material>
            <mattext texttype="text/plain">&lt;p&gt;A skydiver falls vertically at &lt;strong&gt;constant speed&lt;/strong&gt; with the parachute open. Compare the upward air resistance force &lt;math xmlns="http://www.w3.org/1998/Math/MathML" display="inline"&gt;&lt;mrow&gt;&lt;msub&gt;&lt;mi&gt;F&lt;/mi&gt;&lt;mrow&gt;&lt;mtext&gt;air&lt;/mtext&gt;&lt;/mrow&gt;&lt;/msub&gt;&lt;/mrow&gt;&lt;/math&gt; with the skydiver's weight &lt;math xmlns="http://www.w3.org/1998/Math/MathML" display="inline"&gt;&lt;mrow&gt;&lt;mi&gt;W&lt;/mi&gt;&lt;/mrow&gt;&lt;/math&gt;.&lt;/p&gt;</mattext>
          </material>
          <response_lid ident="RESPONSE_q7" rcardinality="Single">
            <render_choice shuffle="Yes">
              <response_label ident="CHOICE_1">
                <material>
                  <mattext texttype="text/html">&lt;p&gt;F_air &amp;gt; W&lt;/p&gt;</mattext>
                </material>
              </response_label>
              <response_label ident="CHOICE_2">
                <material>
                  <mattext texttype="text/html">&lt;p&gt;F_air = W&lt;/p&gt;</mattext>
                </material>
              </response_label>
              <response_label ident="CHOICE_3">
                <material>
                  <mattext texttype="text/html">&lt;p&gt;F_air &amp;lt; W&lt;/p&gt;</mattext>
                </material>
              </response_label>
              <response_label ident="CHOICE_4">
                <material>
                  <mattext texttype="text/html">&lt;p&gt;There isn't enough information to decide&lt;/p&gt;</mattext>
                </material>
              </response_label>
            </render_choice>
          </response_lid>
        </presentation>
        <resprocessing>
          <outcomes>
            <decvar varname="SCORE" vartype="Decimal" minvalue="0" maxvalue="100"/>
          </outcomes>
          <respcondition continue="No">
            <conditionvar>
              <varequal respident="RESPONSE_q7">CHOICE_2</varequal>
            </conditionvar>
            <setvar action="Set" varname="SCORE">1</setvar>
          </respcondition>
        </resprocessing>
        <itemfeedback ident="general_fb">
          <flow_mat>
            <material>
              <mattext texttype="text/plain">&lt;p&gt;Constant speed implies &lt;math xmlns="http://www.w3.org/1998/Math/MathML" display="inline"&gt;&lt;mrow&gt;&lt;msub&gt;&lt;mi&gt;a&lt;/mi&gt;&lt;mi&gt;y&lt;/mi&gt;&lt;/msub&gt;&lt;mo&gt;&amp;#x0003D;&lt;/mo&gt;&lt;mn&gt;0&lt;/mn&gt;&lt;/mrow&gt;&lt;/math&gt;. From &lt;math xmlns="http://www.w3.org/1998/Math/MathML" display="inline"&gt;&lt;mrow&gt;&lt;mo&gt;&amp;#x02211;&lt;/mo&gt;&lt;msub&gt;&lt;mi&gt;F&lt;/mi&gt;&lt;mi&gt;y&lt;/mi&gt;&lt;/msub&gt;&lt;mo&gt;&amp;#x0003D;&lt;/mo&gt;&lt;msub&gt;&lt;mi&gt;F&lt;/mi&gt;&lt;mrow&gt;&lt;mtext&gt;air&lt;/mtext&gt;&lt;/mrow&gt;&lt;/msub&gt;&lt;mo&gt;&amp;#x02212;&lt;/mo&gt;&lt;mi&gt;W&lt;/mi&gt;&lt;mo&gt;&amp;#x0003D;&lt;/mo&gt;&lt;mn&gt;0&lt;/mn&gt;&lt;/mrow&gt;&lt;/math&gt;&amp;#x2C; it follows that &lt;math xmlns="http://www.w3.org/1998/Math/MathML" display="inline"&gt;&lt;mrow&gt;&lt;msub&gt;&lt;mi&gt;F&lt;/mi&gt;&lt;mrow&gt;&lt;mtext&gt;air&lt;/mtext&gt;&lt;/mrow&gt;&lt;/msub&gt;&lt;mo&gt;&amp;#x0003D;&lt;/mo&gt;&lt;mi&gt;W&lt;/mi&gt;&lt;/mrow&gt;&lt;/math&gt;.&lt;/p&gt;</mattext>
            </material>
          </flow_mat>
        </itemfeedback>
        <itemfeedback ident="correct_fb">
          <flow_mat>
            <material>
              <mattext texttype="text/plain">&lt;p&gt;Good - terminal velocity means the upward and downward forces balance.&lt;/p&gt;</mattext>
            </material>
          </flow_mat>
        </itemfeedback>
        <itemfeedback ident="general_incorrect_fb">
          <flow_mat>
            <material>
              <mattext texttype="text/plain">&lt;p&gt;Constant speed implies no acceleration&amp;#x2C; so the two forces must be equal.&lt;/p&gt;</mattext>
            </material>
          </flow_mat>
        </itemfeedback>
      </item>
      <item ident="q8" title="Bungee Jumper Rebounding Upward">
        <itemmetadata>
          <qtimetadata>
            <qtimetadatafield>
              <fieldlabel>question_type</fieldlabel>
              <fieldentry>multiple_choice_question</fieldentry>
            </qtimetadatafield>
          </qtimetadata>
        </itemmetadata>
        <presentation>
          <material>
            <mattext texttype="text/plain">&lt;p&gt;A bungee jumper has just reached the lowest point and is pulled &lt;strong&gt;upward&lt;/strong&gt; by the stretched cord. At an instant when she is moving upward and &lt;strong&gt;slowing down&lt;/strong&gt;&amp;#x2C; compare the tension &lt;math xmlns="http://www.w3.org/1998/Math/MathML" display="inline"&gt;&lt;mrow&gt;&lt;mi&gt;T&lt;/mi&gt;&lt;/mrow&gt;&lt;/math&gt; in the cord with her weight &lt;math xmlns="http://www.w3.org/1998/Math/MathML" display="inline"&gt;&lt;mrow&gt;&lt;mi&gt;W&lt;/mi&gt;&lt;/mrow&gt;&lt;/math&gt;.&lt;/p&gt;</mattext>
          </material>
          <response_lid ident="RESPONSE_q8" rcardinality="Single">
            <render_choice shuffle="Yes">
              <response_label ident="CHOICE_1">
                <material>
                  <mattext texttype="text/html">&lt;p&gt;T &amp;gt; W&lt;/p&gt;</mattext>
                </material>
              </response_label>
              <response_label ident="CHOICE_2">
                <material>
                  <mattext texttype="text/html">&lt;p&gt;T = W&lt;/p&gt;</mattext>
                </material>
              </response_label>
              <response_label ident="CHOICE_3">
                <material>
                  <mattext texttype="text/html">&lt;p&gt;T &amp;lt; W&lt;/p&gt;</mattext>
                </material>
              </response_label>
              <response_label ident="CHOICE_4">
                <material>
                  <mattext texttype="text/html">&lt;p&gt;There isn't enough information to decide&lt;/p&gt;</mattext>
                </material>
              </response_label>
            </render_choice>
          </response_lid>
        </presentation>
        <resprocessing>
          <outcomes>
            <decvar varname="SCORE" vartype="Decimal" minvalue="0" maxvalue="100"/>
          </outcomes>
          <respcondition continue="No">
            <conditionvar>
              <varequal respident="RESPONSE_q8">CHOICE_3</varequal>
            </conditionvar>
            <setvar action="Set" varname="SCORE">1</setvar>
          </respcondition>
        </resprocessing>
        <itemfeedback ident="general_fb">
          <flow_mat>
            <material>
              <mattext texttype="text/plain">&lt;p&gt;Define upward as positive. Moving up while slowing means &lt;math xmlns="http://www.w3.org/1998/Math/MathML" display="inline"&gt;&lt;mrow&gt;&lt;msub&gt;&lt;mi&gt;a&lt;/mi&gt;&lt;mi&gt;y&lt;/mi&gt;&lt;/msub&gt;&lt;mo&gt;&amp;#x0003C;&lt;/mo&gt;&lt;mn&gt;0&lt;/mn&gt;&lt;/mrow&gt;&lt;/math&gt; (down). With &lt;math xmlns="http://www.w3.org/1998/Math/MathML" display="inline"&gt;&lt;mrow&gt;&lt;mo&gt;&amp;#x02211;&lt;/mo&gt;&lt;msub&gt;&lt;mi&gt;F&lt;/mi&gt;&lt;mi&gt;y&lt;/mi&gt;&lt;/msub&gt;&lt;mo&gt;&amp;#x0003D;&lt;/mo&gt;&lt;mi&gt;T&lt;/mi&gt;&lt;mo&gt;&amp;#x02212;&lt;/mo&gt;&lt;mi&gt;W&lt;/mi&gt;&lt;mo&gt;&amp;#x0003D;&lt;/mo&gt;&lt;mi&gt;m&lt;/mi&gt;&lt;msub&gt;&lt;mi&gt;a&lt;/mi&gt;&lt;mi&gt;y&lt;/mi&gt;&lt;/msub&gt;&lt;/mrow&gt;&lt;/math&gt;&amp;#x2C; we get &lt;math xmlns="http://www.w3.org/1998/Math/MathML" display="inline"&gt;&lt;mrow&gt;&lt;mi&gt;T&lt;/mi&gt;&lt;mo&gt;&amp;#x0003C;&lt;/mo&gt;&lt;mi&gt;W&lt;/mi&gt;&lt;/mrow&gt;&lt;/math&gt;.&lt;/p&gt;</mattext>
            </material>
          </flow_mat>
        </itemfeedback>
        <itemfeedback ident="correct_fb">
          <flow_mat>
            <material>
              <mattext texttype="text/plain">&lt;p&gt;Yes - moving up but slowing means acceleration down&amp;#x2C; so &lt;math xmlns="http://www.w3.org/1998/Math/MathML" display="inline"&gt;&lt;mrow&gt;&lt;mi&gt;T&lt;/mi&gt;&lt;mo&gt;&amp;#x0003C;&lt;/mo&gt;&lt;mi&gt;W&lt;/mi&gt;&lt;/mrow&gt;&lt;/math&gt;.&lt;/p&gt;</mattext>
            </material>
          </flow_mat>
        </itemfeedback>
        <itemfeedback ident="general_incorrect_fb">
          <flow_mat>
            <material>
              <mattext texttype="text/plain">&lt;p&gt;Decelerating upward implies a downward net force; thus &lt;math xmlns="http://www.w3.org/1998/Math/MathML" display="inline"&gt;&lt;mrow&gt;&lt;mi&gt;W&lt;/mi&gt;&lt;mo&gt;&amp;#x0003E;&lt;/mo&gt;&lt;mi&gt;T&lt;/mi&gt;&lt;/mrow&gt;&lt;/math&gt;.&lt;/p&gt;</mattext>
            </material>
          </flow_mat>
        </itemfeedback>
      </item>
      <item ident="q9" title="Car Cresting a Hill">
        <itemmetadata>
          <qtimetadata>
            <qtimetadatafield>
              <fieldlabel>question_type</fieldlabel>
              <fieldentry>multiple_choice_question</fieldentry>
            </qtimetadatafield>
          </qtimetadata>
        </itemmetadata>
        <presentation>
          <material>
            <mattext texttype="text/plain">&lt;p&gt;A car travels over the top of a rounded hill at &lt;strong&gt;constant speed&lt;/strong&gt;. Compare the normal force &lt;math xmlns="http://www.w3.org/1998/Math/MathML" display="inline"&gt;&lt;mrow&gt;&lt;mi&gt;N&lt;/mi&gt;&lt;/mrow&gt;&lt;/math&gt; from the road with the car's weight &lt;math xmlns="http://www.w3.org/1998/Math/MathML" display="inline"&gt;&lt;mrow&gt;&lt;mi&gt;W&lt;/mi&gt;&lt;/mrow&gt;&lt;/math&gt; at the very top.&lt;/p&gt;</mattext>
          </material>
          <response_lid ident="RESPONSE_q9" rcardinality="Single">
            <render_choice shuffle="Yes">
              <response_label ident="CHOICE_1">
                <material>
                  <mattext texttype="text/html">&lt;p&gt;N &amp;gt; W&lt;/p&gt;</mattext>
                </material>
              </response_label>
              <response_label ident="CHOICE_2">
                <material>
                  <mattext texttype="text/html">&lt;p&gt;N = W&lt;/p&gt;</mattext>
                </material>
              </response_label>
              <response_label ident="CHOICE_3">
                <material>
                  <mattext texttype="text/html">&lt;p&gt;N &amp;lt; W&lt;/p&gt;</mattext>
                </material>
              </response_label>
              <response_label ident="CHOICE_4">
                <material>
                  <mattext texttype="text/html">&lt;p&gt;There isn't enough information to decide&lt;/p&gt;</mattext>
                </material>
              </response_label>
            </render_choice>
          </response_lid>
        </presentation>
        <resprocessing>
          <outcomes>
            <decvar varname="SCORE" vartype="Decimal" minvalue="0" maxvalue="100"/>
          </outcomes>
          <respcondition continue="No">
            <conditionvar>
              <varequal respident="RESPONSE_q9">CHOICE_3</varequal>
            </conditionvar>
            <setvar action="Set" varname="SCORE">1</setvar>
          </respcondition>
        </resprocessing>
        <itemfeedback ident="general_fb">
          <flow_mat>
            <material>
              <mattext texttype="text/plain">&lt;p&gt;At the crest&amp;#x2C; centripetal acceleration is downward: &lt;math xmlns="http://www.w3.org/1998/Math/MathML" display="inline"&gt;&lt;mrow&gt;&lt;msub&gt;&lt;mi&gt;a&lt;/mi&gt;&lt;mi&gt;c&lt;/mi&gt;&lt;/msub&gt;&lt;mo&gt;&amp;#x0003D;&lt;/mo&gt;&lt;msup&gt;&lt;mi&gt;v&lt;/mi&gt;&lt;mn&gt;2&lt;/mn&gt;&lt;/msup&gt;&lt;mo&gt;&amp;#x0002F;&lt;/mo&gt;&lt;mi&gt;r&lt;/mi&gt;&lt;/mrow&gt;&lt;/math&gt;. Using &lt;math xmlns="http://www.w3.org/1998/Math/MathML" display="inline"&gt;&lt;mrow&gt;&lt;mi&gt;W&lt;/mi&gt;&lt;mo&gt;&amp;#x02212;&lt;/mo&gt;&lt;mi&gt;N&lt;/mi&gt;&lt;mo&gt;&amp;#x0003D;&lt;/mo&gt;&lt;mi&gt;m&lt;/mi&gt;&lt;msub&gt;&lt;mi&gt;a&lt;/mi&gt;&lt;mi&gt;c&lt;/mi&gt;&lt;/msub&gt;&lt;/mrow&gt;&lt;/math&gt; gives &lt;math xmlns="http://www.w3.org/1998/Math/MathML" display="inline"&gt;&lt;mrow&gt;&lt;mi&gt;N&lt;/mi&gt;&lt;mo&gt;&amp;#x0003D;&lt;/mo&gt;&lt;mi&gt;W&lt;/mi&gt;&lt;mo&gt;&amp;#x02212;&lt;/mo&gt;&lt;mi&gt;m&lt;/mi&gt;&lt;msub&gt;&lt;mi&gt;a&lt;/mi&gt;&lt;mi&gt;c&lt;/mi&gt;&lt;/msub&gt;&lt;/mrow&gt;&lt;/math&gt;&amp;#x2C; so &lt;math xmlns="http://www.w3.org/1998/Math/MathML" display="inline"&gt;&lt;mrow&gt;&lt;mi&gt;N&lt;/mi&gt;&lt;mo&gt;&amp;#x0003C;&lt;/mo&gt;&lt;mi&gt;W&lt;/mi&gt;&lt;/mrow&gt;&lt;/math&gt;.&lt;/p&gt;</mattext>
            </material>
          </flow_mat>
        </itemfeedback>
        <itemfeedback ident="correct_fb">
          <flow_mat>
            <material>
              <mattext texttype="text/plain">&lt;p&gt;Great - the road pushes less than your weight at the top of the hill.&lt;/p&gt;</mattext>
            </material>
          </flow_mat>
        </itemfeedback>
        <itemfeedback ident="general_incorrect_fb">
          <flow_mat>
            <material>
              <mattext texttype="text/plain">&lt;p&gt;The car accelerates downward at the crest&amp;#x2C; so the normal force must be smaller than the weight.&lt;/p&gt;</mattext>
            </material>
          </flow_mat>
        </itemfeedback>
      </item>
      <item ident="q10" title="Airplane in Turbulence">
        <itemmetadata>
          <qtimetadata>
            <qtimetadatafield>
              <fieldlabel>question_type</fieldlabel>
              <fieldentry>multiple_choice_question</fieldentry>
            </qtimetadatafield>
          </qtimetadata>
        </itemmetadata>
        <presentation>
          <material>
            <mattext texttype="text/plain">&lt;p&gt;A coffee cup sits on a tray table in an airplane. The plane suddenly accelerates &lt;strong&gt;upward&lt;/strong&gt; for a brief moment. How does the normal force &lt;math xmlns="http://www.w3.org/1998/Math/MathML" display="inline"&gt;&lt;mrow&gt;&lt;mi&gt;N&lt;/mi&gt;&lt;/mrow&gt;&lt;/math&gt; on the cup compare with its weight &lt;math xmlns="http://www.w3.org/1998/Math/MathML" display="inline"&gt;&lt;mrow&gt;&lt;mi&gt;W&lt;/mi&gt;&lt;/mrow&gt;&lt;/math&gt; during that instant?&lt;/p&gt;</mattext>
          </material>
          <response_lid ident="RESPONSE_q10" rcardinality="Single">
            <render_choice shuffle="Yes">
              <response_label ident="CHOICE_1">
                <material>
                  <mattext texttype="text/html">&lt;p&gt;N &amp;gt; W&lt;/p&gt;</mattext>
                </material>
              </response_label>
              <response_label ident="CHOICE_2">
                <material>
                  <mattext texttype="text/html">&lt;p&gt;N = W&lt;/p&gt;</mattext>
                </material>
              </response_label>
              <response_label ident="CHOICE_3">
                <material>
                  <mattext texttype="text/html">&lt;p&gt;N &amp;lt; W&lt;/p&gt;</mattext>
                </material>
              </response_label>
              <response_label ident="CHOICE_4">
                <material>
                  <mattext texttype="text/html">&lt;p&gt;There isn't enough information to decide&lt;/p&gt;</mattext>
                </material>
              </response_label>
            </render_choice>
          </response_lid>
        </presentation>
        <resprocessing>
          <outcomes>
            <decvar varname="SCORE" vartype="Decimal" minvalue="0" maxvalue="100"/>
          </outcomes>
          <respcondition continue="No">
            <conditionvar>
              <varequal respident="RESPONSE_q10">CHOICE_1</varequal>
            </conditionvar>
            <setvar action="Set" varname="SCORE">1</setvar>
          </respcondition>
        </resprocessing>
        <itemfeedback ident="general_fb">
          <flow_mat>
            <material>
              <mattext texttype="text/plain">&lt;p&gt;Take upward as positive. With &lt;math xmlns="http://www.w3.org/1998/Math/MathML" display="inline"&gt;&lt;mrow&gt;&lt;msub&gt;&lt;mi&gt;a&lt;/mi&gt;&lt;mi&gt;y&lt;/mi&gt;&lt;/msub&gt;&lt;mo&gt;&amp;#x0003E;&lt;/mo&gt;&lt;mn&gt;0&lt;/mn&gt;&lt;/mrow&gt;&lt;/math&gt;&amp;#x2C; &lt;math xmlns="http://www.w3.org/1998/Math/MathML" display="inline"&gt;&lt;mrow&gt;&lt;mo&gt;&amp;#x02211;&lt;/mo&gt;&lt;msub&gt;&lt;mi&gt;F&lt;/mi&gt;&lt;mi&gt;y&lt;/mi&gt;&lt;/msub&gt;&lt;mo&gt;&amp;#x0003D;&lt;/mo&gt;&lt;mi&gt;N&lt;/mi&gt;&lt;mo&gt;&amp;#x02212;&lt;/mo&gt;&lt;mi&gt;W&lt;/mi&gt;&lt;mo&gt;&amp;#x0003D;&lt;/mo&gt;&lt;mi&gt;m&lt;/mi&gt;&lt;msub&gt;&lt;mi&gt;a&lt;/mi&gt;&lt;mi&gt;y&lt;/mi&gt;&lt;/msub&gt;&lt;/mrow&gt;&lt;/math&gt; implies &lt;math xmlns="http://www.w3.org/1998/Math/MathML" display="inline"&gt;&lt;mrow&gt;&lt;mi&gt;N&lt;/mi&gt;&lt;mo&gt;&amp;#x0003D;&lt;/mo&gt;&lt;mi&gt;W&lt;/mi&gt;&lt;mo&gt;&amp;#x0002B;&lt;/mo&gt;&lt;mi&gt;m&lt;/mi&gt;&lt;msub&gt;&lt;mi&gt;a&lt;/mi&gt;&lt;mi&gt;y&lt;/mi&gt;&lt;/msub&gt;&lt;/mrow&gt;&lt;/math&gt;&amp;#x2C; so &lt;math xmlns="http://www.w3.org/1998/Math/MathML" display="inline"&gt;&lt;mrow&gt;&lt;mi&gt;N&lt;/mi&gt;&lt;mo&gt;&amp;#x0003E;&lt;/mo&gt;&lt;mi&gt;W&lt;/mi&gt;&lt;/mrow&gt;&lt;/math&gt;.&lt;/p&gt;</mattext>
            </material>
          </flow_mat>
        </itemfeedback>
        <itemfeedback ident="correct_fb">
          <flow_mat>
            <material>
              <mattext texttype="text/plain">&lt;p&gt;Right - upward acceleration increases the apparent weight.&lt;/p&gt;</mattext>
            </material>
          </flow_mat>
        </itemfeedback>
        <itemfeedback ident="general_incorrect_fb">
          <flow_mat>
            <material>
              <mattext texttype="text/plain">&lt;p&gt;Since the plane accelerates upward&amp;#x2C; the tray must push harder&amp;#x2C; so &lt;math xmlns="http://www.w3.org/1998/Math/MathML" display="inline"&gt;&lt;mrow&gt;&lt;mi&gt;N&lt;/mi&gt;&lt;mo&gt;&amp;#x0003E;&lt;/mo&gt;&lt;mi&gt;W&lt;/mi&gt;&lt;/mrow&gt;&lt;/math&gt;.&lt;/p&gt;</mattext>
            </material>
          </flow_mat>
        </itemfeedback>
      </item>
      <item ident="q11" title="Subway Train Braking to a Stop">
        <itemmetadata>
          <qtimetadata>
            <qtimetadatafield>
              <fieldlabel>question_type</fieldlabel>
              <fieldentry>multiple_choice_question</fieldentry>
            </qtimetadatafield>
          </qtimetadata>
        </itemmetadata>
        <presentation>
          <material>
            <mattext texttype="text/plain">&lt;p&gt;A commuter stands on a subway train that is moving forward but &lt;strong&gt;slowing down&lt;/strong&gt; as it approaches a station. The horizontal force of the floor on the commuter's shoes is &lt;math xmlns="http://www.w3.org/1998/Math/MathML" display="inline"&gt;&lt;mrow&gt;&lt;msub&gt;&lt;mi&gt;F&lt;/mi&gt;&lt;mrow&gt;&lt;mtext&gt;floor&lt;/mtext&gt;&lt;/mrow&gt;&lt;/msub&gt;&lt;/mrow&gt;&lt;/math&gt;. What is the direction of this force on the commuter?&lt;/p&gt;</mattext>
          </material>
          <response_lid ident="RESPONSE_q11" rcardinality="Single">
            <render_choice shuffle="Yes">
              <response_label ident="CHOICE_1">
                <material>
                  <mattext texttype="text/html">&lt;p&gt;Forward (same direction as motion)&lt;/p&gt;</mattext>
                </material>
              </response_label>
              <response_label ident="CHOICE_2">
                <material>
                  <mattext texttype="text/html">&lt;p&gt;Backward (opposite the direction of motion)&lt;/p&gt;</mattext>
                </material>
              </response_label>
              <response_label ident="CHOICE_3">
                <material>
                  <mattext texttype="text/html">&lt;p&gt;Upward&lt;/p&gt;</mattext>
                </material>
              </response_label>
              <response_label ident="CHOICE_4">
                <material>
                  <mattext texttype="text/html">&lt;p&gt;Downward&lt;/p&gt;</mattext>
                </material>
              </response_label>
            </render_choice>
          </response_lid>
        </presentation>
        <resprocessing>
          <outcomes>
            <decvar varname="SCORE" vartype="Decimal" minvalue="0" maxvalue="100"/>
          </outcomes>
          <respcondition continue="No">
            <conditionvar>
              <varequal respident="RESPONSE_q11">CHOICE_2</varequal>
            </conditionvar>
            <setvar action="Set" varname="SCORE">1</setvar>
          </respcondition>
        </resprocessing>
        <itemfeedback ident="general_fb">
          <flow_mat>
            <material>
              <mattext texttype="text/plain">&lt;p&gt;The train's acceleration is backward. The frictional force from the floor on the commuter points backward to provide that deceleration.&lt;/p&gt;</mattext>
            </material>
          </flow_mat>
        </itemfeedback>
        <itemfeedback ident="correct_fb">
          <flow_mat>
            <material>
              <mattext texttype="text/plain">&lt;p&gt;Yes - the backward frictional force provides the deceleration.&lt;/p&gt;</mattext>
            </material>
          </flow_mat>
        </itemfeedback>
        <itemfeedback ident="general_incorrect_fb">
          <flow_mat>
            <material>
              <mattext texttype="text/plain">&lt;p&gt;The floor must push backward to slow the commuter's forward motion.&lt;/p&gt;</mattext>
            </material>
          </flow_mat>
        </itemfeedback>
      </item>
      <item ident="q12" title="Ice Skater Pushed Horizontally">
        <itemmetadata>
          <qtimetadata>
            <qtimetadatafield>
              <fieldlabel>question_type</fieldlabel>
              <fieldentry>multiple_choice_question</fieldentry>
            </qtimetadatafield>
          </qtimetadata>
        </itemmetadata>
        <presentation>
          <material>
            <mattext texttype="text/plain">&lt;p&gt;A skater on frictionless ice is pushed horizontally by a constant force &lt;math xmlns="http://www.w3.org/1998/Math/MathML" display="inline"&gt;&lt;mrow&gt;&lt;msub&gt;&lt;mi&gt;F&lt;/mi&gt;&lt;mrow&gt;&lt;mtext&gt;push&lt;/mtext&gt;&lt;/mrow&gt;&lt;/msub&gt;&lt;/mrow&gt;&lt;/math&gt;. Air resistance is negligible. After the push &lt;strong&gt;ends&lt;/strong&gt;&amp;#x2C; what is her acceleration?&lt;/p&gt;</mattext>
          </material>
          <response_lid ident="RESPONSE_q12" rcardinality="Single">
            <render_choice shuffle="Yes">
              <response_label ident="CHOICE_1">
                <material>
                  <mattext texttype="text/html">&lt;p&gt;Acceleration continues at the same rate&lt;/p&gt;</mattext>
                </material>
              </response_label>
              <response_label ident="CHOICE_2">
                <material>
                  <mattext texttype="text/html">&lt;p&gt;Acceleration becomes zero&lt;/p&gt;</mattext>
                </material>
              </response_label>
              <response_label ident="CHOICE_3">
                <material>
                  <mattext texttype="text/html">&lt;p&gt;Acceleration reverses direction&lt;/p&gt;</mattext>
                </material>
              </response_label>
              <response_label ident="CHOICE_4">
                <material>
                  <mattext texttype="text/html">&lt;p&gt;Acceleration increases&lt;/p&gt;</mattext>
                </material>
              </response_label>
            </render_choice>
          </response_lid>
        </presentation>
        <resprocessing>
          <outcomes>
            <decvar varname="SCORE" vartype="Decimal" minvalue="0" maxvalue="100"/>
          </outcomes>
          <respcondition continue="No">
            <conditionvar>
              <varequal respident="RESPONSE_q12">CHOICE_2</varequal>
            </conditionvar>
            <setvar action="Set" varname="SCORE">1</setvar>
          </respcondition>
        </resprocessing>
        <itemfeedback ident="general_fb">
          <flow_mat>
            <material>
              <mattext texttype="text/plain">&lt;p&gt;When the push ends&amp;#x2C; &lt;math xmlns="http://www.w3.org/1998/Math/MathML" display="inline"&gt;&lt;mrow&gt;&lt;msub&gt;&lt;mi&gt;F&lt;/mi&gt;&lt;mrow&gt;&lt;mtext&gt;net&lt;/mtext&gt;&lt;/mrow&gt;&lt;/msub&gt;&lt;mo&gt;&amp;#x0003D;&lt;/mo&gt;&lt;mn&gt;0&lt;/mn&gt;&lt;/mrow&gt;&lt;/math&gt; (no friction&amp;#x2C; negligible drag)&amp;#x2C; so &lt;math xmlns="http://www.w3.org/1998/Math/MathML" display="inline"&gt;&lt;mrow&gt;&lt;mi&gt;a&lt;/mi&gt;&lt;mo&gt;&amp;#x0003D;&lt;/mo&gt;&lt;mn&gt;0&lt;/mn&gt;&lt;/mrow&gt;&lt;/math&gt;. She continues at constant velocity.&lt;/p&gt;</mattext>
            </material>
          </flow_mat>
        </itemfeedback>
        <itemfeedback ident="correct_fb">
          <flow_mat>
            <material>
              <mattext texttype="text/plain">&lt;p&gt;Correct - with no net force&amp;#x2C; the acceleration drops to zero.&lt;/p&gt;</mattext>
            </material>
          </flow_mat>
        </itemfeedback>
        <itemfeedback ident="general_incorrect_fb">
          <flow_mat>
            <material>
              <mattext texttype="text/plain">&lt;p&gt;When the push stops&amp;#x2C; the force vanishes&amp;#x2C; so no acceleration remains.&lt;/p&gt;</mattext>
            </material>
          </flow_mat>
        </itemfeedback>
      </item>
      <item ident="q13" title="Tug-of-War at Steady Pull">
        <itemmetadata>
          <qtimetadata>
            <qtimetadatafield>
              <fieldlabel>question_type</fieldlabel>
              <fieldentry>multiple_choice_question</fieldentry>
            </qtimetadatafield>
          </qtimetadata>
        </itemmetadata>
        <presentation>
          <material>
            <mattext texttype="text/plain">&lt;p&gt;Two teams in a tug-of-war pull so the rope's center &lt;strong&gt;does not accelerate&lt;/strong&gt;. If the rope's tension is &lt;math xmlns="http://www.w3.org/1998/Math/MathML" display="inline"&gt;&lt;mrow&gt;&lt;mi&gt;T&lt;/mi&gt;&lt;/mrow&gt;&lt;/math&gt;&amp;#x2C; what can you say about the forces each team exerts?&lt;/p&gt;</mattext>
          </material>
          <response_lid ident="RESPONSE_q13" rcardinality="Single">
            <render_choice shuffle="Yes">
              <response_label ident="CHOICE_1">
                <material>
                  <mattext texttype="text/html">&lt;p&gt;Each team exerts an equal and opposite force of magnitude T&lt;/p&gt;</mattext>
                </material>
              </response_label>
              <response_label ident="CHOICE_2">
                <material>
                  <mattext texttype="text/html">&lt;p&gt;The team that wins exerts a greater force&lt;/p&gt;</mattext>
                </material>
              </response_label>
              <response_label ident="CHOICE_3">
                <material>
                  <mattext texttype="text/html">&lt;p&gt;The rope's tension must be zero&lt;/p&gt;</mattext>
                </material>
              </response_label>
              <response_label ident="CHOICE_4">
                <material>
                  <mattext texttype="text/html">&lt;p&gt;Only the heavier team feels a force&lt;/p&gt;</mattext>
                </material>
              </response_label>
            </render_choice>
          </response_lid>
        </presentation>
        <resprocessing>
          <outcomes>
            <decvar varname="SCORE" vartype="Decimal" minvalue="0" maxvalue="100"/>
          </outcomes>
          <respcondition continue="No">
            <conditionvar>
              <varequal respident="RESPONSE_q13">CHOICE_1</varequal>
            </conditionvar>
            <setvar action="Set" varname="SCORE">1</setvar>
          </respcondition>
        </resprocessing>
        <itemfeedback ident="general_fb">
          <flow_mat>
            <material>
              <mattext texttype="text/plain">&lt;p&gt;No acceleration implies zero net force. By Newton's 3rd Law&amp;#x2C; each side pulls with equal magnitude and opposite direction&amp;#x2C; &lt;math xmlns="http://www.w3.org/1998/Math/MathML" display="inline"&gt;&lt;mrow&gt;&lt;msub&gt;&lt;mi&gt;F&lt;/mi&gt;&lt;mn&gt;1&lt;/mn&gt;&lt;/msub&gt;&lt;mo&gt;&amp;#x0003D;&lt;/mo&gt;&lt;msub&gt;&lt;mi&gt;F&lt;/mi&gt;&lt;mn&gt;2&lt;/mn&gt;&lt;/msub&gt;&lt;mo&gt;&amp;#x0003D;&lt;/mo&gt;&lt;mi&gt;T&lt;/mi&gt;&lt;/mrow&gt;&lt;/math&gt;.&lt;/p&gt;</mattext>
            </material>
          </flow_mat>
        </itemfeedback>
        <itemfeedback ident="correct_fb">
          <flow_mat>
            <material>
              <mattext texttype="text/plain">&lt;p&gt;Excellent - the balanced pulls produce no acceleration.&lt;/p&gt;</mattext>
            </material>
          </flow_mat>
        </itemfeedback>
        <itemfeedback ident="general_incorrect_fb">
          <flow_mat>
            <material>
              <mattext texttype="text/plain">&lt;p&gt;Equal and opposite pulls keep the rope in equilibrium.&lt;/p&gt;</mattext>
            </material>
          </flow_mat>
        </itemfeedback>
      </item>
      <item ident="q14" title="Satellite Orbiting Earth">
        <itemmetadata>
          <qtimetadata>
            <qtimetadatafield>
              <fieldlabel>question_type</fieldlabel>
              <fieldentry>multiple_choice_question</fieldentry>
            </qtimetadatafield>
          </qtimetadata>
        </itemmetadata>
        <presentation>
          <material>
            <mattext texttype="text/plain">&lt;p&gt;A satellite moves in a circular orbit around Earth at constant speed. Which statement about the forces is correct?&lt;/p&gt;</mattext>
          </material>
          <response_lid ident="RESPONSE_q14" rcardinality="Single">
            <render_choice shuffle="Yes">
              <response_label ident="CHOICE_1">
                <material>
                  <mattext texttype="text/html">&lt;p&gt;The gravitational force equals the centripetal force in magnitude&lt;/p&gt;</mattext>
                </material>
              </response_label>
              <response_label ident="CHOICE_2">
                <material>
                  <mattext texttype="text/html">&lt;p&gt;There is no net force because the speed is constant&lt;/p&gt;</mattext>
                </material>
              </response_label>
              <response_label ident="CHOICE_3">
                <material>
                  <mattext texttype="text/html">&lt;p&gt;A forward thrust keeps the satellite moving&lt;/p&gt;</mattext>
                </material>
              </response_label>
              <response_label ident="CHOICE_4">
                <material>
                  <mattext texttype="text/html">&lt;p&gt;The gravitational force acts outward&lt;/p&gt;</mattext>
                </material>
              </response_label>
            </render_choice>
          </response_lid>
        </presentation>
        <resprocessing>
          <outcomes>
            <decvar varname="SCORE" vartype="Decimal" minvalue="0" maxvalue="100"/>
          </outcomes>
          <respcondition continue="No">
            <conditionvar>
              <varequal respident="RESPONSE_q14">CHOICE_1</varequal>
            </conditionvar>
            <setvar action="Set" varname="SCORE">1</setvar>
          </respcondition>
        </resprocessing>
        <itemfeedback ident="general_fb">
          <flow_mat>
            <material>
              <mattext texttype="text/plain">&lt;p&gt;The velocity continually changes direction&amp;#x2C; so there is inward (centripetal) acceleration. Gravity provides exactly this: &lt;math xmlns="http://www.w3.org/1998/Math/MathML" display="inline"&gt;&lt;mrow&gt;&lt;msub&gt;&lt;mi&gt;F&lt;/mi&gt;&lt;mi&gt;g&lt;/mi&gt;&lt;/msub&gt;&lt;mo&gt;&amp;#x0003D;&lt;/mo&gt;&lt;mi&gt;m&lt;/mi&gt;&lt;msup&gt;&lt;mi&gt;v&lt;/mi&gt;&lt;mn&gt;2&lt;/mn&gt;&lt;/msup&gt;&lt;mo&gt;&amp;#x0002F;&lt;/mo&gt;&lt;mi&gt;r&lt;/mi&gt;&lt;/mrow&gt;&lt;/math&gt;.&lt;/p&gt;</mattext>
            </material>
          </flow_mat>
        </itemfeedback>
        <itemfeedback ident="correct_fb">
          <flow_mat>
            <material>
              <mattext texttype="text/plain">&lt;p&gt;Yes - gravity is the centripetal force that keeps it in orbit.&lt;/p&gt;</mattext>
            </material>
          </flow_mat>
        </itemfeedback>
        <itemfeedback ident="general_incorrect_fb">
          <flow_mat>
            <material>
              <mattext texttype="text/plain">&lt;p&gt;The satellite is constantly accelerating inward&amp;#x2C; so a net inward force must exist.&lt;/p&gt;</mattext>
            </material>
          </flow_mat>
        </itemfeedback>
      </item>
      <item ident="q15" title="Elevator Cable Failure (Free Fall)">
        <itemmetadata>
          <qtimetadata>
            <qtimetadatafield>
              <fieldlabel>question_type</fieldlabel>
              <fieldentry>multiple_choice_question</fieldentry>
            </qtimetadatafield>
          </qtimetadata>
        </itemmetadata>
        <presentation>
          <material>
            <mattext texttype="text/plain">&lt;p&gt;An elevator-s cable snaps and the elevator falls freely. What does a scale on the floor read during the free fall?&lt;/p&gt;</mattext>
          </material>
          <response_lid ident="RESPONSE_q15" rcardinality="Single">
            <render_choice shuffle="Yes">
              <response_label ident="CHOICE_1">
                <material>
                  <mattext texttype="text/html">&lt;p&gt;It reads the person's true weight&lt;/p&gt;</mattext>
                </material>
              </response_label>
              <response_label ident="CHOICE_2">
                <material>
                  <mattext texttype="text/html">&lt;p&gt;It reads zero&lt;/p&gt;</mattext>
                </material>
              </response_label>
              <response_label ident="CHOICE_3">
                <material>
                  <mattext texttype="text/html">&lt;p&gt;It reads more than the true weight&lt;/p&gt;</mattext>
                </material>
              </response_label>
              <response_label ident="CHOICE_4">
                <material>
                  <mattext texttype="text/html">&lt;p&gt;It fluctuates unpredictably&lt;/p&gt;</mattext>
                </material>
              </response_label>
            </render_choice>
          </response_lid>
        </presentation>
        <resprocessing>
          <outcomes>
            <decvar varname="SCORE" vartype="Decimal" minvalue="0" maxvalue="100"/>
          </outcomes>
          <respcondition continue="No">
            <conditionvar>
              <varequal respident="RESPONSE_q15">CHOICE_2</varequal>
            </conditionvar>
            <setvar action="Set" varname="SCORE">1</setvar>
          </respcondition>
        </resprocessing>
        <itemfeedback ident="general_fb">
          <flow_mat>
            <material>
              <mattext texttype="text/plain">&lt;p&gt;In free fall&amp;#x2C; elevator and person both accelerate downward at &lt;math xmlns="http://www.w3.org/1998/Math/MathML" display="inline"&gt;&lt;mrow&gt;&lt;mi&gt;g&lt;/mi&gt;&lt;/mrow&gt;&lt;/math&gt;&amp;#x2C; so the normal force is &lt;math xmlns="http://www.w3.org/1998/Math/MathML" display="inline"&gt;&lt;mrow&gt;&lt;mi&gt;N&lt;/mi&gt;&lt;mo&gt;&amp;#x0003D;&lt;/mo&gt;&lt;mn&gt;0&lt;/mn&gt;&lt;/mrow&gt;&lt;/math&gt;. Scales read &lt;math xmlns="http://www.w3.org/1998/Math/MathML" display="inline"&gt;&lt;mrow&gt;&lt;mi&gt;N&lt;/mi&gt;&lt;/mrow&gt;&lt;/math&gt;&amp;#x2C; hence zero.&lt;/p&gt;</mattext>
            </material>
          </flow_mat>
        </itemfeedback>
        <itemfeedback ident="correct_fb">
          <flow_mat>
            <material>
              <mattext texttype="text/plain">&lt;p&gt;Correct - free fall means no normal force&amp;#x2C; so the scale reads zero.&lt;/p&gt;</mattext>
            </material>
          </flow_mat>
        </itemfeedback>
        <itemfeedback ident="general_incorrect_fb">
          <flow_mat>
            <material>
              <mattext texttype="text/plain">&lt;p&gt;In free fall&amp;#x2C; you and the elevator fall together&amp;#x2C; removing the contact force.&lt;/p&gt;</mattext>
            </material>
          </flow_mat>
        </itemfeedback>
      </item>
    </section>
  </assessment>
</questestinterop>
