<?xml version="1.0" ?>
<manifest xmlns="http://www.imsglobal.org/xsd/imscp_v1p1" xmlns:lom="http://ltsc.ieee.org/xsd/imsccv1p1/LOM/resource" xmlns:imsmd="http://www.imsglobal.org/xsd/imsmd_v1p2" xmlns:xsi="http://www.w3.org/2001/XMLSchema-instance" identifier="MANIFEST01" xsi:schemaLocation="http://www.imsglobal.org/xsd/imscp_v1p1 http://www.imsglobal.org/xsd/imscp_v1p1.xsd">
  <organizations>
    <organization identifier="ORG01"/>
  </organizations>
  <metadata>
    <schema>IMS Content</schema>
    <schemaversion>1.1.3</schemaversion>
    <imsmd:lom>
      <imsmd:general>
        <imsmd:title>
          <imsmd:string>Testing AI-Generated QTI Import</imsmd:string>
        </imsmd:title>
      </imsmd:general>
      <imsmd:lifeCycle>
        <imsmd:contribute>
          <imsmd:date>
            <imsmd:dateTime>2025-11-07</imsmd:dateTime>
          </imsmd:date>
        </imsmd:contribute>
      </imsmd:lifeCycle>
      <imsmd:rights>
        <imsmd:copyrightAndOtherRestrictions>
          <imsmd:value>yes</imsmd:value>
        </imsmd:copyrightAndOtherRestrictions>
        <imsmd:description>
          <imsmd:string>Private (Copyrighted) - http://en.wikipedia.org/wiki/Copyright</imsmd:string>
        </imsmd:description>
      </imsmd:rights>
    </imsmd:lom>
  </metadata>
  <resources>
    <resource identifier="qti" type="imsqti_xmlv1p2" href="qti/qti.xml">
      <file href="qti/qti.xml"/>
    </resource>
    <resource identifier="pivot_middle_mass_far_disk" type="webcontent" href="media/pivot_middle_mass_far_disk.png">
      <file href="media/pivot_middle_mass_far_disk.png"/>
    </resource>
    <resource identifier="pivot_middle_mass_far_ring" type="webcontent" href="media/pivot_middle_mass_far_ring.png">
      <file href="media/pivot_middle_mass_far_ring.png"/>
    </resource>
    <resource identifier="pivot_middle_mass_far_square" type="webcontent" href="media/pivot_middle_mass_far_square.png">
      <file href="media/pivot_middle_mass_far_square.png"/>
    </resource>
    <resource identifier="pivot_middle_mass_inside_disk" type="webcontent" href="media/pivot_middle_mass_inside_disk.png">
      <file href="media/pivot_middle_mass_inside_disk.png"/>
    </resource>
    <resource identifier="pivot_middle_mass_inside_square" type="webcontent" href="media/pivot_middle_mass_inside_square.png">
      <file href="media/pivot_middle_mass_inside_square.png"/>
    </resource>
    <resource identifier="pivot_middle_mass_right_disk" type="webcontent" href="media/pivot_middle_mass_right_disk.png">
      <file href="media/pivot_middle_mass_right_disk.png"/>
    </resource>
    <resource identifier="pivot_middle_mass_right_ring" type="webcontent" href="media/pivot_middle_mass_right_ring.png">
      <file href="media/pivot_middle_mass_right_ring.png"/>
    </resource>
    <resource identifier="pivot_middle_mass_right_square" type="webcontent" href="media/pivot_middle_mass_right_square.png">
      <file href="media/pivot_middle_mass_right_square.png"/>
    </resource>
    <resource identifier="pivot_right_mass_center_disk" type="webcontent" href="media/pivot_right_mass_center_disk.png">
      <file href="media/pivot_right_mass_center_disk.png"/>
    </resource>
    <resource identifier="pivot_right_mass_center_ring" type="webcontent" href="media/pivot_right_mass_center_ring.png">
      <file href="media/pivot_right_mass_center_ring.png"/>
    </resource>
    <resource identifier="pivot_right_mass_far_disk" type="webcontent" href="media/pivot_right_mass_far_disk.png">
      <file href="media/pivot_right_mass_far_disk.png"/>
    </resource>
    <resource identifier="pivot_right_mass_far_ring" type="webcontent" href="media/pivot_right_mass_far_ring.png">
      <file href="media/pivot_right_mass_far_ring.png"/>
    </resource>
    <resource identifier="pivot_right_mass_far_square" type="webcontent" href="media/pivot_right_mass_far_square.png">
      <file href="media/pivot_right_mass_far_square.png"/>
    </resource>
    <resource identifier="pivot_right_mass_left_disk" type="webcontent" href="media/pivot_right_mass_left_disk.png">
      <file href="media/pivot_right_mass_left_disk.png"/>
    </resource>
    <resource identifier="pivot_right_mass_left_ring" type="webcontent" href="media/pivot_right_mass_left_ring.png">
      <file href="media/pivot_right_mass_left_ring.png"/>
    </resource>
    <resource identifier="pivot_right_mass_left_square" type="webcontent" href="media/pivot_right_mass_left_square.png">
      <file href="media/pivot_right_mass_left_square.png"/>
    </resource>
    <resource identifier="pivot_right_mass_middle_square" type="webcontent" href="media/pivot_right_mass_middle_square.png">
      <file href="media/pivot_right_mass_middle_square.png"/>
    </resource>
    <resource identifier="pivot_left_mass_far_disk" type="webcontent" href="media/pivot_left_mass_far_disk.png">
      <file href="media/pivot_left_mass_far_disk.png"/>
    </resource>
    <resource identifier="pivot_left_mass_far_ring" type="webcontent" href="media/pivot_left_mass_far_ring.png">
      <file href="media/pivot_left_mass_far_ring.png"/>
    </resource>
    <resource identifier="pivot_left_mass_far_square" type="webcontent" href="media/pivot_left_mass_far_square.png">
      <file href="media/pivot_left_mass_far_square.png"/>
    </resource>
    <resource identifier="pivot_left_mass_middle_disk" type="webcontent" href="media/pivot_left_mass_middle_disk.png">
      <file href="media/pivot_left_mass_middle_disk.png"/>
    </resource>
    <resource identifier="pivot_left_mass_middle_ring" type="webcontent" href="media/pivot_left_mass_middle_ring.png">
      <file href="media/pivot_left_mass_middle_ring.png"/>
    </resource>
    <resource identifier="pivot_left_mass_middle_square" type="webcontent" href="media/pivot_left_mass_middle_square.png">
      <file href="media/pivot_left_mass_middle_square.png"/>
    </resource>
    <resource identifier="pivot_left_mass_right_disk" type="webcontent" href="media/pivot_left_mass_right_disk.png">
      <file href="media/pivot_left_mass_right_disk.png"/>
    </resource>
    <resource identifier="pivot_left_mass_right_ring" type="webcontent" href="media/pivot_left_mass_right_ring.png">
      <file href="media/pivot_left_mass_right_ring.png"/>
    </resource>
    <resource identifier="pivot_left_mass_right_square" type="webcontent" href="media/pivot_left_mass_right_square.png">
      <file href="media/pivot_left_mass_right_square.png"/>
    </resource>
  </resources>
</manifest>
